Date,Open,High,Low,Close,Volume,Currency
2016-01-03,64.11,64.34,63.71,63.71,1944,USD
2016-01-04,63.55,63.7,63.43,63.54,11574,USD
2016-01-05,60.27,60.27,60.0,60.01,5469,USD
2016-01-06,58.41,58.42,58.1,58.15,2609,USD
2016-01-07,60.13,60.61,59.92,60.49,1871,USD
2016-01-10,60.44,60.44,60.0,60.01,8224,USD
2016-01-11,58.55,58.63,58.16,58.16,1525,USD
2016-01-12,59.13,59.13,58.89,58.92,4295,USD
2016-01-13,56.82,57.28,56.5,57.28,15457,USD
2016-01-14,57.38,57.73,57.27,57.66,4498,USD
2016-01-18,61.25,61.36,60.9,60.92,3499,USD
2016-01-19,60.52,61.05,59.71,60.29,3013,USD
2016-01-20,60.97,61.71,60.68,60.84,5026,USD
2016-01-21,64.47,64.48,64.09,64.17,4294,USD
2016-01-24,64.1,64.17,63.26,63.26,2560,USD
2016-01-25,65.64,65.72,65.27,65.63,2271,USD
2016-01-26,65.13,65.13,64.22,64.88,3061,USD
2016-01-27,63.12,63.71,63.12,63.32,1897,USD
2016-01-28,63.21,63.35,62.93,63.25,3383,USD
2016-01-31,65.1,65.79,65.05,65.44,3903,USD
2016-02-01,65.89,65.89,65.43,65.43,971,USD
2016-02-02,63.95,64.5,63.95,64.5,1112,USD
2016-02-03,64.49,64.49,63.6,63.7,4040,USD
2016-02-04,63.38,64.28,63.34,64.28,2836,USD
2016-02-07,62.31,64.1,62.31,63.75,44117,USD
2016-02-08,61.24,64.1,61.24,63.15,3678,USD
2016-02-09,63.21,63.8,63.01,63.42,2913,USD
2016-02-10,63.04,63.94,63.04,63.94,12502,USD
2016-02-11,64.33,64.87,64.33,64.82,76191,USD
2016-02-15,65.64,65.93,65.06,65.89,71524,USD
2016-02-16,65.05,65.23,65.0,65.22,62416,USD
2016-02-17,64.55,65.45,64.49,64.65,62447,USD
2016-02-18,67.58,68.25,67.29,67.55,2492,USD
2016-02-21,67.36,68.04,67.36,68.03,10139,USD
2016-02-22,67.8,68.91,67.8,68.35,9103,USD
2016-02-23,67.84,68.21,67.29,67.33,2723,USD
2016-02-24,67.03,67.26,66.78,67.26,1107,USD
2016-02-25,68.4,69.13,68.38,68.38,1868,USD
2016-02-28,69.86,70.18,69.52,69.52,2365,USD
2016-02-29,69.44,70.4,69.44,70.4,3083,USD
2016-03-01,71.99,72.25,71.98,72.18,63338,USD
2016-03-02,69.87,70.19,69.69,69.69,2209,USD
2016-03-03,70.34,70.54,70.13,70.54,4829,USD
2016-03-06,69.55,70.08,69.48,70.08,1575,USD
2016-03-07,68.34,68.34,67.74,67.74,1606,USD
2016-03-08,68.99,69.14,68.87,68.87,2188,USD
2016-03-09,67.7,67.71,66.59,66.59,1288,USD
2016-03-10,68.63,68.99,68.04,68.52,1572,USD
2016-03-13,68.52,68.52,68.27,68.27,2442,USD
2016-03-14,68.09,68.74,68.02,68.02,3064,USD
2016-03-15,68.6,68.72,68.3,68.72,1316,USD
2016-03-16,68.88,69.25,68.88,69.25,3346,USD
2016-03-17,69.82,69.82,69.39,69.46,3563,USD
2016-03-20,71.26,71.26,71.26,71.26,793,USD
2016-03-21,70.43,71.62,70.3,70.3,1334,USD
2016-03-22,70.05,70.5,70.05,70.5,1045,USD
2016-03-23,72.97,73.35,72.97,73.35,3903,USD
2016-03-27,73.35,73.5,73.0,73.5,2628,USD
2016-03-28,73.98,74.65,73.97,74.04,5033,USD
2016-03-29,75.54,76.51,75.48,76.07,1871,USD
2016-03-30,76.08,76.6,75.56,75.56,16870,USD
2016-03-31,75.27,75.75,75.27,75.5,3295,USD
2016-04-03,75.42,75.98,74.87,74.87,2733,USD
2016-04-05,74.18,75.27,74.18,75.27,2776,USD
2016-04-06,75.6,75.6,75.29,75.5,1596,USD
2016-04-07,74.91,75.0,74.91,75.0,1214,USD
2016-04-10,74.17,74.57,74.09,74.55,10273,USD
2016-04-11,75.0,75.47,74.51,74.53,1443,USD
2016-04-12,75.62,76.84,75.62,76.35,2898,USD
2016-04-13,75.42,75.42,74.25,74.25,1308,USD
2016-04-14,74.94,75.49,74.94,74.97,1502,USD
2016-04-17,75.25,75.25,75.25,75.25,1293,USD
2016-04-18,72.55,73.16,72.55,72.55,1088,USD
2016-04-19,71.0,71.84,71.0,71.84,808,USD
2016-04-20,70.63,70.91,70.42,70.42,2071,USD
2016-04-21,71.96,71.96,70.98,71.5,3702,USD
2016-04-24,70.72,71.17,70.53,70.62,3870,USD
2016-04-25,70.36,70.82,70.36,70.77,1173,USD
2016-04-26,69.34,69.98,69.34,69.34,1195,USD
2016-04-27,70.1,70.75,70.1,70.5,2192,USD
2016-04-28,68.81,68.82,68.81,68.82,991,USD
2016-05-01,69.82,69.93,69.36,69.36,1530,USD
2016-05-02,69.32,70.0,69.32,69.33,1816,USD
2016-05-03,68.95,69.08,68.84,68.84,1878,USD
2016-05-04,67.29,67.42,67.16,67.16,1688,USD
2016-05-05,67.44,67.44,67.44,67.44,864,USD
2016-05-08,69.88,69.97,69.7,69.97,1361,USD
2016-05-09,70.32,70.54,70.17,70.54,977,USD
2016-05-10,71.55,72.56,71.55,72.56,1755,USD
2016-05-11,73.38,74.17,73.38,73.7,1353,USD
2016-05-12,75.08,75.08,75.0,75.06,1494,USD
2016-05-15,77.5,77.79,77.2,77.76,9550,USD
2016-05-16,77.15,77.65,77.15,77.61,14789,USD
2016-05-17,76.73,77.12,76.73,76.8,1907,USD
2016-05-18,77.34,77.36,76.97,76.97,1386,USD
2016-05-19,76.78,76.78,76.78,76.78,1329,USD
2016-05-22,77.17,77.54,77.12,77.12,2225,USD
2016-05-23,77.5,78.05,77.5,78.03,2675,USD
2016-05-24,77.47,78.09,77.47,78.09,2363,USD
2016-05-25,75.48,76.29,75.48,75.51,2084,USD
2016-05-26,76.08,76.08,75.61,75.61,2154,USD
2016-05-30,80.59,80.98,80.59,80.98,2094,USD
2016-06-01,83.11,83.75,83.11,83.24,9009,USD
2016-06-02,82.82,82.95,82.62,82.65,1665,USD
2016-06-05,83.28,83.48,83.28,83.46,16446,USD
2016-06-06,85.85,85.85,85.58,85.58,14810,USD
2016-06-08,83.61,84.44,83.61,83.75,2302,USD
2016-06-09,82.1,82.1,81.8,81.88,1672,USD
2016-06-12,80.88,80.88,79.99,79.99,1635,USD
2016-06-13,81.35,81.58,81.03,81.03,4196,USD
2016-06-14,83.28,83.58,82.69,82.94,3817,USD
2016-06-15,83.07,83.23,83.07,83.23,1435,USD
2016-06-16,83.9,84.51,83.85,84.51,1969,USD
2016-06-19,84.24,85.17,84.24,85.17,1396,USD
2016-06-20,85.17,86.2,85.17,85.96,3260,USD
2016-06-21,87.38,87.92,87.3,87.92,1594,USD
2016-06-22,86.05,86.31,85.35,86.31,2742,USD
2016-06-23,85.8,86.08,84.75,85.75,2331,USD
2016-06-26,80.45,81.08,80.08,80.75,2672,USD
2016-06-27,80.65,81.71,80.65,81.71,2665,USD
2016-06-28,82.37,82.7,82.37,82.45,5530,USD
2016-06-29,84.75,84.95,84.5,84.5,2086,USD
2016-06-30,84.8,85.05,84.7,84.79,6959,USD
2016-07-04,84.59,84.77,84.59,84.77,1162,USD
2016-07-05,82.2,82.67,81.53,81.53,3408,USD
2016-07-06,82.8,83.25,82.8,83.25,1250,USD
2016-07-07,84.42,85.4,84.42,84.76,1971,USD
2016-07-10,84.56,85.31,84.42,84.45,1705,USD
2016-07-11,87.42,87.42,85.77,86.7,6105,USD
2016-07-12,85.49,85.49,85.41,85.41,1432,USD
2016-07-13,87.01,87.52,87.01,87.4,5099,USD
2016-07-14,88.0,88.0,86.77,86.86,10918,USD
2016-07-17,86.1,86.1,86.1,86.1,4574,USD
2016-07-18,86.02,87.52,86.02,86.07,1471,USD
2016-07-19,89.05,89.24,88.11,89.0,2355,USD
2016-07-20,88.66,90.25,88.66,88.91,14575,USD
2016-07-21,89.65,90.25,89.4,89.4,1593,USD
2016-07-24,88.5,88.5,87.92,87.92,23597,USD
2016-07-25,87.68,89.0,87.68,89.0,1961,USD
2016-07-26,90.0,90.0,89.16,90.0,3272,USD
2016-07-27,91.0,91.0,89.19,90.35,11713,USD
2016-07-28,93.21,94.14,93.21,94.14,1689,USD
2016-07-31,92.8,92.8,91.38,91.5,2135,USD
2016-08-01,90.55,91.56,90.43,90.43,1663,USD
2016-08-02,93.51,94.07,93.51,93.86,9905,USD
2016-08-03,93.02,93.9,93.02,93.5,2540,USD
2016-08-04,96.1,96.28,96.1,96.28,1971,USD
2016-08-07,95.87,97.35,95.87,95.88,4329,USD
2016-08-08,96.84,97.51,96.84,97.51,3736,USD
2016-08-09,96.17,97.38,96.17,96.25,3285,USD
2016-08-10,98.42,99.17,97.86,97.95,2928,USD
2016-08-11,97.87,101.98,97.87,101.98,13077,USD
2016-08-14,101.98,101.98,101.98,101.98,1174,USD
2016-08-15,101.9,102.52,101.14,101.14,6393,USD
2016-08-16,101.9,102.05,101.39,102.05,3018,USD
2016-08-17,103.02,103.7,102.34,103.7,6352,USD
2016-08-18,103.93,105.0,103.93,104.0,1242,USD
2016-08-21,103.72,105.53,103.72,104.92,1555,USD
2016-08-22,104.0,104.82,103.96,103.96,1805,USD
2016-08-23,104.51,105.77,104.51,104.54,1468,USD
2016-08-24,103.5,103.5,102.96,103.12,6305,USD
2016-08-25,105.46,105.46,104.77,104.77,1197,USD
2016-08-28,110.68,110.68,110.68,110.68,1288,USD
2016-08-29,115.74,115.75,115.0,115.5,2544,USD
2016-08-30,114.23,114.23,113.06,113.36,1996,USD
2016-08-31,112.2,112.2,111.6,111.6,1090,USD
2016-09-01,112.28,112.35,112.28,112.35,1576,USD
2016-09-05,112.92,113.33,112.92,113.33,4481,USD
2016-09-06,113.27,113.27,112.89,113.27,2289,USD
2016-09-07,115.79,116.42,115.79,115.84,1297,USD
2016-09-08,111.57,111.57,110.48,111.22,3758,USD
2016-09-11,102.9,102.9,102.9,102.9,1109,USD
2016-09-12,103.06,103.26,103.06,103.2,1340,USD
2016-09-13,104.43,104.43,103.76,103.76,3691,USD
2016-09-14,106.74,108.22,106.74,108.22,2914,USD
2016-09-15,106.95,107.56,106.53,107.56,3870,USD
2016-09-18,107.74,107.95,107.74,107.95,1099,USD
2016-09-19,106.9,106.9,106.9,106.9,1291,USD
2016-09-20,105.06,106.1,105.0,106.1,1024,USD
2016-09-21,106.47,107.03,106.47,106.51,1946,USD
2016-09-22,105.2,105.2,104.02,105.14,2069,USD
2016-09-25,99.34,100.15,99.33,100.15,12559,USD
2016-09-26,100.47,100.47,100.47,100.47,1479,USD
2016-09-27,102.46,102.46,101.54,101.72,9851,USD
2016-09-28,103.42,103.42,102.5,102.77,1930,USD
2016-09-29,100.5,101.71,100.5,101.5,6589,USD
2016-10-02,101.7,103.0,101.7,101.77,959,USD
2016-10-03,101.06,101.06,101.06,101.06,3698,USD
2016-10-04,102.51,102.51,101.8,102.01,2950,USD
2016-10-05,102.11,102.68,101.4,101.54,1642,USD
2016-10-06,100.47,100.47,100.47,100.47,534,USD
2016-10-09,101.71,102.3,101.71,102.3,904,USD
2016-10-10,99.51,100.33,99.45,100.33,1028,USD
2016-10-12,98.8,98.8,98.35,98.35,860,USD
2016-10-13,100.36,100.36,100.36,100.36,1078,USD
2016-10-16,99.73,99.73,98.28,98.28,1191,USD
2016-10-17,99.8,100.45,99.8,100.45,1618,USD
2016-10-18,100.97,101.15,100.9,100.9,3919,USD
2016-10-19,102.69,102.69,101.9,101.9,12045,USD
2016-10-20,103.58,103.58,103.58,103.58,821,USD
2016-10-23,99.9,99.9,99.21,99.21,999,USD
2016-10-24,95.02,95.96,95.02,95.05,1444,USD
2016-10-25,97.17,98.91,97.17,97.97,2299,USD
2016-10-26,94.81,96.61,94.81,94.81,884,USD
2016-10-27,94.57,94.69,94.57,94.69,969,USD
2016-10-30,95.17,95.25,94.67,95.25,1070,USD
2016-10-31,95.93,95.93,95.35,95.35,746,USD
2016-11-01,91.8,93.07,91.8,91.87,1309,USD
2016-11-02,92.64,92.64,92.6,92.64,1715,USD
2016-11-03,90.43,90.5,90.16,90.16,4024,USD
2016-11-06,93.41,94.52,93.41,94.0,2945,USD
2016-11-07,92.0,92.04,91.81,91.91,64277,USD
2016-11-08,91.61,91.79,90.0,90.0,3300,USD
2016-11-09,91.4,93.09,91.4,92.17,4227,USD
2016-11-10,88.19,88.96,88.19,88.53,1647,USD
2016-11-13,89.48,89.48,89.18,89.18,3503,USD
2016-11-14,87.92,87.97,87.74,87.79,1687,USD
2016-11-15,90.74,90.74,90.74,90.74,923,USD
2016-11-16,93.5,93.5,93.5,93.5,612,USD
2016-11-17,94.97,94.97,94.97,94.97,913,USD
2016-11-20,91.62,91.62,91.62,91.62,1041,USD
2016-11-21,93.87,93.87,93.58,93.86,1730,USD
2016-11-22,93.14,94.2,91.83,91.88,4180,USD
2016-11-24,91.62,91.62,91.62,91.62,669,USD
2016-11-27,89.35,90.6,89.35,89.74,2405,USD
2016-11-28,91.89,91.89,91.89,91.89,701,USD
2016-11-29,91.74,91.74,89.18,90.91,2914,USD
2016-11-30,90.85,90.85,89.27,89.27,1450,USD
2016-12-01,89.39,89.39,87.15,88.1,1814,USD
2016-12-04,90.42,90.42,89.23,89.23,1778,USD
2016-12-05,90.03,90.03,87.48,89.99,4961,USD
2016-12-06,87.3,88.69,87.3,88.69,1110,USD
2016-12-07,89.26,89.39,89.25,89.25,1196,USD
2016-12-08,89.07,89.07,89.04,89.04,1121,USD
2016-12-11,86.44,86.44,84.37,84.37,1294,USD
2016-12-12,86.91,86.91,84.8,86.91,1921,USD
2016-12-13,88.89,88.89,87.67,87.67,1012,USD
2016-12-14,86.74,89.31,86.74,87.85,1262,USD
2016-12-15,87.96,88.94,86.66,87.89,62169,USD
2016-12-18,87.68,87.87,87.33,87.87,28027,USD
2016-12-19,85.36,88.03,85.36,85.38,1393,USD
2016-12-20,86.84,89.39,86.83,88.42,1666,USD
2016-12-21,86.38,87.76,86.28,86.28,22880,USD
2016-12-22,86.2,87.0,86.2,87.0,12144,USD
2016-12-26,86.31,86.31,86.21,86.21,1095,USD
2016-12-27,89.15,90.61,88.78,88.78,3764,USD
2016-12-28,90.9,91.08,89.66,91.08,1806,USD
2016-12-29,90.1,90.75,90.1,90.42,5491,USD
2017-01-02,88.89,90.6,88.89,90.41,3482,USD
2017-01-03,92.12,93.4,92.12,93.14,1085,USD
2017-01-04,96.9,96.9,95.37,95.37,764,USD
2017-01-05,96.69,96.69,96.69,96.69,771,USD
2017-01-08,96.0,96.75,95.93,96.75,1380,USD
2017-01-09,96.75,97.32,96.15,96.15,1653,USD
2017-01-10,97.09,97.97,97.09,97.97,1024,USD
2017-01-11,97.7,97.7,97.53,97.53,1075,USD
2017-01-12,97.99,97.99,97.99,97.99,993,USD
2017-01-16,97.98,98.93,97.5,98.91,3153,USD
2017-01-17,102.21,102.21,101.89,101.89,940,USD
2017-01-18,99.1,99.84,97.99,97.99,2116,USD
2017-01-19,97.72,97.72,97.72,97.72,1229,USD
2017-01-22,98.28,100.0,98.05,98.05,3252,USD
2017-01-23,102.39,102.39,100.78,101.7,1885,USD
2017-01-24,103.8,103.8,101.86,103.8,2723,USD
2017-01-25,103.93,103.93,103.06,103.06,1809,USD
2017-01-26,103.81,103.81,103.47,103.47,900,USD
2017-01-29,102.91,103.38,102.69,102.69,1972,USD
2017-01-30,102.27,102.27,102.27,102.27,929,USD
2017-01-31,100.75,101.21,100.02,100.81,4396,USD
2017-02-01,101.79,101.83,101.41,101.49,1525,USD
2017-02-02,101.89,101.89,101.2,101.2,1206,USD
2017-02-05,101.75,102.34,101.75,102.34,1689,USD
2017-02-06,106.72,106.72,105.07,105.91,1398,USD
2017-02-07,107.96,107.96,106.33,107.44,1363,USD
2017-02-08,105.81,108.17,105.81,108.17,2661,USD
2017-02-09,107.5,107.5,107.5,107.5,960,USD
2017-02-12,108.34,110.84,108.34,110.2,1354,USD
2017-02-13,110.84,111.66,110.14,111.36,1516,USD
2017-02-14,114.25,114.82,114.25,114.82,1818,USD
2017-02-15,112.35,112.78,111.92,112.78,1601,USD
2017-02-16,111.15,113.02,111.15,111.15,2291,USD
2017-02-20,114.13,114.13,113.8,114.07,3587,USD
2017-02-21,112.92,114.0,112.92,114.0,1308,USD
2017-02-22,110.47,113.64,110.47,112.06,1771,USD
2017-02-23,106.85,106.85,105.95,105.95,1740,USD
2017-02-26,108.81,109.18,107.7,107.7,1585,USD
2017-02-27,104.92,105.85,104.9,104.9,1782,USD
2017-02-28,105.7,107.2,105.7,107.2,10907,USD
2017-03-01,107.28,107.28,106.09,106.42,4700,USD
2017-03-02,106.78,106.78,106.08,106.08,3463,USD
2017-03-05,109.47,110.21,109.11,109.11,3732,USD
2017-03-06,107.28,107.28,107.17,107.17,1769,USD
2017-03-07,104.14,107.12,104.14,104.89,4367,USD
2017-03-08,105.64,106.29,105.01,105.25,3003,USD
2017-03-09,105.81,105.81,105.81,105.81,969,USD
2017-03-12,108.85,109.35,108.85,109.0,30339,USD
2017-03-13,107.07,108.71,106.93,107.05,5491,USD
2017-03-14,106.93,108.6,106.93,107.98,108208,USD
2017-03-15,110.8,110.8,109.52,109.84,43454,USD
2017-03-16,111.63,111.63,109.75,110.84,6375,USD
2017-03-19,109.57,109.57,108.25,109.2,108055,USD
2017-03-20,109.78,110.4,109.18,109.18,16075,USD
2017-03-21,109.84,111.91,109.84,111.56,5280,USD
2017-03-22,121.2,122.5,121.2,122.5,8538,USD
2017-03-23,125.61,125.61,124.67,125.04,1897,USD
2017-03-26,123.44,123.44,123.44,123.44,598,USD
2017-03-27,122.73,122.73,121.68,121.68,948,USD
2017-03-28,118.4,120.21,118.4,120.21,1092,USD
2017-03-29,120.94,121.3,120.94,121.3,1061,USD
2017-03-30,117.5,117.73,116.72,116.72,1886,USD
2017-04-02,119.35,119.35,118.99,119.35,2197,USD
2017-04-03,118.8,119.35,118.8,119.33,2053,USD
2017-04-04,118.44,118.44,117.75,117.76,1704,USD
2017-04-05,116.21,117.38,116.21,117.05,1630,USD
2017-04-06,117.24,117.24,117.17,117.17,902,USD
2017-04-11,121.35,121.38,121.27,121.38,1508,USD
2017-04-12,122.5,122.5,122.4,122.4,934,USD
2017-04-16,122.33,122.6,122.11,122.11,2198,USD
2017-04-17,122.35,122.35,122.35,122.35,506,USD
2017-04-19,131.77,131.77,131.77,131.77,820,USD
2017-04-20,135.82,135.82,135.82,135.82,2138,USD
2017-04-23,136.33,136.7,136.33,136.59,2557,USD
2017-04-24,137.13,137.96,137.13,137.44,889,USD
2017-04-25,136.89,136.89,136.54,136.54,850,USD
2017-04-26,138.59,138.73,138.55,138.55,1404,USD
2017-04-27,146.12,147.01,146.12,146.78,1017,USD
2017-04-30,147.56,147.59,147.56,147.59,737,USD
2017-05-01,146.32,146.32,146.07,146.3,1175,USD
2017-05-02,145.03,145.42,145.03,145.42,2175,USD
2017-05-03,140.9,141.18,139.97,140.25,3150,USD
2017-05-04,138.27,138.5,137.54,137.54,1776,USD
2017-05-07,139.64,139.68,138.95,138.95,2675,USD
2017-05-08,140.24,141.74,140.24,141.25,1493,USD
2017-05-09,142.99,142.99,142.76,142.76,1654,USD
2017-05-10,126.87,128.09,126.87,127.48,1423,USD
2017-05-11,122.68,122.68,119.13,119.25,4810,USD
2017-05-14,119.18,119.18,118.39,118.6,1992,USD
2017-05-15,116.99,116.99,115.35,115.6,1578,USD
2017-05-16,117.75,117.75,117.0,117.0,10093,USD
2017-05-17,105.42,105.52,103.62,104.37,2692,USD
2017-05-18,105.02,106.0,105.02,106.0,1952,USD
2017-05-21,105.75,105.75,105.74,105.74,2246,USD
2017-05-22,106.0,106.0,105.75,106.0,2714,USD
2017-05-23,106.0,106.0,106.0,106.0,1814,USD
2017-05-24,106.3,107.89,106.23,106.27,1431,USD
2017-05-25,106.21,106.21,105.56,106.21,2146,USD
2017-05-29,105.5,108.0,105.5,108.0,1526,USD
2017-05-30,105.98,106.14,105.78,105.78,992,USD
2017-05-31,108.5,108.5,106.44,107.36,1862,USD
2017-06-01,108.19,114.0,108.19,112.96,2600,USD
2017-06-04,106.25,114.9,105.0,106.0,3202,USD
2017-06-05,110.25,113.0,109.77,113.0,2290,USD
2017-06-06,118.51,119.5,118.02,119.5,102793,USD
2017-06-07,124.26,124.75,123.42,123.42,5754,USD
2017-06-08,126.78,128.02,126.78,126.82,1555,USD
2017-06-11,124.12,124.12,123.0,123.72,3202,USD
2017-06-12,125.33,125.4,125.1,125.4,739,USD
2017-06-13,124.97,125.31,124.3,124.3,3317,USD
2017-06-14,124.57,124.72,124.44,124.44,2785,USD
2017-06-15,123.1,123.49,122.52,122.75,2959,USD
2017-06-18,124.08,125.08,124.08,124.7,1967,USD
2017-06-19,124.5,124.5,122.5,123.44,1695,USD
2017-06-20,124.0,124.0,123.25,123.25,1078,USD
2017-06-21,124.43,124.43,124.03,124.03,831,USD
2017-06-22,123.33,123.44,123.33,123.34,1252,USD
2017-06-25,125.23,125.23,124.86,124.86,1009,USD
2017-06-26,127.38,127.75,127.38,127.75,695,USD
2017-06-27,125.76,125.76,125.5,125.5,1226,USD
2017-06-28,126.06,126.06,126.05,126.05,1441,USD
2017-06-29,125.21,126.0,125.21,126.0,1772,USD
2017-07-02,125.77,125.86,125.74,125.74,985,USD
2017-07-05,124.53,125.09,124.53,124.58,974,USD
2017-07-06,124.0,126.84,124.0,125.5,3833,USD
2017-07-09,127.44,127.44,127.44,127.44,333,USD
2017-07-10,131.62,131.62,130.5,130.5,1387,USD
2017-07-11,133.5,134.9,133.5,134.9,2418,USD
2017-07-12,139.25,140.6,139.25,140.0,598,USD
2017-07-13,138.0,139.0,138.0,138.88,3018,USD
2017-07-16,139.75,139.75,139.75,139.75,857,USD
2017-07-17,146.22,148.31,146.22,148.31,882,USD
2017-07-18,150.25,150.25,149.75,150.25,1342,USD
2017-07-19,159.0,159.0,158.25,159.0,2031,USD
2017-07-20,140.22,140.6,140.22,140.6,2388,USD
2017-07-23,135.5,135.5,135.25,135.25,1315,USD
2017-07-24,135.5,136.81,135.5,135.8,2149,USD
2017-07-25,133.25,133.5,133.25,133.5,1031,USD
2017-07-26,133.57,133.57,133.57,133.57,657,USD
2017-07-27,133.5,133.5,133.5,133.5,511,USD
2017-07-30,135.3,135.3,134.93,135.3,1367,USD
2017-07-31,135.5,135.5,135.12,135.12,600,USD
2017-08-01,141.5,142.0,141.49,141.49,1675,USD
2017-08-02,138.0,138.51,138.0,138.25,2193,USD
2017-08-03,139.5,139.5,139.5,139.5,888,USD
2017-08-06,141.18,141.18,141.18,141.18,498,USD
2017-08-08,142.25,143.0,142.25,142.5,1522,USD
2017-08-09,141.5,142.12,140.51,140.7,1867,USD
2017-08-10,137.75,138.03,136.04,136.04,1739,USD
2017-08-13,145.43,147.13,145.43,146.0,1808,USD
2017-08-14,148.94,148.94,148.94,148.94,545,USD
2017-08-15,146.4,147.81,146.4,147.81,1165,USD
2017-08-16,144.99,146.0,144.99,145.56,879,USD
2017-08-17,144.25,144.3,143.93,144.3,1271,USD
2017-08-20,150.75,150.75,150.75,150.75,562,USD
2017-08-21,152.84,153.25,151.75,153.25,13430,USD
2017-08-22,152.96,153.25,152.69,152.69,1462,USD
2017-08-23,153.35,153.35,152.97,153.35,3069,USD
2017-08-24,158.39,158.39,156.55,156.57,28728,USD
2017-08-27,175.5,175.5,173.1,173.1,72265,USD
2017-08-28,180.21,180.6,180.09,180.09,1716,USD
2017-08-29,181.95,181.95,181.95,181.95,9023,USD
2017-08-30,182.18,182.5,181.9,182.5,11337,USD
2017-08-31,181.6,182.6,181.6,182.0,4851,USD
2017-09-04,183.83,183.83,182.55,182.55,4405,USD
2017-09-05,178.97,179.39,178.97,179.39,708,USD
2017-09-06,177.54,177.58,177.54,177.58,846,USD
2017-09-07,174.95,176.12,174.95,175.86,2067,USD
2017-09-10,178.74,180.16,178.74,179.06,1087,USD
2017-09-11,180.04,180.04,178.13,180.04,657,USD
2017-09-12,181.75,181.94,181.75,181.94,918,USD
2017-09-13,181.35,181.5,181.35,181.5,763,USD
2017-09-14,175.62,177.0,175.62,176.18,1433,USD
2017-09-17,184.98,185.02,184.98,185.02,513,USD
2017-09-18,181.76,182.27,181.76,182.25,1219,USD
2017-09-20,181.25,181.25,180.87,180.87,886,USD
2017-09-24,163.5,164.0,162.25,162.25,6592,USD
2017-09-25,163.25,163.25,160.88,161.72,1979,USD
2017-09-26,170.75,170.75,170.75,170.75,493,USD
2017-09-27,168.75,168.75,168.75,168.75,640,USD
2017-09-28,167.12,167.12,167.12,167.12,525,USD
2017-10-01,170.38,171.0,170.38,171.0,1106,USD
2017-10-02,173.21,173.79,173.21,173.79,998,USD
2017-10-03,174.0,174.0,173.25,173.81,1105,USD
2017-10-04,175.87,177.3,175.87,177.3,728,USD
2017-10-05,173.5,173.5,173.25,173.5,1828,USD
2017-10-09,173.0,173.0,173.0,173.0,811,USD
2017-10-10,173.05,173.05,173.05,173.05,1009,USD
2017-10-11,173.25,173.25,173.2,173.2,870,USD
2017-10-12,180.43,180.43,179.98,180.33,1353,USD
2017-10-15,182.62,182.62,182.52,182.52,791,USD
2017-10-16,187.65,187.65,187.65,187.65,514,USD
2017-10-17,180.31,180.79,179.67,180.79,942,USD
2017-10-18,173.84,175.0,173.82,174.9,7852,USD
2017-10-22,180.0,180.0,179.81,179.81,771,USD
2017-10-23,177.35,177.41,177.0,177.0,2279,USD
2017-10-24,174.61,174.67,172.53,172.53,1628,USD
2017-10-25,175.75,175.75,173.75,173.75,752,USD
2017-10-26,177.5,178.28,177.5,178.28,868,USD
2017-10-29,182.31,182.31,181.22,181.22,794,USD
2017-10-30,182.25,183.82,182.25,183.82,3863,USD
2017-10-31,184.84,186.89,184.84,186.89,2119,USD
2017-11-01,183.75,183.75,182.35,182.35,945,USD
2017-11-02,181.75,181.75,179.79,181.0,1189,USD
2017-11-05,196.25,197.93,196.25,197.93,703,USD
2017-11-06,200.32,200.5,200.32,200.5,938,USD
2017-11-07,204.91,204.96,204.91,204.96,1246,USD
2017-11-08,208.47,208.47,208.25,208.25,560,USD
2017-11-09,217.85,217.85,217.85,217.85,0,USD
2017-11-12,230.0,234.26,230.0,232.77,1481,USD
2017-11-13,224.37,226.0,224.37,225.48,1442,USD
2017-11-14,217.85,219.0,217.85,217.85,446,USD
2017-11-15,223.47,223.5,223.47,223.5,5430,USD
2017-11-16,222.42,222.42,221.26,221.26,2601,USD
2017-11-19,224.0,224.0,224.0,224.0,0,USD
2017-11-20,230.16,231.0,228.46,228.46,698,USD
2017-11-21,227.19,227.19,226.63,226.63,753,USD
2017-11-23,218.2,218.2,218.2,218.2,0,USD
2017-11-26,213.7,213.7,212.0,212.25,2169,USD
2017-11-27,220.14,224.68,220.03,224.68,818,USD
2017-11-28,214.28,214.94,211.31,213.21,1447,USD
2017-11-29,203.36,203.51,203.36,203.51,2886,USD
2017-11-30,197.09,197.09,195.44,196.27,1113,USD
2017-12-03,196.82,196.82,196.82,196.82,0,USD
2017-12-04,190.52,190.52,190.52,190.52,0,USD
2017-12-05,178.89,178.89,178.56,178.56,828,USD
2017-12-06,183.5,183.79,183.5,183.5,1150,USD
2017-12-07,192.0,192.55,192.0,192.09,1631,USD
2017-12-10,196.61,196.82,195.35,195.88,2115,USD
2017-12-11,189.89,190.22,189.28,190.22,1472,USD
2017-12-12,186.76,186.76,186.76,186.76,0,USD
2017-12-13,181.29,181.29,178.88,181.29,2535,USD
2017-12-14,178.35,178.64,178.35,178.64,1132,USD
2017-12-17,175.09,176.83,175.05,175.84,571,USD
2017-12-18,179.42,180.51,178.08,179.15,1513,USD
2017-12-19,177.5,179.49,177.5,178.99,1785,USD
2017-12-20,178.9,184.26,178.9,183.16,1798,USD
2017-12-21,180.56,184.24,180.56,183.09,1010,USD
2017-12-25,184.0,184.0,181.77,183.99,2838,USD
2017-12-26,179.21,179.21,174.75,175.7,1593,USD
2017-12-27,184.5,184.5,180.46,182.37,1087,USD
2017-12-28,179.17,179.62,178.07,178.74,1457,USD
2018-01-01,189.64,195.5,189.64,195.0,3842,USD
2018-01-02,200.34,200.34,195.0,195.5,1157,USD
2018-01-03,191.42,195.6,191.42,192.53,1765,USD
2018-01-04,192.53,192.8,192.0,192.8,2258,USD
2018-01-07,192.0,192.0,187.51,189.99,2866,USD
2018-01-08,187.33,189.7,185.22,187.0,1097,USD
2018-01-09,183.24,183.24,181.1,182.46,4855,USD
2018-01-10,189.01,193.37,189.01,193.22,3678,USD
2018-01-11,193.75,193.75,186.58,190.29,856,USD
2018-01-15,180.38,182.97,176.5,176.5,1454,USD
2018-01-16,179.0,181.52,178.52,180.76,714,USD
2018-01-17,169.8,176.52,169.8,173.4,1222,USD
2018-01-18,177.29,177.29,173.15,175.69,1457,USD
2018-01-21,180.9,180.9,174.5,176.82,1246,USD
2018-01-22,172.8,176.23,172.25,173.28,5582,USD
2018-01-23,173.0,173.75,171.75,172.96,1134,USD
2018-01-24,171.25,171.5,170.0,171.5,1902,USD
2018-01-25,171.39,176.66,171.39,175.83,3422,USD
2018-01-28,164.51,170.9,164.51,165.75,2399,USD
2018-01-29,169.04,169.04,163.75,165.12,1306,USD
2018-01-30,163.5,168.0,163.5,166.26,3224,USD
2018-01-31,168.25,169.25,166.08,168.87,16042,USD
2018-02-01,182.44,184.16,177.75,181.96,5283,USD
2018-02-04,191.7,193.83,187.0,190.21,1778,USD
2018-02-05,176.23,183.98,176.23,182.12,3692,USD
2018-02-06,178.45,181.49,177.51,178.91,2300,USD
2018-02-07,186.0,186.0,179.2,179.87,2646,USD
2018-02-08,184.72,186.97,180.03,185.21,2028,USD
2018-02-11,188.75,188.75,184.37,187.94,919,USD
2018-02-12,192.31,192.31,189.5,190.82,1416,USD
2018-02-13,191.01,193.9,188.75,192.93,1907,USD
2018-02-14,195.58,200.05,195.58,197.65,1296,USD
2018-02-15,198.7,202.49,198.0,199.54,2527,USD
2018-02-19,203.2,204.42,200.01,200.97,904,USD
2018-02-20,203.61,205.08,200.95,202.27,3285,USD
2018-02-21,20.42,20.42,19.77,20.01,18307,USD
2018-02-22,20.05,20.05,19.64,19.8,10768,USD
2018-02-25,20.03,20.13,19.78,20.13,25082,USD
2018-02-26,19.73,20.02,19.5,19.66,12340,USD
2018-02-27,19.93,20.07,19.7,20.04,13904,USD
2018-02-28,19.9,19.9,19.28,19.42,16176,USD
2018-03-01,18.96,19.36,18.96,19.27,24308,USD
2018-03-04,18.94,19.38,18.94,19.38,14629,USD
2018-03-05,19.54,19.64,19.36,19.47,12818,USD
2018-03-06,19.27,19.27,18.99,19.23,10081,USD
2018-03-07,19.17,19.46,19.15,19.36,12250,USD
2018-03-08,20.21,20.65,20.21,20.65,10435,USD
2018-03-11,20.27,20.51,20.25,20.36,11373,USD
2018-03-12,20.27,20.39,20.05,20.18,8323,USD
2018-03-13,19.86,19.86,19.72,19.85,24778,USD
2018-03-14,19.76,19.78,19.53,19.68,3971,USD
2018-03-15,19.75,19.75,19.47,19.64,12143,USD
2018-03-18,19.24,19.35,19.09,19.3,10134,USD
2018-03-19,20.09,20.51,20.09,20.46,8728,USD
2018-03-20,19.6,19.71,19.5,19.69,30888,USD
2018-03-21,19.61,19.69,19.35,19.47,9424,USD
2018-03-22,18.72,18.72,18.24,18.25,17952,USD
2018-03-25,18.27,18.65,18.25,18.59,19910,USD
2018-03-26,19.6,19.6,18.78,18.87,26766,USD
2018-03-27,18.3,18.37,18.07,18.25,60273,USD
2018-03-28,18.12,18.46,18.04,18.44,49701,USD
2018-04-01,18.16,18.2,17.7,17.91,18963,USD
2018-04-02,18.33,18.4,18.11,18.32,17755,USD
2018-04-03,17.3,17.63,17.13,17.61,19010,USD
2018-04-04,17.59,17.73,17.57,17.72,15335,USD
2018-04-05,17.41,17.63,17.21,17.43,10483,USD
2018-04-08,17.54,17.69,17.46,17.47,6220,USD
2018-04-09,18.58,18.89,18.58,18.8,15727,USD
2018-04-10,18.3,18.52,18.3,18.44,6847,USD
2018-04-11,18.47,18.59,18.4,18.59,17643,USD
2018-04-12,18.2,18.42,18.09,18.11,25224,USD
2018-04-15,17.7,17.98,17.7,17.98,28850,USD
2018-04-16,17.25,17.35,17.25,17.35,218263,USD
2018-04-17,17.04,17.04,16.62,16.82,7239,USD
2018-04-18,16.51,16.64,16.39,16.5,18824,USD
2018-04-19,15.77,15.77,15.24,15.28,20341,USD
2018-04-22,15.21,15.27,15.06,15.2,45166,USD
2018-04-23,15.2,15.2,14.84,14.94,17087,USD
2018-04-24,15.1,15.1,14.74,14.79,10760,USD
2018-04-25,14.64,14.67,14.42,14.55,20304,USD
2018-04-26,14.57,14.57,14.34,14.43,10438,USD
2018-04-29,14.74,14.74,14.32,14.45,53644,USD
2018-04-30,14.28,14.4,14.06,14.36,19346,USD
2018-05-01,14.48,14.48,14.21,14.29,242728,USD
2018-05-02,14.2,14.47,14.14,14.47,95947,USD
2018-05-03,14.39,14.5,14.16,14.38,33095,USD
2018-05-06,14.39,14.39,14.27,14.28,22681,USD
2018-05-07,14.78,15.03,14.78,14.86,198749,USD
2018-05-08,14.84,15.05,14.84,15.0,45926,USD
2018-05-09,15.26,15.49,15.24,15.47,48968,USD
2018-05-10,15.7,15.7,15.52,15.66,38328,USD
2018-05-13,15.12,15.12,14.52,14.53,28213,USD
2018-05-14,13.89,13.89,13.75,13.8,34704,USD
2018-05-15,14.55,14.55,14.28,14.47,24617,USD
2018-05-16,14.38,14.61,14.38,14.44,20544,USD
2018-05-17,14.5,14.5,14.3,14.34,55975,USD
2018-05-20,15.0,15.21,15.0,15.17,31345,USD
2018-05-21,15.18,15.28,15.1,15.13,23665,USD
2018-05-22,14.81,14.87,14.46,14.84,17977,USD
2018-05-23,14.75,14.75,14.5,14.58,24195,USD
2018-05-24,14.57,14.57,14.23,14.36,9990,USD
2018-05-28,15.48,15.48,14.94,15.05,20459,USD
2018-05-29,14.99,15.17,14.9,15.13,173286,USD
2018-05-30,14.95,15.15,14.95,15.1,774309,USD
2018-05-31,14.96,14.96,14.9,14.95,26360,USD
2018-06-03,15.29,15.29,15.03,15.15,12146,USD
2018-06-04,15.56,15.56,15.21,15.45,19513,USD
2018-06-05,16.71,16.8,16.51,16.8,45324,USD
2018-06-06,16.84,16.84,16.44,16.57,55447,USD
2018-06-07,16.29,16.29,16.01,16.27,17427,USD
2018-06-10,16.12,16.38,16.12,16.36,27887,USD
2018-06-11,16.31,16.31,16.04,16.11,328982,USD
2018-06-12,15.7,15.7,15.36,15.43,53153,USD
2018-06-13,15.2,15.38,15.11,15.21,32993,USD
2018-06-14,15.05,15.28,15.05,15.21,39907,USD
2018-06-17,15.02,15.21,15.02,15.21,36823,USD
2018-06-18,14.96,14.96,14.82,14.93,131317,USD
2018-06-19,14.89,14.94,14.74,14.87,129051,USD
2018-06-20,14.53,14.91,14.53,14.71,203524,USD
2018-06-21,15.07,15.07,14.76,14.78,248254,USD
2018-06-24,14.63,14.63,14.2,14.35,89286,USD
2018-06-25,14.18,14.18,13.82,13.98,41306,USD
2018-06-26,13.11,13.15,12.76,12.85,33879,USD
2018-06-27,13.31,13.31,13.0,13.28,42839,USD
2018-06-28,14.03,14.09,13.95,14.05,42827,USD
2018-07-01,14.09,14.09,13.75,13.76,137119,USD
2018-07-02,13.87,13.95,13.75,13.78,20383,USD
2018-07-04,13.6,13.6,13.38,13.46,17147,USD
2018-07-05,13.28,13.65,13.28,13.6,24362,USD
2018-07-08,13.51,13.84,13.51,13.68,13869,USD
2018-07-09,13.48,13.48,13.37,13.47,34503,USD
2018-07-10,13.43,13.47,13.22,13.28,14973,USD
2018-07-11,13.69,13.69,13.42,13.48,19154,USD
2018-07-12,13.76,13.85,13.7,13.79,13855,USD
2018-07-15,14.13,14.13,13.92,13.96,21765,USD
2018-07-16,13.6,13.87,13.56,13.83,36278,USD
2018-07-17,13.25,13.25,13.11,13.18,21960,USD
2018-07-18,13.0,13.04,12.85,12.91,54046,USD
2018-07-19,12.72,12.79,12.65,12.71,21313,USD
2018-07-22,12.34,12.61,12.3,12.44,18198,USD
2018-07-23,12.49,12.74,12.44,12.5,19146,USD
2018-07-24,12.76,12.99,12.75,12.94,17311,USD
2018-07-25,12.77,12.77,12.65,12.66,19251,USD
2018-07-26,13.03,13.03,12.65,12.76,28811,USD
2018-07-29,12.82,12.85,12.68,12.73,38674,USD
2018-07-30,12.71,12.89,12.7,12.87,42683,USD
2018-07-31,12.29,12.49,12.29,12.32,13779,USD
2018-08-01,11.97,12.34,11.82,12.2,15928,USD
2018-08-02,12.09,12.19,12.0,12.12,39539,USD
2018-08-05,12.17,12.2,12.08,12.15,26267,USD
2018-08-06,12.4,12.42,12.32,12.37,18185,USD
2018-08-07,12.18,12.4,12.18,12.37,27300,USD
2018-08-08,12.4,12.49,12.39,12.44,24253,USD
2018-08-09,12.37,12.37,11.82,11.86,79369,USD
2018-08-12,11.86,11.86,11.63,11.65,31133,USD
2018-08-13,10.9,10.95,10.8,10.93,27958,USD
2018-08-14,10.38,10.56,10.31,10.56,62809,USD
2018-08-15,10.56,10.71,10.56,10.66,34643,USD
2018-08-16,10.5,10.5,10.13,10.41,17463,USD
2018-08-19,10.05,10.31,10.05,10.14,45390,USD
2018-08-20,11.03,11.15,11.03,11.1,26968,USD
2018-08-21,11.42,11.42,11.14,11.21,37863,USD
2018-08-22,10.61,10.8,10.58,10.63,22789,USD
2018-08-23,10.71,10.71,10.41,10.5,31438,USD
2018-08-26,10.69,10.93,10.69,10.86,27746,USD
2018-08-27,10.65,10.79,10.63,10.67,32055,USD
2018-08-28,10.92,10.92,10.75,10.86,21865,USD
2018-08-29,10.7,10.7,10.45,10.53,34516,USD
2018-08-30,11.1,11.1,10.91,10.97,32255,USD
2018-09-03,11.31,11.31,11.09,11.16,25157,USD
2018-09-04,10.85,11.0,10.8,10.86,35280,USD
2018-09-05,10.95,10.95,10.66,10.71,73523,USD
2018-09-06,10.55,10.55,10.32,10.45,273219,USD
2018-09-09,10.01,10.11,10.01,10.07,328889,USD
2018-09-10,9.77,9.91,9.72,9.88,203996,USD
2018-09-11,9.8,10.7,9.8,10.06,47886,USD
2018-09-12,10.16,10.16,9.88,9.93,66333,USD
2018-09-13,10.31,10.41,10.26,10.36,155095,USD
2018-09-16,9.87,9.9,9.8,9.82,33153,USD
2018-09-17,10.01,10.01,9.84,9.87,28634,USD
2018-09-18,10.15,10.18,9.99,10.13,30831,USD
2018-09-19,10.42,10.42,10.21,10.31,39341,USD
2018-09-20,10.37,10.37,10.14,10.16,19523,USD
2018-09-23,10.01,10.18,10.01,10.17,23542,USD
2018-09-24,10.03,10.22,10.03,10.2,48160,USD
2018-09-25,10.57,10.66,10.47,10.47,91341,USD
2018-09-26,10.28,10.55,10.28,10.47,13867,USD
2018-09-27,10.49,10.49,10.25,10.32,65377,USD
2018-09-30,10.4,10.4,10.27,10.36,44283,USD
2018-10-01,10.3,10.3,10.11,10.12,197439,USD
2018-10-02,10.15,10.15,10.01,10.05,64664,USD
2018-10-03,10.19,10.26,10.05,10.1,1392114,USD
2018-10-04,10.09,10.09,9.85,9.91,56203,USD
2018-10-07,9.75,9.9,9.73,9.88,94839,USD
2018-10-08,9.9,9.9,9.63,9.65,139680,USD
2018-10-09,9.45,9.55,9.35,9.35,813167,USD
2018-10-10,9.07,9.14,8.82,8.93,105100,USD
2018-10-11,9.03,9.24,8.72,9.14,135272,USD
2018-10-14,8.36,8.64,8.36,8.59,380771,USD
2018-10-15,8.58,8.64,8.43,8.6,116628,USD
2018-10-16,8.55,8.59,8.47,8.51,61913,USD
2018-10-17,8.28,8.36,8.15,8.21,80456,USD
2018-10-18,8.22,8.29,8.15,8.23,49541,USD
2018-10-21,8.54,8.62,8.41,8.48,57321,USD
2018-10-22,8.25,8.36,8.1,8.32,70720,USD
2018-10-23,8.2,8.2,7.92,7.92,117622,USD
2018-10-24,7.51,7.64,7.42,7.61,150151,USD
2018-10-25,7.05,7.23,7.05,7.16,66614,USD
2018-10-28,7.29,7.54,7.15,7.22,99986,USD
2018-10-29,7.2,7.32,7.08,7.29,68121,USD
2018-10-30,7.73,7.73,7.56,7.59,72933,USD
2018-10-31,8.28,8.46,8.21,8.41,71067,USD
2018-11-01,8.5,8.54,8.23,8.32,72690,USD
2018-11-04,7.78,8.03,7.78,8.0,124768,USD
2018-11-05,7.46,7.65,7.46,7.57,90436,USD
2018-11-06,7.85,7.85,7.57,7.83,115644,USD
2018-11-07,7.19,7.19,6.95,6.95,126418,USD
2018-11-08,7.03,7.03,6.81,6.86,52581,USD
2018-11-11,6.78,6.78,6.51,6.55,149823,USD
2018-11-12,6.47,6.82,6.47,6.7,88254,USD
2018-11-13,6.82,6.84,6.7,6.79,109066,USD
2018-11-14,6.77,6.82,6.57,6.7,112916,USD
2018-11-15,6.67,6.92,6.67,6.84,76626,USD
2018-11-18,6.96,7.19,6.96,7.0,60951,USD
2018-11-19,6.93,6.93,6.67,6.69,68687,USD
2018-11-20,6.81,7.08,6.81,6.91,99206,USD
2018-11-22,6.86,6.86,6.62,6.77,25685,USD
2018-11-25,6.89,6.89,6.75,6.79,67295,USD
2018-11-26,7.06,7.06,6.83,6.92,113795,USD
2018-11-27,7.06,7.28,7.06,7.24,94129,USD
2018-11-28,7.0,7.13,6.91,6.97,60868,USD
2018-11-29,7.0,7.2,7.0,7.07,114984,USD
2018-12-02,7.52,7.52,7.29,7.37,90206,USD
2018-12-03,7.34,7.34,6.98,7.01,138132,USD
2018-12-05,6.45,6.57,6.42,6.55,97747,USD
2018-12-06,6.45,6.57,6.36,6.38,152714,USD
2018-12-09,6.52,6.52,6.3,6.42,161824,USD
2018-12-10,6.67,6.72,6.48,6.61,774456,USD
2018-12-11,6.71,6.71,6.62,6.62,270173,USD
2018-12-12,6.43,6.49,6.43,6.46,150359,USD
2018-12-13,6.3,6.3,6.15,6.18,164859,USD
2018-12-16,6.09,6.22,6.06,6.1,193089,USD
2018-12-17,6.07,6.14,6.0,6.04,347621,USD
2018-12-18,5.92,5.94,5.59,5.69,141220,USD
2018-12-19,5.67,5.85,5.66,5.69,126946,USD
2018-12-20,5.71,5.83,5.65,5.67,137900,USD
2018-12-23,5.63,5.7,5.56,5.58,103545,USD
2018-12-25,5.67,5.74,5.52,5.74,180268,USD
2018-12-26,5.51,5.75,5.51,5.63,246459,USD
2018-12-27,5.55,5.71,5.55,5.65,146046,USD
2018-12-30,5.89,5.89,5.66,5.7,290542,USD
2019-01-01,5.52,5.61,5.5,5.6,137219,USD
2019-01-02,5.21,5.22,5.15,5.17,41461,USD
2019-01-03,5.27,5.32,5.13,5.29,99793,USD
2019-01-06,5.24,5.24,5.13,5.23,216502,USD
2019-01-07,5.39,5.47,5.26,5.45,84452,USD
2019-01-08,5.8,5.8,5.68,5.74,37865,USD
2019-01-09,5.56,5.69,5.56,5.67,116001,USD
2019-01-10,5.76,5.94,5.76,5.93,518234,USD
2019-01-13,5.91,5.91,5.78,5.86,248892,USD
2019-01-14,5.94,6.14,5.94,6.05,81016,USD
2019-01-15,5.97,5.97,5.85,5.88,44344,USD
2019-01-16,5.79,5.94,5.79,5.88,88444,USD
2019-01-17,6.12,6.23,6.12,6.21,227047,USD
2019-01-21,5.64,5.88,5.64,5.74,407430,USD
2019-01-22,5.74,5.78,5.71,5.72,80809,USD
2019-01-23,6.04,6.04,5.91,5.99,87515,USD
2019-01-24,6.04,6.2,6.04,6.19,26060,USD
2019-01-27,6.21,6.21,5.94,6.01,242155,USD
2019-01-28,6.11,6.32,6.11,6.22,53162,USD
2019-01-29,6.16,6.21,6.08,6.18,25695,USD
2019-01-30,6.06,6.26,6.06,6.23,135535,USD
2019-01-31,5.95,6.22,5.95,6.06,144140,USD
2019-02-03,5.93,6.05,5.93,6.0,109131,USD
2019-02-04,6.03,6.17,6.01,6.14,54111,USD
2019-02-05,6.14,6.17,6.03,6.05,171011,USD
2019-02-06,5.81,5.99,5.81,5.96,238483,USD
2019-02-07,6.24,6.24,6.08,6.17,35513,USD
2019-02-10,6.35,6.5,6.35,6.45,20908,USD
2019-02-11,6.45,6.49,6.34,6.38,16904,USD
2019-02-12,7.08,7.17,6.99,7.07,59904,USD
2019-02-13,6.97,6.97,6.79,6.88,40052,USD
2019-02-14,6.74,6.74,6.6,6.68,212762,USD
2019-02-18,6.28,6.54,6.28,6.49,33943,USD
2019-02-19,6.76,6.76,6.55,6.58,52584,USD
2019-02-20,6.64,6.7,6.64,6.68,14244,USD
2019-02-21,7.53,7.58,7.37,7.54,34324,USD
2019-02-24,7.5,7.5,7.05,7.12,59978,USD
2019-02-25,6.57,6.57,6.21,6.38,52537,USD
2019-02-26,6.19,6.19,6.04,6.08,59488,USD
2019-02-27,5.93,5.93,5.87,5.87,568008,USD
2019-02-28,5.83,6.0,5.83,5.95,40367,USD
2019-03-03,6.17,6.24,6.08,6.14,28151,USD
2019-03-04,6.24,6.31,6.17,6.29,27520,USD
2019-03-05,6.63,6.63,6.44,6.45,70703,USD
2019-03-06,6.36,6.36,6.11,6.14,54151,USD
2019-03-07,6.03,6.1,5.95,6.04,66639,USD
2019-03-10,5.87,6.1,5.87,6.07,46246,USD
2019-03-11,6.01,6.17,6.01,6.07,27032,USD
2019-03-12,5.84,5.99,5.84,5.96,17148,USD
2019-03-13,5.82,5.82,5.61,5.75,41233,USD
2019-03-14,5.68,5.82,5.68,5.75,248832,USD
2019-03-17,5.95,5.95,5.66,5.77,77093,USD
2019-03-18,5.92,5.92,5.79,5.83,41230,USD
2019-03-19,5.62,5.77,5.61,5.7,69254,USD
2019-03-20,5.75,5.77,5.64,5.77,103164,USD
2019-03-21,5.97,5.97,5.75,5.83,33222,USD
2019-03-24,6.01,6.26,6.01,6.2,26216,USD
2019-03-25,5.96,6.02,5.94,5.97,47942,USD
2019-03-26,5.71,5.88,5.71,5.81,39949,USD
2019-03-27,5.81,5.87,5.79,5.86,50727,USD
2019-03-28,5.75,5.91,5.75,5.9,22911,USD
2019-03-31,5.93,6.04,5.93,6.03,41407,USD
2019-04-01,6.18,6.18,6.06,6.11,24763,USD
2019-04-02,6.22,6.34,6.22,6.26,45221,USD
2019-04-03,6.4,6.42,6.36,6.38,43273,USD
2019-04-04,6.38,6.49,6.38,6.45,17790,USD
2019-04-07,6.58,6.58,6.38,6.47,27149,USD
2019-04-08,6.77,6.77,6.66,6.72,24790,USD
2019-04-09,6.86,6.86,6.74,6.78,21389,USD
2019-04-10,6.57,6.73,6.57,6.64,23162,USD
2019-04-11,6.7,6.76,6.7,6.75,44612,USD
2019-04-14,6.61,6.69,6.61,6.64,63548,USD
2019-04-15,6.48,6.59,6.48,6.55,20852,USD
2019-04-16,6.8,6.94,6.8,6.92,24084,USD
2019-04-17,6.87,6.93,6.87,6.9,52023,USD
2019-04-21,6.67,6.9,6.67,6.87,38907,USD
2019-04-22,6.89,7.01,6.89,6.98,30912,USD
2019-04-23,6.77,6.98,6.77,6.83,46377,USD
2019-04-24,6.52,6.74,6.51,6.72,837632,USD
2019-04-25,6.79,6.9,6.79,6.87,1732943,USD
2019-04-28,6.71,6.71,6.61,6.68,24205,USD
2019-04-29,6.4,6.49,6.4,6.46,30645,USD
2019-04-30,6.56,6.6,6.41,6.46,55447,USD
2019-05-01,6.66,6.66,6.5,6.59,20349,USD
2019-05-02,6.79,6.8,6.68,6.75,27689,USD
2019-05-05,6.25,6.43,6.25,6.43,39705,USD
2019-05-06,6.25,6.26,6.03,6.1,74044,USD
2019-05-07,6.14,6.17,6.05,6.15,67395,USD
2019-05-08,5.82,5.89,5.71,5.85,66498,USD
2019-05-09,5.81,5.95,5.81,5.94,46595,USD
2019-05-12,5.68,5.9,4.68,5.65,70169,USD
2019-05-13,5.65,5.84,5.65,5.8,136958,USD
2019-05-14,5.8,5.9,5.79,5.89,224735,USD
2019-05-15,5.73,5.74,5.67,5.71,50295,USD
2019-05-16,5.34,5.47,5.34,5.46,67841,USD
2019-05-19,5.44,5.45,5.37,5.4,79751,USD
2019-05-20,5.53,5.6,5.52,5.57,65328,USD
2019-05-21,5.59,5.6,5.52,5.57,44441,USD
2019-05-22,5.24,5.26,5.18,5.22,45433,USD
2019-05-23,5.2,5.3,5.2,5.28,42083,USD
2019-05-27,5.45,5.45,5.32,5.33,85436,USD
2019-05-28,5.38,5.38,5.3,5.34,79726,USD
2019-05-29,5.3,5.3,5.25,5.27,50800,USD
2019-05-30,5.19,5.3,5.19,5.3,96925,USD
2019-06-02,5.32,5.32,5.25,5.25,34884,USD
2019-06-03,5.14,5.17,5.08,5.16,87336,USD
2019-06-04,5.19,5.23,5.13,5.16,76419,USD
2019-06-05,5.15,5.17,5.12,5.14,89427,USD
2019-06-06,5.14,5.27,5.14,5.2,90748,USD
2019-06-09,5.42,5.42,5.31,5.36,76935,USD
2019-06-10,5.5,5.59,5.45,5.49,113612,USD
2019-06-11,5.23,5.35,5.23,5.32,118282,USD
2019-06-12,5.34,5.44,5.34,5.38,61361,USD
2019-06-13,5.25,5.35,5.25,5.28,652805,USD
2019-06-16,5.28,5.38,5.28,5.32,60842,USD
2019-06-17,5.32,5.53,5.32,5.5,116721,USD
2019-06-18,5.55,5.65,5.55,5.64,51889,USD
2019-06-19,5.65,5.75,5.65,5.68,71194,USD
2019-06-20,5.61,5.61,5.53,5.59,64222,USD
2019-06-23,5.59,5.59,5.49,5.49,88202,USD
2019-06-24,5.38,5.44,5.36,5.36,41829,USD
2019-06-25,5.5,5.5,5.45,5.46,46642,USD
2019-06-26,5.58,5.62,5.55,5.61,18389,USD
2019-06-27,5.66,5.66,5.6,5.6,57930,USD
2019-06-30,5.89,5.9,5.77,5.85,86295,USD
2019-07-01,6.0,6.1,6.0,6.01,83434,USD
2019-07-02,5.99,5.99,5.92,5.98,21418,USD
2019-07-04,5.73,5.75,5.68,5.7,26990,USD
2019-07-07,5.6,5.63,5.53,5.57,29711,USD
2019-07-08,5.45,5.5,5.27,5.39,37467,USD
2019-07-09,5.29,5.5,5.29,5.42,33711,USD
2019-07-10,5.36,5.44,5.36,5.41,69706,USD
2019-07-11,5.47,5.47,5.36,5.43,25511,USD
2019-07-14,5.44,5.53,5.44,5.51,460784,USD
2019-07-15,5.52,5.6,5.52,5.55,40945,USD
2019-07-16,5.52,5.63,5.52,5.6,20084,USD
2019-07-17,5.5,5.54,5.42,5.53,70484,USD
2019-07-18,5.53,5.54,5.48,5.5,37860,USD
2019-07-21,5.46,5.53,5.46,5.52,42146,USD
2019-07-22,5.75,5.75,5.64,5.66,79012,USD
2019-07-23,5.71,5.71,5.62,5.66,28332,USD
2019-07-24,5.75,5.76,5.61,5.68,18723,USD
2019-07-25,5.55,5.67,5.55,5.63,31710,USD
2019-07-28,5.55,5.56,5.47,5.5,26662,USD
2019-07-29,5.5,5.5,5.43,5.46,48343,USD
2019-07-30,5.47,5.47,5.28,5.37,104778,USD
2019-07-31,5.34,5.43,5.11,5.13,116347,USD
2019-08-01,5.0,5.03,4.96,4.99,44845,USD
2019-08-04,4.91,4.91,4.64,4.64,64393,USD
2019-08-05,4.69,4.8,4.69,4.73,119431,USD
2019-08-06,4.67,4.68,4.57,4.66,49597,USD
2019-08-07,4.66,4.74,4.66,4.71,79260,USD
2019-08-08,4.65,4.65,4.47,4.49,170695,USD
2019-08-11,4.44,4.5,4.42,4.48,91371,USD
2019-08-12,4.43,4.66,4.43,4.54,261280,USD
2019-08-13,4.52,4.52,4.42,4.43,191166,USD
2019-08-14,4.53,4.55,4.47,4.47,120360,USD
2019-08-15,4.57,4.57,4.47,4.51,95635,USD
2019-08-18,4.76,4.76,4.66,4.69,49178,USD
2019-08-19,4.8,4.88,4.77,4.79,108664,USD
2019-08-20,4.88,4.93,4.86,4.87,42073,USD
2019-08-21,4.83,4.88,4.79,4.8,148456,USD
2019-08-22,4.66,4.66,4.45,4.45,142318,USD
2019-08-25,4.42,4.49,4.37,4.4,77251,USD
2019-08-26,4.35,4.42,4.29,4.29,81304,USD
2019-08-27,4.22,4.25,4.19,4.21,40253,USD
2019-08-28,4.29,4.32,4.24,4.32,48340,USD
2019-08-29,4.23,4.35,4.21,4.25,32133,USD
2019-09-02,4.24,4.3,4.24,4.29,89102,USD
2019-09-03,4.35,4.42,4.35,4.36,99374,USD
2019-09-04,4.95,5.03,4.87,4.94,42204,USD
2019-09-05,5.1,5.14,5.0,5.08,52386,USD
2019-09-08,5.04,5.18,5.04,5.13,60814,USD
2019-09-09,4.9,5.06,4.9,4.92,73421,USD
2019-09-10,4.99,5.07,4.95,4.98,39320,USD
2019-09-11,5.06,5.2,5.06,5.1,53045,USD
2019-09-12,5.2,5.21,5.13,5.16,107572,USD
2019-09-15,5.1,5.23,5.1,5.16,104360,USD
2019-09-16,5.01,5.13,5.01,5.1,18483,USD
2019-09-17,5.49,5.65,5.49,5.57,51200,USD
2019-09-18,6.0,6.0,5.92,5.94,64451,USD
2019-09-19,5.76,5.86,5.71,5.71,44902,USD
2019-09-22,5.34,5.47,5.34,5.46,94035,USD
2019-09-23,5.37,5.48,5.36,5.39,85597,USD
2019-09-24,5.2,5.34,5.2,5.3,340012,USD
2019-09-25,5.3,5.37,5.28,5.32,39862,USD
2019-09-26,5.21,5.29,5.16,5.17,26980,USD
2019-09-29,5.11,5.34,5.11,5.2,25878,USD
2019-09-30,5.17,5.19,5.12,5.13,77129,USD
2019-10-01,5.18,5.26,5.18,5.23,39799,USD
2019-10-02,5.3,5.36,5.25,5.28,40505,USD
2019-10-03,5.49,5.58,5.49,5.57,66492,USD
2019-10-06,5.48,5.62,5.48,5.49,28993,USD
2019-10-07,5.48,5.48,5.39,5.4,53965,USD
2019-10-08,5.23,5.34,5.23,5.32,26814,USD
2019-10-09,5.74,5.74,5.56,5.72,142930,USD
2019-10-10,5.87,5.9,5.73,5.86,39189,USD
2019-10-13,5.66,5.85,5.66,5.75,118776,USD
2019-10-14,5.67,5.77,5.67,5.73,32111,USD
2019-10-15,5.73,5.73,5.65,5.68,32818,USD
2019-10-16,5.78,5.84,5.73,5.8,35895,USD
2019-10-17,5.78,5.79,5.73,5.74,18308,USD
2019-10-20,5.69,5.85,5.69,5.84,95407,USD
2019-10-21,6.09,6.2,6.09,6.16,42831,USD
2019-10-22,5.89,6.05,5.89,5.99,53481,USD
2019-10-23,6.14,6.19,6.12,6.18,33531,USD
2019-10-24,6.09,6.15,6.07,6.11,33783,USD
2019-10-27,6.18,6.29,6.13,6.23,70561,USD
2019-10-28,6.15,6.17,6.08,6.14,90146,USD
2019-10-29,6.26,6.26,6.19,6.23,50399,USD
2019-10-30,6.37,6.43,6.37,6.38,72669,USD
2019-10-31,6.45,6.61,6.45,6.58,92668,USD
2019-11-03,6.43,6.56,6.43,6.51,60013,USD
2019-11-04,6.61,6.7,6.61,6.65,32830,USD
2019-11-05,6.56,6.72,6.56,6.65,45142,USD
2019-11-06,6.65,6.65,6.54,6.59,44303,USD
2019-11-07,6.49,6.61,6.49,6.51,35459,USD
2019-11-10,6.31,6.35,6.24,6.24,48214,USD
2019-11-11,6.12,6.25,6.12,6.13,40172,USD
2019-11-12,6.09,6.15,6.05,6.12,25465,USD
2019-11-13,6.37,6.39,6.33,6.36,72366,USD
2019-11-14,6.45,6.54,6.45,6.48,39896,USD
2019-11-17,6.78,6.78,6.67,6.74,27381,USD
2019-11-18,7.11,7.17,7.07,7.12,41088,USD
2019-11-19,7.1,7.29,7.1,7.16,35975,USD
2019-11-20,7.01,7.04,6.97,7.03,13866,USD
2019-11-21,6.97,7.05,6.97,6.99,20709,USD
2019-11-24,7.06,7.25,7.06,7.24,39630,USD
2019-11-25,6.87,6.9,6.8,6.9,46634,USD
2019-11-26,7.05,7.05,6.82,6.96,24893,USD
2019-11-28,6.95,7.01,6.94,6.97,18036,USD
2019-12-01,6.83,6.87,6.78,6.78,51641,USD
2019-12-02,6.94,6.94,6.86,6.9,28407,USD
2019-12-03,6.91,6.91,6.79,6.8,37437,USD
2019-12-04,7.11,7.3,7.11,7.2,44753,USD
2019-12-05,7.75,8.0,7.75,7.9,54749,USD
2019-12-08,7.96,7.96,7.72,7.77,47856,USD
2019-12-09,7.75,7.8,7.75,7.76,28296,USD
2019-12-10,8.08,8.28,8.08,8.27,36504,USD
2019-12-11,8.28,8.52,8.21,8.49,46827,USD
2019-12-12,8.26,8.48,8.26,8.33,60787,USD
2019-12-15,8.44,8.67,8.44,8.57,39768,USD
2019-12-16,8.84,8.84,8.65,8.72,34196,USD
2019-12-17,8.56,8.61,8.56,8.61,26028,USD
2019-12-18,8.29,8.51,8.22,8.39,32382,USD
2019-12-19,8.3,8.33,8.27,8.29,27810,USD
2019-12-22,8.22,8.48,8.22,8.34,22834,USD
2019-12-23,8.31,8.43,8.24,8.4,40855,USD
2019-12-25,8.52,8.52,8.3,8.48,18566,USD
2019-12-26,8.44,8.52,8.44,8.51,42944,USD
2019-12-29,8.48,8.68,8.41,8.45,55108,USD
2019-12-30,8.53,8.68,8.53,8.67,21146,USD
2020-01-01,8.96,9.04,8.96,9.04,18887,USD
2020-01-02,8.65,8.65,8.46,8.51,32665,USD
