Date,AUBN_Open_average,AUBN_Open_max,AUBN_Open_volatility,AUBN_Open_change,AUBN_High_average,AUBN_High_max,AUBN_High_volatility,AUBN_High_change,AUBN_Low_average,AUBN_Low_max,AUBN_Low_volatility,AUBN_Low_change,AUBN_Close_average,AUBN_Close_max,AUBN_Close_volatility,AUBN_Close_change,AUBN_Volume_average,AUBN_Volume_max,AUBN_Volume_volatility,AUBN_Volume_change
2016-01-03,28.778,29.47,1.2199999999999989,-0.21999999999999886,28.784,29.47,1.2199999999999989,-0.21999999999999886,28.498,29.25,1.25,0.9299999999999997,28.64,29.25,1.25,0.25,207,661,661,-660
2016-01-10,28.26,28.28,0.030000000000001137,0.030000000000001137,28.475,28.75,0.5,0.5,28.2475,28.25,0.010000000000001563,0.0,28.4725,28.75,0.5,0.5,1593,3718,3655,-1924
2016-01-17,27.91,29.0,2.1099999999999994,-1.0899999999999999,28.536,29.19,1.5300000000000011,-1.25,27.396,28.25,1.6000000000000014,-1.25,27.818,29.19,2.200000000000003,-1.25,5794,18281,18269,18269
2016-01-24,27.142,27.25,0.25,0.21000000000000085,27.286,27.75,0.75,0.23000000000000043,27.009999999999998,27.15,0.3999999999999986,-0.25,27.054,27.19,0.4400000000000013,-0.25,3705,14831,14351,14351
2016-01-31,26.848,27.2,0.6899999999999977,-0.389999999999997,26.852,27.2,0.6899999999999977,-0.389999999999997,26.796,27.1,0.6000000000000014,-0.3999999999999986,26.796,27.1,0.6000000000000014,-0.3999999999999986,2014,8467,8362,315
2016-02-07,26.616666666666667,26.85,0.3500000000000014,0.0,26.683333333333334,27.05,0.5500000000000007,0.0,26.5,26.5,0.0,0.0,26.57,26.71,0.21000000000000085,0.0,268,645,645,160
2016-02-14,25.442,26.5,2.1000000000000014,-1.25,25.772,26.74,2.1799999999999997,-0.7399999999999984,24.744,25.3,1.240000000000002,0.46999999999999886,25.286,26.0,1.4400000000000013,1.2199999999999989,3965,8671,8025,-6698
2016-02-21,26.056,26.23,0.23000000000000043,-0.21000000000000085,26.254,26.5,0.4200000000000017,-0.07000000000000028,26.0,26.0,0.0,0.0,26.118,26.3,0.3000000000000007,0.16000000000000014,1927,2819,1564,-1096
2016-02-28,26.298,26.81,1.1099999999999994,0.5400000000000027,26.662,26.96,0.740000000000002,0.5400000000000027,26.282,26.76,1.0600000000000023,0.5400000000000027,26.646,26.96,0.740000000000002,0.5400000000000027,753,1303,795,35
2016-03-06,26.884,27.25,0.5500000000000007,-0.05000000000000071,26.938,27.25,0.5500000000000007,-0.05000000000000071,26.824,27.25,0.6999999999999993,-0.019999999999999574,26.932,27.25,0.5500000000000007,-0.019999999999999574,201,601,600,-598
2016-03-13,26.82,26.99,0.6899999999999977,0.0,26.872,27.12,0.8200000000000003,0.120000000000001,26.794,26.96,0.6600000000000001,0.0,26.832,27.05,0.75,0.05000000000000071,577,1876,1873,1388
2016-03-20,26.91,27.2,0.9499999999999993,0.879999999999999,28.2275,30.96,3.900000000000002,3.8599999999999994,26.877499999999998,27.13,0.879999999999999,0.879999999999999,28.0,30.49,3.4899999999999984,3.4899999999999984,2292,6392,6282,4985
2016-03-27,28.51,29.35,2.3500000000000014,-0.25,29.064,30.0,1.6999999999999993,-0.8999999999999986,28.51,29.35,2.3500000000000014,-0.25,28.95,30.0,1.75,-0.8999999999999986,1265,2957,2658,-890
2016-04-03,28.1625,29.0,1.5500000000000007,-0.8999999999999986,28.2,29.0,1.5500000000000007,-0.8000000000000007,27.8275,28.86,1.8599999999999994,-0.8599999999999994,27.869999999999997,28.9,1.7699999999999996,-0.8999999999999986,1420,2254,2138,941
2016-04-10,27.464,27.75,0.5500000000000007,0.15000000000000213,28.272,29.0,1.2800000000000011,1.0899999999999999,27.28,27.45,0.3999999999999986,0.3000000000000007,27.534,27.8,0.490000000000002,0.14000000000000057,2846,3446,1388,-231
2016-04-17,27.014,27.28,0.5400000000000027,-0.23000000000000043,27.136,27.4,0.3999999999999986,-0.29999999999999716,26.849999999999998,27.0,0.26000000000000156,-0.1999999999999993,26.964,27.12,0.3100000000000023,-0.1700000000000017,4787,9683,9169,-1266
2016-04-24,27.3575,27.75,0.6999999999999993,0.0799999999999983,27.53,28.0,0.870000000000001,-0.35999999999999943,27.35,27.72,0.6699999999999982,0.0799999999999983,27.52,28.0,0.870000000000001,-0.3200000000000003,1497,3849,3849,-3398
2016-05-01,27.678,28.0,0.6099999999999994,-0.25,27.962,28.6,0.8900000000000006,0.6000000000000014,27.574,27.78,0.4299999999999997,-0.030000000000001137,27.720000000000002,28.12,0.7300000000000004,0.33999999999999986,1957,5966,5508,5508
2016-05-08,28.9175,29.8,1.4299999999999997,-0.8000000000000007,28.9175,29.8,1.4299999999999997,-0.8000000000000007,28.9175,29.8,1.4299999999999997,-0.8000000000000007,28.9175,29.8,1.4299999999999997,-0.8000000000000007,163,362,359,184
2016-05-15,28.782,29.7,1.370000000000001,0.620000000000001,29.454,29.81,1.0499999999999972,0.08999999999999986,28.498,29.1,0.7700000000000031,-0.03999999999999915,29.12,29.7,1.0999999999999979,0.8200000000000003,1924,2941,2102,666
2016-05-22,29.05333333333333,29.36,0.7100000000000009,-0.7100000000000009,29.326666666666668,29.5,0.379999999999999,-0.23999999999999844,28.94,29.14,0.490000000000002,-0.490000000000002,29.203333333333333,29.46,0.4499999999999993,-0.129999999999999,1429,3184,2729,194
2016-05-29,29.37,29.95,1.0799999999999983,0.8299999999999983,29.536,29.95,1.0799999999999983,0.0,29.186,29.85,0.9800000000000004,0.14999999999999858,29.42,29.85,0.9800000000000004,-0.259999999999998,3851,9573,9373,-531
2016-06-05,29.067500000000003,29.35,0.6300000000000026,-0.3200000000000003,29.2125,29.64,0.7800000000000011,-0.6400000000000006,28.935000000000002,29.26,0.5899999999999999,-0.5899999999999999,29.1125,29.64,0.7800000000000011,-0.7800000000000011,2766,6670,6395,-3244
2016-06-12,28.85,29.2,0.5899999999999999,-0.11000000000000298,28.855,29.2,0.5899999999999999,-0.13000000000000256,28.71,29.19,0.6700000000000017,0.0,28.71,29.19,0.6700000000000017,0.0,965,1698,1657,579
2016-06-19,28.296,28.83,1.2099999999999973,-0.9199999999999982,28.806,29.0,0.4499999999999993,0.4499999999999993,28.184,28.6,0.9800000000000004,-0.8999999999999986,28.634,29.0,0.8900000000000006,0.35999999999999943,2643,5892,5149,4967
2016-06-26,28.883333333333333,29.0,0.25,-0.14999999999999858,28.883333333333333,29.0,0.25,-0.14999999999999858,28.673333333333332,28.8,0.3100000000000023,-0.3100000000000023,28.68,28.8,0.3100000000000023,-0.3100000000000023,689,1253,880,-68
2016-07-03,28.404,28.75,0.75,0.0,28.522,28.75,0.75,0.0,28.104,28.36,0.6400000000000006,0.5600000000000023,28.358,28.64,0.6400000000000006,-0.23000000000000043,1800,4654,4654,-4039
2016-07-10,28.334,28.65,0.5799999999999983,-0.05999999999999872,28.48,28.65,0.3299999999999983,-0.05999999999999872,28.162,28.32,0.3099999999999987,0.3099999999999987,28.336000000000002,28.55,0.5399999999999991,0.3099999999999987,1897,3572,3141,-2391
2016-07-17,28.43,28.66,0.3999999999999986,0.35999999999999943,28.595,28.7,0.1999999999999993,-0.03999999999999915,28.325,28.5,0.25,0.05000000000000071,28.475,28.7,0.3999999999999986,-0.3000000000000007,2277,4771,4401,-3121
2016-07-24,28.474,28.66,0.3099999999999987,-0.26000000000000156,28.72,29.0,0.5599999999999987,-0.21999999999999886,28.38,28.66,0.5800000000000018,-0.26000000000000156,28.522000000000002,29.0,0.8599999999999994,-0.21999999999999886,2260,6797,6790,654
2016-07-31,28.366666666666667,28.5,0.3999999999999986,0.0,28.48,28.51,0.08000000000000185,0.010000000000001563,28.366666666666667,28.5,0.3999999999999986,0.0,28.476666666666667,28.5,0.07000000000000028,0.0,792,1236,736,142
2016-08-07,28.648,28.84,0.33999999999999986,0.05999999999999872,28.81,29.0,0.5,-0.129999999999999,28.476,28.84,0.7199999999999989,-0.36999999999999744,28.69,28.87,0.370000000000001,0.13000000000000256,1282,2217,2032,-89
2016-08-14,28.43,28.51,0.16000000000000014,-0.14000000000000057,28.755000000000003,28.96,0.41000000000000014,0.41000000000000014,28.43,28.51,0.16000000000000014,-0.14000000000000057,28.7425,28.91,0.35999999999999943,0.35999999999999943,536,600,148,133
2016-08-21,28.785,28.88,0.2799999999999976,-0.019999999999999574,28.8875,28.99,0.18999999999999773,0.08999999999999986,28.735,28.8,0.1999999999999993,-0.019999999999999574,28.8,28.86,0.09999999999999787,-0.019999999999999574,990,2475,2475,2073
2016-08-28,28.634999999999998,28.75,0.25,0.16000000000000014,28.7275,28.75,0.05000000000000071,0.0,28.634999999999998,28.75,0.25,0.16000000000000014,28.7275,28.75,0.05000000000000071,0.0,930,1517,949,68
2016-09-04,28.508,28.64,0.35999999999999943,0.019999999999999574,28.602,28.75,0.2699999999999996,0.019999999999999574,28.456,28.64,0.35999999999999943,0.14000000000000057,28.514,28.64,0.28000000000000114,0.14000000000000057,2223,8103,7778,-754
2016-09-11,28.38,28.5,0.35999999999999943,-0.35999999999999943,28.5,28.5,0.0,0.0,28.186666666666667,28.28,0.14000000000000057,-0.14000000000000057,28.266666666666666,28.5,0.35999999999999943,-0.33999999999999986,1778,3544,2690,-2690
2016-09-18,28.336,28.5,0.7199999999999989,-0.7199999999999989,28.46,28.5,0.10000000000000142,-0.10000000000000142,28.1,28.37,0.5899999999999999,-0.36999999999999744,28.326,28.5,0.3500000000000014,0.25,2519,6105,5439,2354
2016-09-25,27.948,28.25,0.7699999999999996,-0.7699999999999996,28.0,28.28,0.75,-0.75,27.686,28.25,1.1099999999999994,-0.7699999999999996,27.818,28.28,0.8300000000000018,-0.75,5909,17836,16551,4080
2016-10-02,27.525,27.55,0.05000000000000071,0.05000000000000071,27.755000000000003,27.87,0.23000000000000043,0.23000000000000043,27.5,27.55,0.10000000000000142,0.10000000000000142,27.6,27.7,0.1999999999999993,0.1999999999999993,10902,20733,19662,-19662
2016-10-09,27.676666666666666,27.69,0.030000000000001137,0.030000000000001137,27.676666666666666,27.69,0.030000000000001137,0.030000000000001137,27.656666666666666,27.69,0.08999999999999986,0.08999999999999986,27.656666666666666,27.69,0.08999999999999986,0.08999999999999986,1245,2828,2726,-2023
2016-10-16,27.71,28.0,0.4499999999999993,0.0,27.82,28.0,0.4499999999999993,-0.129999999999999,27.606,27.8,0.25,0.0,27.692,27.86,0.3099999999999987,-0.0799999999999983,1062,2252,2062,-789
2016-10-23,28.085,28.24,0.2799999999999976,-0.03999999999999915,28.095,28.24,0.23999999999999844,0.0,27.815,28.0,0.3999999999999986,-0.33999999999999986,27.884999999999998,28.0,0.35999999999999943,-0.10000000000000142,1297,3180,2567,2567
2016-10-30,27.701999999999998,27.9,0.3999999999999986,0.129999999999999,27.776,27.9,0.17999999999999972,0.129999999999999,27.466,27.55,0.28999999999999915,-0.030000000000001137,27.57,27.75,0.28999999999999915,0.03999999999999915,2458,5012,3996,-692
2016-11-06,27.565,27.89,0.6000000000000014,-0.5399999999999991,27.9025,28.07,0.33999999999999986,0.030000000000001137,27.4325,27.64,0.3500000000000014,-0.09999999999999787,27.68,27.9,0.4499999999999993,0.28000000000000114,1119,1500,1127,1000
2016-11-13,28.0,28.21,0.5300000000000011,0.1700000000000017,28.151999999999997,28.58,0.8399999999999999,0.6099999999999994,27.85,28.14,0.7199999999999989,0.7199999999999989,27.982,28.58,1.0399999999999991,1.0399999999999991,3855,7439,6145,6101
2016-11-20,28.4125,28.5,0.3500000000000014,0.0,28.4875,28.53,0.10999999999999943,0.030000000000001137,28.377499999999998,28.5,0.3500000000000014,0.14000000000000057,28.4525,28.53,0.1700000000000017,0.1700000000000017,708,1257,960,960
2016-11-27,28.86,29.26,0.7900000000000027,0.7900000000000027,28.93,29.26,0.6500000000000021,0.6500000000000021,28.715,28.92,0.45000000000000284,0.28000000000000114,28.77,28.92,0.3100000000000023,0.14000000000000057,1547,2558,2093,-1356
2016-12-04,29.33,29.65,0.75,0.75,29.733999999999998,29.97,0.46999999999999886,-0.16999999999999815,29.274,29.5,0.6000000000000014,0.6000000000000014,29.394000000000002,29.7,0.5999999999999979,0.5999999999999979,3785,6452,4553,-2849
2016-12-11,29.846,30.0,0.41000000000000014,0.08999999999999986,29.954,30.0,0.16000000000000014,0.05000000000000071,29.75,29.96,0.46000000000000085,0.21000000000000085,29.9,29.97,0.18999999999999773,0.17999999999999972,1503,2718,1979,-1045
2016-12-18,30.575,31.2,1.1999999999999993,0.9400000000000013,30.855,31.2,1.0,0.75,30.2125,30.62,0.75,0.75,30.622500000000002,31.07,1.1999999999999993,1.0799999999999983,2598,4759,3516,-3516
2016-12-25,30.71,30.95,0.6600000000000001,-0.05999999999999872,31.2075,31.5,0.7899999999999991,0.0,30.52,30.89,0.6799999999999997,0.620000000000001,30.8825,31.31,1.0999999999999979,0.00999999999999801,2568,4463,3889,-1417
2017-01-01,31.564,32.5,1.5899999999999999,0.6000000000000014,31.706,32.5,1.1499999999999986,0.16000000000000014,31.226,31.74,0.9899999999999984,-0.16000000000000014,31.38,31.74,0.9899999999999984,-0.48999999999999844,2408,3402,2896,149
2017-01-08,31.025,31.3,0.6000000000000014,0.3500000000000014,31.6375,33.15,2.099999999999998,-2.099999999999998,31.025,31.3,0.6000000000000014,0.3500000000000014,31.09,31.3,0.33999999999999986,0.08999999999999986,659,1957,1778,-1778
2017-01-15,31.216,31.3,0.1999999999999993,-0.0799999999999983,31.3,31.4,0.1999999999999993,0.09999999999999787,31.104,31.18,0.17999999999999972,-0.0799999999999983,31.158,31.3,0.3000000000000007,-0.05000000000000071,1656,4349,4078,3589
2017-01-22,31.5825,32.0,0.8500000000000014,0.8500000000000014,32.0625,32.5,0.75,0.75,31.572499999999998,32.0,0.8500000000000014,0.8500000000000014,31.95,32.4,1.0,1.0,3241,5974,5342,2818
2017-01-29,32.9,33.5,1.3999999999999986,-0.3999999999999986,33.488,33.9,0.9600000000000009,0.9600000000000009,32.566,33.4,1.2999999999999972,-0.0799999999999983,33.028,33.5,1.2000000000000028,0.060000000000002274,5103,14977,13017,264
2017-02-05,33.25,33.95,1.6500000000000057,-0.25,33.328,33.95,1.6500000000000057,-0.25,32.812,33.69,1.4899999999999949,1.1400000000000006,32.89,33.69,1.4899999999999949,1.1400000000000006,744,1928,1745,-22
2017-02-12,33.18000000000001,33.34,0.3200000000000003,-0.3200000000000003,33.18000000000001,33.34,0.3200000000000003,-0.3200000000000003,33.010000000000005,33.02,0.020000000000003126,0.020000000000003126,33.065,33.11,0.0899999999999963,-0.0899999999999963,4115,6865,5499,-5499
2017-02-19,33.042,33.53,1.5,1.4699999999999989,33.502,33.53,0.03999999999999915,0.00999999999999801,32.736,33.0,0.9699999999999989,0.9699999999999989,33.118,33.49,0.6200000000000045,0.13000000000000256,3186,4960,3730,-2408
2017-02-26,32.98,33.5,0.8400000000000034,0.3300000000000054,33.168,33.5,0.6499999999999986,0.14000000000000057,32.902,33.5,0.8500000000000014,0.0,33.07,33.5,0.8500000000000014,-0.05000000000000426,2064,5097,5097,-2658
2017-03-05,32.63,32.92,0.5100000000000051,-0.3999999999999986,32.736,33.22,0.8100000000000023,-0.46999999999999886,32.63,32.92,0.5100000000000051,-0.3999999999999986,32.728,33.22,0.8100000000000023,-0.509999999999998,543,1425,1281,1177
2017-03-12,32.714,33.25,0.759999999999998,0.6000000000000014,32.758,33.25,0.759999999999998,0.5200000000000031,32.59,33.25,1.0300000000000011,0.7999999999999972,32.634,33.25,1.0300000000000011,0.6499999999999986,1147,3063,2757,-2757
2017-03-19,32.818,32.99,0.44000000000000483,0.14000000000000057,32.982,33.2,0.37000000000000455,0.3100000000000023,32.705999999999996,32.98,0.4299999999999997,0.07000000000000028,32.806,32.98,0.25,0.020000000000003126,2371,4531,4219,624
2017-03-26,33.1225,33.24,0.28999999999999915,0.14999999999999858,33.167500000000004,33.37,0.36999999999999744,0.10000000000000142,33.0125,33.1,0.14999999999999858,0.14999999999999858,33.025,33.1,0.10000000000000142,0.10000000000000142,784,1508,1092,29
2017-04-02,33.236666666666665,33.26,0.05999999999999517,0.05999999999999517,33.236666666666665,33.26,0.05999999999999517,0.05999999999999517,33.07333333333334,33.25,0.4799999999999969,-0.4299999999999997,33.07333333333334,33.25,0.4799999999999969,-0.4299999999999997,2329,4854,3836,-3737
2017-04-09,32.63666666666666,32.73,0.25,-0.25,32.85333333333333,33.13,0.4299999999999997,0.4000000000000057,32.61,32.7,0.22000000000000597,-0.1700000000000017,32.68333333333334,32.7,0.05000000000000426,0.05000000000000426,957,1777,1545,915
2017-04-16,33.118,33.35,0.4299999999999997,-0.0799999999999983,33.21,33.35,0.37000000000000455,0.0799999999999983,33.014,33.09,0.20000000000000284,0.060000000000002274,33.146,33.3,0.4099999999999966,0.21999999999999886,641,1471,1471,-726
2017-04-23,33.118,33.45,0.45000000000000284,0.0,33.376,33.7,0.7000000000000028,0.7000000000000028,32.902,33.08,0.4299999999999997,0.030000000000001137,33.08,33.7,1.0500000000000043,0.730000000000004,1988,3658,3658,-2086
2017-04-30,33.24,33.5,0.4200000000000017,0.20000000000000284,33.7625,33.95,0.45000000000000284,0.30000000000000426,33.17,33.5,0.5,-0.0799999999999983,33.725,33.95,0.45000000000000284,0.30000000000000426,5153,11789,11533,5255
2017-05-07,34.068,34.48,0.9299999999999997,0.10999999999999943,35.086,36.5,2.280000000000001,-2.270000000000003,33.976,34.22,0.6700000000000017,0.14000000000000057,34.816,36.5,2.289999999999999,-2.289999999999999,1770,3921,3537,-3225
2017-05-14,34.5475,35.0,0.7999999999999972,0.4899999999999949,34.635,35.0,0.7000000000000028,0.240000000000002,34.1375,34.2,0.10000000000000142,-0.10000000000000142,34.2125,34.5,0.3999999999999986,-0.3999999999999986,905,1426,1206,-340
2017-05-21,34.38,35.1,1.0,-1.0,34.39,35.1,0.9600000000000009,-0.9600000000000009,34.175,34.4,0.29999999999999716,-0.29999999999999716,34.185,34.4,0.29999999999999716,-0.259999999999998,240,301,101,-49
2017-05-28,34.732,35.2,1.0900000000000034,-0.20000000000000284,34.934,35.2,0.6000000000000014,-0.20000000000000284,34.542,35.2,1.1000000000000014,-0.6500000000000057,34.744,35.2,1.1000000000000014,-0.6500000000000057,519,993,781,237
2017-06-04,34.355000000000004,34.78,1.0200000000000031,-0.1700000000000017,34.6025,34.78,0.509999999999998,-0.1700000000000017,34.24,34.65,0.8900000000000006,-0.36999999999999744,34.4825,34.65,0.37999999999999545,-0.14999999999999858,5603,14086,13928,12981
2017-06-11,34.485,34.95,1.25,-0.1600000000000037,34.8625,35.0,0.25,0.04999999999999716,34.365,34.95,1.25,-0.6400000000000006,34.8625,35.0,0.25,0.04999999999999716,1368,1865,1712,1712
2017-06-18,35.39,35.94,0.9899999999999949,0.04999999999999716,35.97,37.81,2.8100000000000023,2.8100000000000023,35.126,35.7,0.7700000000000031,0.07000000000000028,35.698,37.79,2.789999999999999,2.789999999999999,1985,6158,5944,5281
2017-06-25,36.702,37.25,0.7999999999999972,-0.5399999999999991,36.822,37.5,1.0399999999999991,-0.7899999999999991,36.488,36.88,0.8700000000000045,-0.8700000000000045,36.75,37.5,1.1499999999999986,-1.1499999999999986,880,1679,1428,-21
2017-07-02,35.5,35.5,0.0,0.0,35.5,35.5,0.0,0.0,35.5,35.5,0.0,0.0,35.5,35.5,0.0,0.0,194,194,0,0
2017-07-09,36.207499999999996,36.73,1.1699999999999946,-1.1699999999999946,36.6725,37.45,1.8900000000000006,-1.1699999999999946,36.045,36.73,1.1699999999999946,-1.1699999999999946,36.5325,36.95,1.3900000000000006,-1.1699999999999946,1689,3857,3756,-153
2017-07-16,36.306666666666665,37.24,1.6400000000000006,1.6400000000000006,36.49666666666667,37.24,1.1600000000000037,1.0700000000000003,36.306666666666665,37.24,1.6400000000000006,1.6400000000000006,36.49666666666667,37.24,1.1600000000000037,1.0700000000000003,282,638,638,-430
2017-07-23,36.78,37.1,0.8599999999999994,0.759999999999998,37.16,37.24,0.23000000000000398,-0.21999999999999886,36.64666666666667,36.96,0.7199999999999989,0.7199999999999989,37.13666666666666,37.23,0.21999999999999886,-0.21999999999999886,812,930,249,-104
2017-07-30,36.845,37.46,1.3599999999999994,-1.1400000000000006,37.365,37.72,0.7199999999999989,-0.7199999999999989,36.295,36.7,0.720000000000006,-0.020000000000003126,37.0525,37.71,1.2100000000000009,0.4799999999999969,3492,4450,1772,1772
2017-08-06,36.397999999999996,36.69,0.9299999999999997,0.21000000000000085,36.598,37.15,1.3900000000000006,0.12999999999999545,36.298,36.69,0.9299999999999997,0.21000000000000085,36.492,37.15,1.3900000000000006,0.6499999999999986,765,1034,601,-74
2017-08-13,36.35,36.87,0.7999999999999972,0.7999999999999972,36.35,36.87,0.7999999999999972,0.7999999999999972,36.126666666666665,36.25,0.18999999999999773,0.17999999999999972,36.160000000000004,36.35,0.28999999999999915,0.28000000000000114,408,901,781,781
2017-08-20,36.0025,36.4,0.6299999999999955,-0.6099999999999994,36.135,36.4,0.6099999999999994,-0.6099999999999994,36.0025,36.4,0.6299999999999955,-0.6099999999999994,36.135,36.4,0.6099999999999994,-0.6099999999999994,462,834,676,49
2017-08-27,35.86666666666667,36.05,0.29999999999999716,-0.29999999999999716,35.9,36.05,0.29999999999999716,-0.29999999999999716,35.85,36.05,0.29999999999999716,-0.29999999999999716,35.85,36.05,0.29999999999999716,-0.29999999999999716,1454,3982,3800,-18
2017-09-03,35.528,36.14,1.1899999999999977,-0.7999999999999972,35.656,36.14,1.1899999999999977,-1.1899999999999977,35.218,35.75,0.9299999999999997,-0.7999999999999972,35.5,35.95,1.1300000000000026,-0.8999999999999986,4005,15913,15800,-15800
2017-09-10,35.14,35.6,0.7800000000000011,0.17999999999999972,35.14,35.6,0.7800000000000011,0.17999999999999972,35.14,35.6,0.7800000000000011,0.17999999999999972,35.14,35.6,0.7800000000000011,0.17999999999999972,194,582,582,582
2017-09-17,35.648,36.49,1.480000000000004,1.480000000000004,35.89,36.49,1.480000000000004,1.480000000000004,35.396,35.96,0.9500000000000028,0.44000000000000483,35.802,36.49,1.480000000000004,1.1900000000000048,1489,5066,5056,5056
2017-09-24,35.86,36.09,0.5400000000000063,-0.20000000000000284,35.965,36.1,0.480000000000004,-0.480000000000004,35.43,36.09,1.0900000000000034,-0.3999999999999986,35.605000000000004,36.1,1.1000000000000014,-1.1000000000000014,1020,2675,2425,2106
2017-10-01,35.81,36.5,1.1700000000000017,-1.0399999999999991,35.94,36.5,1.0499999999999972,-1.0399999999999991,35.446,35.75,0.5200000000000031,-0.28999999999999915,35.54,35.75,0.4099999999999966,-0.28999999999999915,1826,5943,5943,-1188
2017-10-08,35.54666666666667,35.85,0.5900000000000034,-0.2700000000000031,35.71666666666667,35.95,0.6000000000000014,-0.6000000000000014,35.443333333333335,35.57,0.3100000000000023,-0.240000000000002,35.60666666666667,35.95,0.6500000000000057,-0.6500000000000057,779,1145,643,643
2017-10-15,35.0,35.6,1.5,-1.2999999999999972,35.2325,35.97,1.6099999999999994,-1.6099999999999994,34.3875,34.9,1.0499999999999972,-0.8500000000000014,34.5875,35.0,0.7000000000000028,-0.3500000000000014,2349,3526,2685,-152
2017-10-22,34.286,34.5,0.45000000000000284,-0.11999999999999744,34.326,34.5,0.45000000000000284,-0.11999999999999744,33.878,34.5,1.2800000000000011,-0.6799999999999997,34.128,34.5,1.25,-0.29999999999999716,1946,6670,6413,1186
2017-10-29,34.675,35.25,1.0499999999999972,0.7999999999999972,34.7525,35.25,1.0,0.75,34.6725,35.25,1.0600000000000023,0.8100000000000023,34.74,35.25,1.0499999999999972,0.7999999999999972,1185,3730,3512,-3314
2017-11-05,34.455,35.0,0.7999999999999972,-0.6899999999999977,35.129999999999995,36.4,2.0899999999999963,1.3900000000000006,34.455,35.0,0.7999999999999972,-0.6899999999999977,34.6875,35.0,0.6899999999999977,-0.35999999999999943,1251,2070,1919,-1024
2017-11-12,35.6025,36.21,1.2100000000000009,1.2100000000000009,35.8975,36.5,1.1199999999999974,0.8299999999999983,35.3,35.7,0.7000000000000028,0.0,35.56,35.99,0.990000000000002,0.990000000000002,1417,3082,2824,-523
2017-11-19,35.8525,36.39,1.3900000000000006,0.7899999999999991,36.405,36.5,0.2700000000000031,0.0,35.625,36.23,1.2299999999999969,0.7899999999999991,36.16,36.5,0.7899999999999991,-0.29999999999999716,1721,3795,3681,1842
2017-11-26,36.038,36.5,1.3500000000000014,1.3500000000000014,36.33,37.15,2.0,2.0,36.038,36.5,1.3500000000000014,1.3500000000000014,36.33,37.15,2.0,2.0,1363,5391,5391,349
2017-12-03,36.3125,36.87,1.1699999999999946,-0.529999999999994,36.6025,37.0,0.6599999999999966,-0.6599999999999966,36.1,36.87,1.3799999999999955,-0.529999999999994,36.480000000000004,37.0,0.740000000000002,-0.6599999999999966,1157,2187,1715,-281
2017-12-10,36.1175,36.5,1.0300000000000011,0.3100000000000023,36.1375,36.5,1.0300000000000011,0.22999999999999687,35.99,36.5,1.5,0.3500000000000014,36.0825,36.5,1.25,0.22999999999999687,639,1512,1395,-566
2017-12-17,36.27333333333333,37.32,1.6700000000000017,1.6700000000000017,36.766666666666666,37.33,1.6799999999999997,1.6700000000000017,35.82333333333333,37.32,2.270000000000003,2.270000000000003,36.04,37.32,2.270000000000003,2.270000000000003,2440,5689,5273,-801
2017-12-24,38.53,39.9,2.6199999999999974,1.1299999999999955,40.5525,41.75,2.729999999999997,-2.729999999999997,38.4375,39.9,2.8799999999999955,1.3899999999999935,38.9925,40.25,1.8500000000000014,0.5,2045,5773,5550,-4661
2017-12-31,38.57,40.0,3.1499999999999986,-2.25,38.808,40.0,2.6899999999999977,-1.5200000000000031,37.724,38.8,2.529999999999994,-1.1499999999999986,38.102000000000004,39.25,2.1499999999999986,-1.3999999999999986,2456,4584,3134,-1393
2018-01-07,38.56,39.42,1.7199999999999989,-1.7199999999999989,38.870000000000005,39.42,1.1000000000000014,-1.1000000000000014,37.745000000000005,37.79,0.0899999999999963,-0.0899999999999963,37.75,37.79,0.0799999999999983,-0.0799999999999983,2517,4526,4017,4017
2018-01-14,37.89,38.39,0.7899999999999991,-0.7899999999999991,38.075,38.39,0.5300000000000011,-0.29999999999999716,37.8875,38.39,0.7899999999999991,-0.7899999999999991,38.075,38.39,0.5300000000000011,-0.29999999999999716,2037,6117,5845,459
2018-01-21,38.11,38.5,0.7000000000000028,0.25,38.11,38.5,0.7000000000000028,0.25,37.775,37.9,0.29999999999999716,-0.19999999999999574,37.7875,37.95,0.3500000000000014,-0.19999999999999574,799,1533,1344,1344
2018-01-28,37.83,38.5,0.8999999999999986,0.01999999999999602,37.9475,38.5,0.8999999999999986,-0.4099999999999966,37.825,38.5,0.8999999999999986,0.0,37.8325,38.5,0.8999999999999986,-0.030000000000001137,1166,2236,2236,-593
2018-02-04,37.862,38.11,0.509999999999998,0.0,38.172,38.65,1.0499999999999972,-0.8999999999999986,37.782000000000004,38.11,0.509999999999998,0.0,38.092,38.65,1.0499999999999972,-0.8999999999999986,732,1435,1293,-1178
2018-02-11,37.55,37.6,0.10000000000000142,0.10000000000000142,37.55,37.6,0.10000000000000142,0.10000000000000142,37.55,37.6,0.10000000000000142,0.10000000000000142,37.55,37.6,0.10000000000000142,0.10000000000000142,424,717,585,-585
2018-02-18,37.10666666666667,37.98,1.5999999999999943,-1.5999999999999943,37.3,37.98,1.019999999999996,-1.019999999999996,36.67,36.96,0.5799999999999983,-0.28999999999999915,36.86333333333334,36.96,0.28999999999999915,0.28999999999999915,389,524,297,-108
2018-02-25,36.428,36.8,0.759999999999998,0.36999999999999744,36.466,36.99,0.9500000000000028,0.5600000000000023,35.934,36.1,0.730000000000004,0.03999999999999915,36.214,36.99,1.3900000000000006,0.6900000000000048,1204,2693,2527,-2201
2018-03-04,36.324,37.0,1.4399999999999977,-0.7999999999999972,36.386,37.0,1.4399999999999977,-0.5,35.766,36.37,0.9899999999999949,0.6400000000000006,36.096,36.55,1.0499999999999972,-0.04999999999999716,983,2492,2242,-1948
2018-03-11,36.53,36.65,0.14999999999999858,0.0,36.71,37.08,0.5799999999999983,-0.5799999999999983,36.332,36.6,1.0399999999999991,-0.9399999999999977,36.454,36.6,0.6000000000000014,-0.5700000000000003,2352,4354,3579,-1802
2018-03-18,37.452,38.12,1.3799999999999955,0.9499999999999957,38.014,38.7,1.75,1.75,37.412,38.01,1.3099999999999952,1.0,37.943999999999996,38.58,1.6799999999999997,1.6799999999999997,5566,20225,20225,4586
2018-03-25,38.415,39.06,1.0600000000000023,0.6000000000000014,38.6275,39.06,1.0600000000000023,0.6000000000000014,38.115,39.06,1.6600000000000037,-0.6000000000000014,38.3275,39.06,1.6600000000000037,-0.6000000000000014,1048,2952,2687,331
2018-04-01,38.896,39.9,1.3999999999999986,-1.25,38.934,39.9,1.3999999999999986,-1.25,38.333999999999996,38.65,0.6000000000000014,0.4399999999999977,38.378,38.65,0.5399999999999991,0.4399999999999977,1173,2104,1500,23
2018-04-08,39.26,39.95,1.2000000000000028,0.8500000000000014,39.776,41.7,2.700000000000003,2.470000000000006,39.26,39.95,1.2000000000000028,0.8500000000000014,39.456,40.1,1.1000000000000014,0.8700000000000045,801,2653,2486,2215
2018-04-15,40.642,41.61,2.1099999999999994,-1.6000000000000014,40.952,41.61,1.5600000000000023,-0.6000000000000014,39.976,40.5,1.5,-0.38000000000000256,40.07,40.6,1.6000000000000014,-0.3500000000000014,3759,7480,6918,-3870
2018-04-22,40.036,41.26,2.259999999999998,1.8799999999999955,40.628,41.54,1.9399999999999977,1.8999999999999986,39.586,40.5,1.5,-0.1599999999999966,40.56,41.5,2.200000000000003,2.200000000000003,2049,3012,2042,919
2018-04-29,41.166,45.0,5.5,4.670000000000002,43.426,48.95,8.490000000000002,4.539999999999999,40.824,44.79,5.689999999999998,4.460000000000001,42.14,45.0,5.0,4.329999999999998,9894,39234,38839,713
2018-05-06,43.833999999999996,44.87,2.3699999999999974,2.3699999999999974,43.924,44.87,2.3699999999999974,2.3699999999999974,43.57,44.0,1.5,1.1000000000000014,43.85,44.5,2.0,2.0,1718,3052,2697,-440
2018-05-13,43.654,44.4,1.5499999999999972,-0.38000000000000256,43.926,44.4,1.1000000000000014,0.3399999999999963,42.626,43.33,2.6799999999999997,-2.3500000000000014,42.92,44.39,3.3800000000000026,-1.990000000000002,4128,12977,12417,12417
2018-05-20,42.739999999999995,43.46,1.1600000000000037,-1.1600000000000037,43.355000000000004,43.8,0.779999999999994,-0.779999999999994,42.065,42.56,1.2100000000000009,0.9499999999999957,42.93,43.27,0.9400000000000048,0.6900000000000048,5720,10546,8854,-7266
2018-05-27,43.726,44.7,1.9000000000000057,0.8000000000000043,44.516,45.9,2.4200000000000017,2.0,43.178000000000004,44.7,2.5700000000000003,1.5,44.042,45.72,3.3200000000000003,2.280000000000001,3576,5573,3888,-3888
2018-06-03,46.188,48.0,4.200000000000003,-1.0499999999999972,47.264,48.0,1.25,-0.5,44.778,45.87,2.4499999999999957,0.8099999999999952,45.914,47.5,3.280000000000001,0.5,5908,9505,6497,5327
2018-06-10,49.29,50.8,3.299999999999997,3.299999999999997,50.418,51.0,1.6000000000000014,0.990000000000002,48.766,50.1,2.6000000000000014,2.6000000000000014,49.994,50.99,2.690000000000005,1.5300000000000011,11633,17173,8051,-7941
2018-06-17,50.206,50.75,1.1400000000000006,-0.14999999999999858,51.232,52.16,1.759999999999998,0.8599999999999994,49.088,49.41,0.5599999999999952,-0.25,49.882,50.7,1.7600000000000051,-0.6200000000000045,63691,248243,235511,3376
2018-06-24,49.462,50.0,1.0399999999999991,0.3500000000000014,49.94,50.0,0.28999999999999915,-0.28000000000000114,48.114,49.48,2.7099999999999937,1.029999999999994,49.624,49.99,0.6799999999999997,-0.5700000000000003,6500,8875,3994,-3920
2018-07-01,50.735,52.4,2.8500000000000014,2.8500000000000014,52.3,53.83,3.9299999999999997,3.6000000000000014,50.2725,51.56,2.260000000000005,2.0600000000000023,51.4275,53.5,3.6000000000000014,3.6000000000000014,7670,12784,10664,1986
2018-07-08,51.56,53.5,3.469999999999999,-2.8200000000000003,52.182,53.96,2.969999999999999,-2.960000000000001,50.692,51.31,1.2800000000000011,-0.8200000000000003,51.15,51.96,1.25,-0.46999999999999886,5086,11787,9545,-9545
2018-07-15,50.844,51.07,0.5200000000000031,-0.25,51.018,51.47,0.9200000000000017,-0.45000000000000284,50.534,50.98,0.7899999999999991,0.35999999999999943,50.766,50.98,0.4299999999999997,-0.25,1971,4092,3535,-1967
2018-07-22,50.036,50.67,1.3400000000000034,-1.25,50.402,51.0,1.6700000000000017,-1.6700000000000017,48.772,50.03,2.770000000000003,-2.770000000000003,49.792,50.91,2.4099999999999966,-1.75,3326,7079,6390,2763
2018-07-29,48.314,48.64,1.1400000000000006,-1.1400000000000006,48.576,49.0,1.5,-1.490000000000002,47.666,48.49,1.3800000000000026,-1.1900000000000048,47.986000000000004,48.7,1.5900000000000034,-1.0399999999999991,2711,6507,5405,1022
2018-08-05,47.2,47.5,0.8100000000000023,0.39000000000000057,47.2,47.5,0.8100000000000023,0.39000000000000057,46.626,47.14,1.0300000000000011,1.0300000000000011,46.736,47.14,1.0300000000000011,1.0300000000000011,1619,2837,2183,1474
2018-08-12,46.891999999999996,47.3,0.8999999999999986,-0.8999999999999986,47.116,47.5,0.9600000000000009,-0.29999999999999716,46.78,47.3,1.4599999999999937,-1.4599999999999937,47.108,47.5,1.0,-0.29999999999999716,1032,1706,979,-355
2018-08-19,47.172000000000004,47.49,0.8599999999999994,0.28999999999999915,47.39,47.5,0.28999999999999915,0.28999999999999915,46.776,47.19,0.6999999999999957,0.3399999999999963,46.982,47.49,0.8900000000000006,0.22999999999999687,1812,3228,2169,-1970
2018-08-26,47.754999999999995,47.99,0.8300000000000054,-0.8200000000000003,47.754999999999995,47.99,0.8300000000000054,-0.8200000000000003,46.97,47.98,2.1899999999999977,-2.1899999999999977,47.1225,47.98,1.759999999999998,-1.5799999999999983,1414,3617,3197,76
2018-09-02,45.928,46.95,1.7800000000000011,1.7800000000000011,46.65,47.99,2.6200000000000045,1.5400000000000063,45.536,46.14,0.9699999999999989,0.9699999999999989,46.576,47.99,2.6300000000000026,1.5400000000000063,1916,2817,1654,-54
2018-09-09,45.938,47.49,3.789999999999999,-1.9899999999999949,46.384,47.55,3.8499999999999943,-3.3699999999999974,44.668,46.08,4.829999999999998,-4.439999999999998,45.428,47.39,5.590000000000003,-5.270000000000003,4037,5651,4930,4930
2018-09-16,39.908,41.38,2.780000000000001,-0.8800000000000026,40.67,42.0,2.450000000000003,-1.5,38.872,39.85,1.8299999999999983,0.2700000000000031,39.346,40.16,1.5499999999999972,0.480000000000004,22668,70081,63809,-55819
2018-09-23,39.386,40.53,2.4100000000000037,1.5200000000000031,39.878,40.53,1.2100000000000009,0.7000000000000028,38.258,38.69,0.6899999999999977,0.6299999999999955,38.65,39.1,0.7899999999999991,0.7899999999999991,5418,15883,14727,-14727
2018-09-30,40.004,40.16,0.23999999999999488,-0.18999999999999773,40.106,40.45,0.5,-0.1599999999999966,39.282,39.7,1.1900000000000048,1.0,39.428,39.83,1.3200000000000003,1.3200000000000003,2716,7217,6007,839
2018-10-07,40.122,40.65,0.6799999999999997,0.6599999999999966,40.244,40.65,0.6799999999999997,0.6499999999999986,39.536,40.01,0.769999999999996,0.5700000000000003,39.686,40.35,1.1099999999999994,0.730000000000004,2525,4110,3074,1043
2018-10-14,40.718,41.21,1.2199999999999989,-0.9600000000000009,41.108,41.76,1.769999999999996,-0.9699999999999989,40.36,40.87,0.8799999999999955,-0.1599999999999966,40.660000000000004,41.5,1.509999999999998,-0.8900000000000006,1808,2453,1911,-1911
2018-10-21,39.618,40.78,2.450000000000003,1.3500000000000014,40.292,40.94,1.4499999999999957,-0.1599999999999966,39.025999999999996,39.5,1.1700000000000017,-0.5600000000000023,39.63,40.04,1.0,-0.060000000000002274,2438,4258,2927,-977
2018-10-28,40.008,40.66,2.3299999999999983,-1.9200000000000017,40.008,40.66,2.3299999999999983,-1.9200000000000017,39.114000000000004,40.28,3.6700000000000017,-3.3100000000000023,39.24,40.37,3.6599999999999966,-3.210000000000001,2074,5589,4714,4714
2018-11-04,37.31,38.16,1.6499999999999986,-0.490000000000002,37.92,38.47,1.0700000000000003,-1.0700000000000003,36.676,36.97,0.46999999999999886,0.00999999999999801,37.124,38.0,1.490000000000002,-0.490000000000002,4297,7612,5840,237
2018-11-11,37.309999999999995,37.94,1.0399999999999991,1.0399999999999991,37.806,38.19,0.9600000000000009,0.23999999999999488,36.752,37.76,1.759999999999998,1.759999999999998,37.168,37.76,1.509999999999998,0.7299999999999969,2894,5031,4022,-3401
2018-11-18,37.33,38.0,1.5,0.8200000000000003,37.730000000000004,38.1,1.1000000000000014,0.8200000000000003,37.33,38.0,1.5,0.8200000000000003,37.730000000000004,38.1,1.1000000000000014,0.8200000000000003,792,1327,1003,676
2018-11-25,38.309999999999995,39.83,2.530000000000001,2.530000000000001,38.906,39.83,2.259999999999998,2.259999999999998,37.754,38.36,1.4399999999999977,1.4399999999999977,38.252,39.22,1.6499999999999986,1.6499999999999986,3411,4648,3305,-1413
2018-12-02,36.9525,38.6,2.75,-2.75,37.88,38.6,1.3800000000000026,-1.3800000000000026,36.635000000000005,38.6,3.219999999999999,-3.0,37.22,38.6,2.780000000000001,-1.7000000000000028,2854,4522,3081,316
2018-12-09,36.524,37.42,1.5100000000000051,-0.990000000000002,36.608000000000004,37.52,1.6100000000000065,-0.9099999999999966,35.632,36.05,1.8099999999999952,-1.6699999999999946,35.944,36.55,2.309999999999995,-2.309999999999995,2541,4527,3913,672
2018-12-16,32.908,35.6,5.100000000000001,-3.969999999999999,33.448,35.75,4.870000000000001,-4.690000000000001,31.434,34.5,5.620000000000001,-5.620000000000001,31.79,35.57,6.690000000000001,-6.690000000000001,5384,9537,8361,-966
2018-12-23,30.5925,31.23,1.629999999999999,-0.7300000000000004,31.325,32.05,1.0699999999999967,0.8199999999999967,29.525,30.56,2.6199999999999974,-0.5599999999999987,30.605,31.66,2.16,0.8300000000000018,4297,4761,1054,593
2018-12-30,32.230000000000004,34.89,3.6000000000000014,3.4499999999999993,34.1475,37.7,6.200000000000003,6.200000000000003,31.6175,33.94,3.3299999999999983,3.1899999999999977,33.6,37.27,6.660000000000004,5.770000000000003,2752,4028,2084,914
2019-01-06,35.966,37.75,3.1899999999999977,-2.8999999999999986,36.316,38.13,3.4299999999999997,-3.4299999999999997,35.158,37.29,3.039999999999999,-3.039999999999999,35.432,37.8,3.489999999999995,-3.489999999999995,3280,6133,4677,590
2019-01-13,34.885,35.49,1.1300000000000026,-0.3299999999999983,35.1275,35.5,1.1400000000000006,-0.7899999999999991,34.1275,34.82,1.2199999999999989,-0.6499999999999986,34.5175,35.15,1.5499999999999972,-1.5499999999999972,4012,7256,6124,3974
2019-01-20,33.75,33.99,0.3999999999999986,-0.3999999999999986,34.244,35.49,1.8599999999999994,-0.46999999999999886,33.144,33.99,1.4699999999999989,-0.990000000000002,33.556,34.1,0.9400000000000048,-0.5799999999999983,3541,4972,2261,-38
2019-01-27,33.194,33.55,0.6299999999999955,-0.5499999999999972,33.404,33.9,0.9799999999999969,-0.7999999999999972,32.836,33.05,0.4899999999999949,-0.3999999999999986,33.026,33.5,0.9399999999999977,-0.8500000000000014,1766,2778,1700,1267
2019-02-03,33.842,35.0,2.1499999999999986,1.25,34.089999999999996,35.0,1.8400000000000034,1.2800000000000011,33.398,34.1,1.3400000000000034,1.3400000000000034,33.635999999999996,34.44,1.2800000000000011,1.2800000000000011,7418,30122,29346,198
2019-02-10,34.8225,35.0,0.5,0.490000000000002,34.9725,35.0,0.10000000000000142,-0.00999999999999801,34.3575,34.54,0.3999999999999986,-0.35999999999999943,34.435,34.79,0.6300000000000026,-0.6300000000000026,2311,2836,1098,-223
2019-02-17,34.126,34.85,1.4400000000000048,0.36999999999999744,34.258,34.85,0.8500000000000014,0.35999999999999943,33.79,34.45,1.3800000000000026,0.020000000000003126,33.938,34.46,1.3200000000000003,0.010000000000005116,6859,27878,26785,329
2019-02-24,33.972,34.79,2.1899999999999977,0.9399999999999977,34.454,35.0,1.7299999999999969,0.5799999999999983,33.688,34.17,1.5700000000000003,0.35999999999999943,34.044000000000004,34.67,1.3999999999999986,0.25,2096,3564,2287,1373
2019-03-03,33.964,34.73,1.5599999999999952,-1.5599999999999952,34.666,34.93,0.6700000000000017,-0.6000000000000014,33.238,33.73,1.4299999999999997,-0.7999999999999972,33.494,34.06,1.7600000000000051,-0.19000000000000483,5278,9193,5971,1513
2019-03-10,33.708,34.59,1.8400000000000034,0.19999999999999574,34.504,34.9,0.7800000000000011,0.4299999999999997,33.194,33.85,1.3000000000000043,1.3000000000000043,33.934,34.64,1.8900000000000006,1.75,16977,29888,26588,10187
2019-03-17,35.967999999999996,37.96,3.5,3.009999999999998,37.982,41.5,6.490000000000002,3.440000000000005,35.278,37.47,3.259999999999998,0.7899999999999991,36.758,38.07,3.0600000000000023,2.6300000000000026,9516,13419,6345,-5348
2019-03-24,38.99,39.86,1.8599999999999994,1.5200000000000031,39.306000000000004,39.86,1.509999999999998,1.1700000000000017,38.333999999999996,39.23,1.3599999999999994,0.1700000000000017,38.682,39.43,1.3900000000000006,-0.3100000000000023,2001,3544,2617,-774
2019-03-31,37.472,38.25,1.9399999999999977,1.9399999999999977,38.522,39.15,1.0,0.10000000000000142,37.102,37.58,1.269999999999996,0.7100000000000009,37.818,38.25,1.2299999999999969,-1.1299999999999955,3881,5185,2866,-1515
2019-04-07,37.894,38.14,0.8900000000000006,0.7000000000000028,38.568,39.01,0.6299999999999955,-0.05999999999999517,37.348,37.95,1.3900000000000006,0.11999999999999744,38.218,39.01,1.3399999999999963,0.17999999999999972,4145,8569,6740,6740
2019-04-14,36.9175,37.85,1.8700000000000045,-1.8700000000000045,37.615,39.0,2.9399999999999977,-2.1099999999999994,35.9125,37.45,2.3200000000000003,-2.3000000000000043,36.165,37.45,2.0500000000000043,-2.0500000000000043,5530,6871,3121,-2098
2019-04-21,35.716,36.25,1.1400000000000006,0.28999999999999915,36.82,37.43,1.6000000000000014,-0.6799999999999997,35.304,35.77,0.7600000000000051,0.28999999999999915,36.114,37.43,2.4200000000000017,-0.759999999999998,5414,7373,3856,-1184
2019-04-28,36.652,38.23,2.549999999999997,1.519999999999996,37.366,38.23,1.4799999999999969,1.4799999999999969,36.193999999999996,37.41,1.8999999999999986,1.769999999999996,36.798,37.7,2.020000000000003,1.769999999999996,6172,8571,6043,-6043
2019-05-05,38.614,39.8,2.2099999999999937,2.2099999999999937,39.364,39.8,0.8699999999999974,0.7999999999999972,37.452,38.21,2.3299999999999983,0.6199999999999974,38.554,39.55,1.7999999999999972,-0.5300000000000011,3742,4837,2469,-2469
2019-05-12,37.848,38.31,1.3100000000000023,-1.3100000000000023,38.64,39.07,1.2800000000000011,-0.9200000000000017,37.392,38.1,1.8299999999999983,-1.8299999999999983,37.588,38.59,1.9400000000000048,-1.9400000000000048,3922,7914,6281,3751
2019-05-19,36.8,37.0,0.5200000000000031,-0.14999999999999858,37.5925,38.31,1.2100000000000009,-0.6400000000000006,36.372499999999995,36.48,0.3200000000000003,0.030000000000001137,36.885,38.2,1.8500000000000014,0.1700000000000017,4212,6040,3173,-618
2019-05-26,35.342,36.23,2.1999999999999957,-2.1999999999999957,36.224,37.63,2.9299999999999997,-2.9299999999999997,34.374,36.2,2.9200000000000017,-2.4000000000000057,34.842,36.2,2.3800000000000026,-2.3800000000000026,3912,5339,3747,3747
2019-06-02,33.896,34.42,0.9200000000000017,0.35999999999999943,34.554,34.77,0.7700000000000031,0.0,33.282,33.97,1.240000000000002,-0.6700000000000017,34.028,34.76,1.3399999999999963,0.23999999999999488,5549,6743,2893,2824
2019-06-09,32.97,34.36,2.0600000000000023,-2.0600000000000023,33.647999999999996,34.37,1.1799999999999997,-0.9399999999999977,32.06,32.6,1.5500000000000007,-1.4899999999999984,32.354,32.84,1.1500000000000021,-1.1099999999999959,11266,14469,7894,5495
2019-06-16,31.924,32.79,1.2899999999999991,1.2899999999999991,32.652,33.21,1.2200000000000024,0.46000000000000085,31.576,31.73,0.23000000000000043,0.23000000000000043,32.054,33.0,1.2699999999999996,-0.08999999999999986,8413,13101,8501,4391
2019-06-23,32.028,33.12,1.9199999999999982,0.8900000000000006,32.918,33.93,1.6799999999999997,1.509999999999998,31.471999999999998,32.76,1.759999999999998,1.759999999999998,32.214,33.75,2.6900000000000013,2.1900000000000013,65810,278730,272343,-9005
2019-06-30,32.8575,33.75,1.3500000000000014,-1.25,33.36,33.75,0.7700000000000031,-0.5300000000000011,32.335,32.66,0.5799999999999983,-0.12000000000000455,32.845,33.38,1.0500000000000043,0.8900000000000006,3495,5260,3242,2477
2019-07-07,32.65,32.83,0.3299999999999983,-0.030000000000001137,33.036,33.29,0.490000000000002,-0.490000000000002,32.594,32.8,0.29999999999999716,0.12999999999999545,32.72,32.9,0.3999999999999986,-0.10000000000000142,2515,3746,3746,-2590
2019-07-14,36.292,39.14,6.25,6.25,37.422,39.14,4.759999999999998,4.759999999999998,35.804,38.11,5.229999999999997,5.229999999999997,36.65,38.4,4.100000000000001,4.100000000000001,8497,20536,19635,-11550
2019-07-21,38.758,39.0,0.9399999999999977,0.9399999999999977,39.394,39.8,0.6999999999999957,0.1599999999999966,38.446,38.73,0.7299999999999969,0.4099999999999966,38.9,39.5,1.4200000000000017,0.3299999999999983,5668,13671,12165,-12165
2019-07-28,39.436,40.6,2.0600000000000023,1.3299999999999983,40.17,41.32,1.9699999999999989,0.8200000000000003,39.2,39.9,1.3599999999999994,1.1400000000000006,39.398,40.0,1.3200000000000003,1.1899999999999977,2905,4990,3748,1122
2019-08-04,39.514,39.97,1.4699999999999989,0.490000000000002,40.153999999999996,40.5,0.6000000000000014,-0.3999999999999986,39.256,39.97,1.4699999999999989,0.29999999999999716,39.792,40.37,0.9299999999999997,-0.6999999999999957,2966,6550,5900,-3174
2019-08-11,39.426,39.95,1.5500000000000043,1.5500000000000043,39.916,40.17,0.6000000000000014,-0.21999999999999886,39.106,39.47,1.0700000000000003,0.6000000000000014,39.656,40.0,0.740000000000002,-0.3999999999999986,2227,4479,3804,-3259
2019-08-18,39.824,40.29,0.9399999999999977,0.6899999999999977,39.824,40.29,0.9399999999999977,0.6899999999999977,39.814,40.25,0.8999999999999986,0.6599999999999966,39.816,40.25,0.8999999999999986,0.6499999999999986,612,1280,1280,194
2019-08-25,39.11,39.55,0.8799999999999955,0.8799999999999955,40.41,40.57,0.3200000000000003,0.3200000000000003,39.045,39.55,1.009999999999998,1.009999999999998,40.144999999999996,40.25,0.21000000000000085,-0.21000000000000085,1020,1256,471,-471
2019-09-01,39.8775,40.14,0.6099999999999994,0.39000000000000057,40.1475,40.6,0.8400000000000034,-0.46000000000000085,37.865,40.0,4.990000000000002,-3.049999999999997,39.2825,40.6,3.6200000000000045,-3.6200000000000045,2177,4584,4004,4004
2019-09-08,39.346000000000004,40.84,4.340000000000003,3.4200000000000017,40.548,41.9,4.0,3.5,39.012,40.02,3.520000000000003,3.4200000000000017,40.0,41.2,3.3000000000000043,2.770000000000003,7223,15651,14234,-930
2019-09-15,42.204,44.65,4.030000000000001,3.259999999999998,43.644,46.47,5.07,5.07,41.898,44.19,3.5899999999999963,3.5899999999999963,43.146,45.2,4.050000000000004,4.050000000000004,6868,9824,5256,5256
2019-09-22,45.255,46.71,3.3500000000000014,1.3200000000000003,46.46,47.51,2.1199999999999974,2.1199999999999974,44.265,45.1,1.740000000000002,1.6000000000000014,45.8125,47.38,3.450000000000003,3.450000000000003,4294,7257,4742,1681
2019-09-29,45.557500000000005,47.0,2.719999999999999,-2.25,45.645,47.35,3.0700000000000003,-2.6000000000000014,44.894999999999996,46.49,2.450000000000003,-2.240000000000002,44.925,46.6,2.5600000000000023,-2.3500000000000014,1565,2294,1766,-1766
2019-10-06,44.436,44.79,0.6899999999999977,-0.39000000000000057,44.778,44.9,0.5,-0.39000000000000057,43.748,44.79,1.7899999999999991,-1.7899999999999991,44.05,44.9,1.8599999999999994,-1.75,2836,5058,4470,4470
2019-10-13,43.708,44.35,1.0500000000000043,0.509999999999998,44.046,44.69,1.2899999999999991,0.759999999999998,43.4,44.35,2.1000000000000014,1.4500000000000028,43.758,44.4,1.0599999999999952,0.8500000000000014,2309,7666,7302,-6227
2019-10-20,43.124,43.8,1.0,-0.21000000000000085,43.544,44.5,1.6899999999999977,-1.3900000000000006,42.379999999999995,42.81,1.1900000000000048,-0.8200000000000003,42.808,43.24,0.740000000000002,0.0,2202,4681,3962,-1060
2019-10-27,42.532,43.4,1.6000000000000014,-0.240000000000002,42.910000000000004,43.5,1.0,0.6499999999999986,42.35,43.4,1.8099999999999952,0.6699999999999946,42.578,43.5,1.8500000000000014,0.6900000000000048,1074,1866,1329,980
2019-11-03,41.1075,42.34,1.8300000000000054,-1.6400000000000006,41.167500000000004,42.51,2.0,-1.8099999999999952,39.225,40.55,2.6999999999999957,-2.6999999999999957,40.3375,40.75,0.75,-0.5,4862,8407,5422,-4464
2019-11-10,40.592,42.29,2.8900000000000006,-1.2899999999999991,41.53,42.29,1.6000000000000014,1.0800000000000054,40.094,41.23,1.9699999999999989,0.14000000000000057,41.298,42.2,1.8200000000000003,0.769999999999996,3367,4871,3352,252
2019-11-17,42.194,43.23,2.0899999999999963,2.0899999999999963,43.028,43.95,1.720000000000006,1.0,41.492,42.21,1.75,1.3500000000000014,42.264,42.7,0.6200000000000045,-0.01999999999999602,4091,8403,7694,-1257
2019-11-24,42.885000000000005,43.31,0.9699999999999989,0.9699999999999989,43.2225,43.42,0.38000000000000256,0.09000000000000341,42.735,43.04,0.6999999999999957,0.36999999999999744,42.8625,43.1,0.5,0.10999999999999943,2501,6120,5806,-3318
2019-12-01,43.833999999999996,44.55,1.8399999999999963,1.8399999999999963,44.416,46.33,3.6199999999999974,3.6199999999999974,43.498,44.55,1.8399999999999963,1.8399999999999963,43.644,44.56,1.8500000000000014,1.8500000000000014,2070,3188,2020,573
2019-12-08,45.386,46.2,2.940000000000005,0.8200000000000003,46.752,49.35,3.4100000000000037,3.4100000000000037,45.217999999999996,46.11,2.8500000000000014,0.8200000000000003,46.462,48.03,2.0900000000000034,2.0900000000000034,4061,10700,9320,8906
2019-12-15,48.564,50.0,2.450000000000003,1.9200000000000017,50.26,52.26,2.6599999999999966,2.6199999999999974,48.562,49.99,2.440000000000005,1.9100000000000037,50.03,52.0,2.5900000000000034,2.3599999999999994,4275,9753,7652,5694
2019-12-22,52.97,53.7,2.700000000000003,2.700000000000003,53.932500000000005,54.49,0.9699999999999989,0.5900000000000034,52.5,53.7,2.960000000000001,2.960000000000001,53.6525,53.9,0.7199999999999989,-0.11999999999999744,3072,3797,2012,325
2019-12-29,52.903333333333336,53.24,0.8700000000000045,-0.730000000000004,53.33,53.85,0.9500000000000028,-0.9500000000000028,52.1,53.0,2.0600000000000023,-0.6400000000000006,52.71,53.0,0.6400000000000006,-0.6400000000000006,2729,5347,4260,3593
