Datetime,Open,High,Low,Close,Adj Close,Volume,Sector,IPOyear
2020-01-02 09:30:00-05:00,170.14999389648438,170.1699981689453,165.60000610351562,166.0399932861328,166.0399932861328,0,Health Care,
2020-01-02 10:30:00-05:00,166.11000061035156,166.6699981689453,165.40969848632812,166.60000610351562,166.60000610351562,105288,Health Care,
2020-01-02 11:30:00-05:00,166.5800018310547,166.6300048828125,165.5850067138672,165.88999938964844,165.88999938964844,60133,Health Care,
2020-01-02 12:30:00-05:00,165.9199981689453,165.9199981689453,165.52999877929688,165.52999877929688,165.52999877929688,43823,Health Care,
2020-01-02 13:30:00-05:00,165.5399932861328,166.2899932861328,165.32000732421875,166.2899932861328,166.2899932861328,51012,Health Care,
2020-01-02 14:30:00-05:00,166.24000549316406,167.05999755859375,166.22000122070312,166.9199981689453,166.9199981689453,90630,Health Care,
2020-01-02 15:30:00-05:00,166.9600067138672,167.5,166.8249969482422,167.44000244140625,167.44000244140625,90948,Health Care,
2020-01-03 09:30:00-05:00,164.9499969482422,167.3000030517578,164.1699981689453,167.22000122070312,167.22000122070312,79767,Health Care,
2020-01-03 10:30:00-05:00,167.25,167.5800018310547,166.56500244140625,167.0399932861328,167.0399932861328,66354,Health Care,
2020-01-03 11:30:00-05:00,167.07000732421875,167.56500244140625,167.00999450683594,167.30999755859375,167.30999755859375,32597,Health Care,
2020-01-03 12:30:00-05:00,167.27999877929688,167.60000610351562,167.22000122070312,167.44500732421875,167.44500732421875,32722,Health Care,
2020-01-03 13:30:00-05:00,167.5399932861328,167.61000061035156,166.92999267578125,167.22999572753906,167.22999572753906,38309,Health Care,
2020-01-03 14:30:00-05:00,167.1490020751953,167.27000427246094,166.83999633789062,166.9600067138672,166.9600067138672,49640,Health Care,
2020-01-03 15:30:00-05:00,166.94000244140625,167.38999938964844,166.67999267578125,167.1999969482422,167.1999969482422,112367,Health Care,
2020-01-06 09:30:00-05:00,167.02000427246094,167.2899932861328,166.66000366210938,167.0449981689453,167.0449981689453,57715,Health Care,
2020-01-06 10:30:00-05:00,167.00999450683594,168.1999969482422,166.99000549316406,168.1300048828125,168.1300048828125,56743,Health Care,
2020-01-06 11:30:00-05:00,168.08999633789062,168.13999938964844,167.85000610351562,168.02999877929688,168.02999877929688,41781,Health Care,
2020-01-06 12:30:00-05:00,168.02999877929688,168.88999938964844,167.97999572753906,168.8000030517578,168.8000030517578,56752,Health Care,
2020-01-06 13:30:00-05:00,168.83999633789062,169.19000244140625,168.75,169.16000366210938,169.16000366210938,63881,Health Care,
2020-01-06 14:30:00-05:00,169.1699981689453,169.41000366210938,169.10000610351562,169.25999450683594,169.25999450683594,76830,Health Care,
2020-01-06 15:30:00-05:00,169.2899932861328,169.44000244140625,168.9949951171875,169.44000244140625,169.44000244140625,112802,Health Care,
2020-01-07 09:30:00-05:00,168.41000366210938,169.07000732421875,168.27999877929688,168.57000732421875,168.57000732421875,55218,Health Care,
2020-01-07 10:30:00-05:00,168.61000061035156,169.1199951171875,168.3699951171875,169.02999877929688,169.02999877929688,66863,Health Care,
2020-01-07 11:30:00-05:00,169.02000427246094,169.47000122070312,168.85000610351562,169.17999267578125,169.17999267578125,43934,Health Care,
2020-01-07 12:30:00-05:00,169.18499755859375,169.35000610351562,168.9199981689453,169.35000610351562,169.35000610351562,47163,Health Care,
2020-01-07 13:30:00-05:00,169.30999755859375,169.30999755859375,168.8300018310547,168.85000610351562,168.85000610351562,35414,Health Care,
2020-01-07 14:30:00-05:00,168.8699951171875,169.2100067138672,168.8000030517578,169.02000427246094,169.02000427246094,44732,Health Care,
2020-01-07 15:30:00-05:00,169.02999877929688,169.2100067138672,168.9600067138672,169.1199951171875,169.1199951171875,83791,Health Care,
2020-01-08 09:30:00-05:00,170.0,171.4499969482422,168.94000244140625,170.7449951171875,170.7449951171875,101303,Health Care,
2020-01-08 10:30:00-05:00,170.77999877929688,172.625,170.77999877929688,172.58999633789062,172.58999633789062,106213,Health Care,
2020-01-08 11:30:00-05:00,172.5399932861328,173.3000030517578,172.27999877929688,172.89999389648438,172.89999389648438,110058,Health Care,
2020-01-08 12:30:00-05:00,172.8699951171875,172.9499969482422,172.36000061035156,172.54299926757812,172.54299926757812,74938,Health Care,
2020-01-08 13:30:00-05:00,172.55999755859375,173.14500427246094,172.47000122070312,173.14500427246094,173.14500427246094,61502,Health Care,
2020-01-08 14:30:00-05:00,173.1199951171875,173.97999572753906,173.1199951171875,173.9600067138672,173.9600067138672,95157,Health Care,
2020-01-08 15:30:00-05:00,173.9499969482422,174.25999450683594,173.69000244140625,173.83999633789062,173.83999633789062,181105,Health Care,
2020-01-09 09:30:00-05:00,174.35000610351562,175.31500244140625,174.14999389648438,175.17999267578125,175.17999267578125,93467,Health Care,
2020-01-09 10:30:00-05:00,175.17999267578125,176.71499633789062,175.0800018310547,176.39999389648438,176.39999389648438,129166,Health Care,
2020-01-09 11:30:00-05:00,176.4250030517578,176.9499969482422,176.41709899902344,176.4600067138672,176.4600067138672,73963,Health Care,
2020-01-09 12:30:00-05:00,176.47999572753906,176.5,175.27499389648438,175.49000549316406,175.49000549316406,63315,Health Care,
2020-01-09 13:30:00-05:00,175.49000549316406,175.7100067138672,174.99000549316406,175.22500610351562,175.22500610351562,59996,Health Care,
2020-01-09 14:30:00-05:00,175.27000427246094,175.3000030517578,174.57000732421875,174.64779663085938,174.64779663085938,77463,Health Care,
2020-01-09 15:30:00-05:00,174.63999938964844,175.0,174.47999572753906,174.89999389648438,174.89999389648438,148065,Health Care,
2020-01-10 09:30:00-05:00,174.9499969482422,176.14999389648438,174.9499969482422,175.8300018310547,175.8300018310547,56256,Health Care,
2020-01-10 10:30:00-05:00,175.8300018310547,176.5800018310547,175.6199951171875,176.2899932861328,176.2899932861328,61368,Health Care,
2020-01-10 11:30:00-05:00,176.3000030517578,176.8800048828125,176.3000030517578,176.52000427246094,176.52000427246094,49103,Health Care,
2020-01-10 12:30:00-05:00,176.5050048828125,177.49000549316406,176.4499969482422,177.33999633789062,177.33999633789062,55488,Health Care,
2020-01-10 13:30:00-05:00,177.32000732421875,177.72999572753906,177.30999755859375,177.57000732421875,177.57000732421875,52553,Health Care,
2020-01-10 14:30:00-05:00,177.60000610351562,178.0,177.36000061035156,177.73500061035156,177.73500061035156,80287,Health Care,
2020-01-10 15:30:00-05:00,177.7100067138672,177.72999572753906,176.7899932861328,177.5,177.5,176900,Health Care,
2020-01-13 09:30:00-05:00,177.85000610351562,179.10000610351562,177.52000427246094,178.44000244140625,178.44000244140625,137527,Health Care,
2020-01-13 10:30:00-05:00,178.4600067138672,178.99000549316406,178.17999267578125,178.3350067138672,178.3350067138672,102953,Health Care,
2020-01-13 11:30:00-05:00,178.36000061035156,179.14999389648438,178.22999572753906,178.6300048828125,178.6300048828125,78947,Health Care,
2020-01-13 12:30:00-05:00,178.66000366210938,179.2100067138672,178.44000244140625,178.89500427246094,178.89500427246094,72385,Health Care,
2020-01-13 13:30:00-05:00,178.86000061035156,179.1750030517578,178.50999450683594,179.1750030517578,179.1750030517578,65625,Health Care,
2020-01-13 14:30:00-05:00,179.16000366210938,179.30999755859375,178.7772979736328,178.9600067138672,178.9600067138672,77404,Health Care,
2020-01-13 15:30:00-05:00,178.94000244140625,179.35000610351562,178.72000122070312,179.22000122070312,179.22000122070312,129734,Health Care,
2020-01-14 09:30:00-05:00,178.9199981689453,179.75,177.8699951171875,178.16700744628906,178.16700744628906,79139,Health Care,
2020-01-14 10:30:00-05:00,178.1649932861328,178.88999938964844,178.11000061035156,178.72000122070312,178.72000122070312,60728,Health Care,
2020-01-14 11:30:00-05:00,178.77000427246094,178.99000549316406,178.74000549316406,178.83999633789062,178.83999633789062,37323,Health Care,
2020-01-14 12:30:00-05:00,178.8699951171875,180.9199981689453,178.85000610351562,180.3800048828125,180.3800048828125,131858,Health Care,
2020-01-14 13:30:00-05:00,180.35000610351562,180.60000610351562,179.75999450683594,180.33999633789062,180.33999633789062,153559,Health Care,
2020-01-14 14:30:00-05:00,180.3300018310547,181.08999633789062,180.24000549316406,180.9600067138672,180.9600067138672,237761,Health Care,
2020-01-14 15:30:00-05:00,180.97999572753906,181.44500732421875,180.2100067138672,180.3800048828125,180.3800048828125,180478,Health Care,
2020-01-15 09:30:00-05:00,180.32000732421875,181.49000549316406,179.38999938964844,180.5,180.5,94205,Health Care,
2020-01-15 10:30:00-05:00,180.5050048828125,181.05999755859375,180.41000366210938,180.95989990234375,180.95989990234375,79734,Health Care,
2020-01-15 11:30:00-05:00,181.0,181.13999938964844,180.3699951171875,180.40499877929688,180.40499877929688,68621,Health Care,
2020-01-15 12:30:00-05:00,180.39999389648438,180.5399932861328,179.3699951171875,179.61000061035156,179.61000061035156,56613,Health Care,
2020-01-15 13:30:00-05:00,179.61000061035156,179.7100067138672,179.19000244140625,179.51499938964844,179.51499938964844,93039,Health Care,
2020-01-15 14:30:00-05:00,179.55999755859375,179.61000061035156,178.07000732421875,178.22000122070312,178.22000122070312,92222,Health Care,
2020-01-15 15:30:00-05:00,178.1750030517578,178.4199981689453,177.91000366210938,178.27000427246094,178.27000427246094,209689,Health Care,
2020-01-16 09:30:00-05:00,179.05999755859375,180.15499877929688,178.27000427246094,178.32000732421875,178.32000732421875,69849,Health Care,
2020-01-16 10:30:00-05:00,178.3300018310547,178.67999267578125,177.74639892578125,177.9499969482422,177.9499969482422,83718,Health Care,
2020-01-16 11:30:00-05:00,177.9499969482422,177.9499969482422,176.7100067138672,177.13999938964844,177.13999938964844,95020,Health Care,
2020-01-16 12:30:00-05:00,177.1699981689453,178.1300048828125,177.1300048828125,177.60499572753906,177.60499572753906,114730,Health Care,
2020-01-16 13:30:00-05:00,177.61500549316406,177.77000427246094,177.4949951171875,177.50999450683594,177.50999450683594,39282,Health Care,
2020-01-16 14:30:00-05:00,177.5500030517578,178.0,177.47000122070312,177.80999755859375,177.80999755859375,214446,Health Care,
2020-01-16 15:30:00-05:00,177.80999755859375,177.98500061035156,177.63999938964844,177.74000549316406,177.74000549316406,165814,Health Care,
2020-01-17 09:30:00-05:00,177.64999389648438,177.92999267578125,175.55499267578125,177.30499267578125,177.30499267578125,225585,Health Care,
2020-01-17 10:30:00-05:00,177.32000732421875,177.4199981689453,176.8699951171875,177.00999450683594,177.00999450683594,131749,Health Care,
2020-01-17 11:30:00-05:00,177.02999877929688,178.22000122070312,176.97250366210938,177.9250030517578,177.9250030517578,140592,Health Care,
2020-01-17 12:30:00-05:00,177.91180419921875,178.0500030517578,177.57000732421875,177.64999389648438,177.64999389648438,53274,Health Care,
2020-01-17 13:30:00-05:00,177.6699981689453,177.86000061035156,177.0,177.02999877929688,177.02999877929688,98621,Health Care,
2020-01-17 14:30:00-05:00,177.0050048828125,177.0749969482422,176.80999755859375,177.0,177.0,101274,Health Care,
2020-01-17 15:30:00-05:00,177.00999450683594,177.13999938964844,176.8000030517578,177.0,177.0,165056,Health Care,
2020-01-21 09:30:00-05:00,176.85000610351562,178.10000610351562,176.5449981689453,177.48500061035156,177.48500061035156,81685,Health Care,
2020-01-21 10:30:00-05:00,177.48500061035156,178.05999755859375,177.3300018310547,177.99000549316406,177.99000549316406,54638,Health Care,
2020-01-21 11:30:00-05:00,177.9600067138672,178.15420532226562,177.75999450683594,177.97000122070312,177.97000122070312,54331,Health Care,
2020-01-21 12:30:00-05:00,177.97500610351562,178.77000427246094,177.9600067138672,178.69000244140625,178.69000244140625,45712,Health Care,
2020-01-21 13:30:00-05:00,178.67999267578125,179.02999877929688,178.3699951171875,178.9199981689453,178.9199981689453,72991,Health Care,
2020-01-21 14:30:00-05:00,178.9600067138672,179.9600067138672,178.92999267578125,179.67999267578125,179.67999267578125,112752,Health Care,
2020-01-21 15:30:00-05:00,179.6999969482422,179.80999755859375,179.30999755859375,179.66000366210938,179.66000366210938,108620,Health Care,
2020-01-22 09:30:00-05:00,180.18499755859375,180.36000061035156,179.8300018310547,180.19000244140625,180.19000244140625,62508,Health Care,
2020-01-22 10:30:00-05:00,180.14500427246094,180.22000122070312,179.5449981689453,179.80999755859375,179.80999755859375,61151,Health Care,
2020-01-22 11:30:00-05:00,179.7550048828125,180.11500549316406,179.6300048828125,179.77000427246094,179.77000427246094,27890,Health Care,
2020-01-22 12:30:00-05:00,179.75999450683594,179.8300018310547,179.41000366210938,179.76499938964844,179.76499938964844,42487,Health Care,
2020-01-22 13:30:00-05:00,179.75999450683594,180.33999633789062,179.75999450683594,180.10499572753906,180.10499572753906,39077,Health Care,
2020-01-22 14:30:00-05:00,180.14999389648438,180.21499633789062,179.61000061035156,179.66000366210938,179.66000366210938,43950,Health Care,
2020-01-22 15:30:00-05:00,179.69000244140625,179.74000549316406,179.17999267578125,179.52999877929688,179.52999877929688,102783,Health Care,
2020-01-23 09:30:00-05:00,179.27999877929688,179.2899932861328,178.10000610351562,178.9499969482422,178.9499969482422,47821,Health Care,
2020-01-23 10:30:00-05:00,178.9199981689453,179.14999389648438,177.64999389648438,177.77999877929688,177.77999877929688,46118,Health Care,
2020-01-23 11:30:00-05:00,177.81500244140625,178.6999969482422,177.80999755859375,178.69500732421875,178.69500732421875,25571,Health Care,
2020-01-23 12:30:00-05:00,178.75,179.19000244140625,178.5800018310547,179.1300048828125,179.1300048828125,29537,Health Care,
2020-01-23 13:30:00-05:00,179.1699981689453,179.42999267578125,178.89999389648438,179.27000427246094,179.27000427246094,30758,Health Care,
2020-01-23 14:30:00-05:00,179.3040008544922,179.52000427246094,178.9199981689453,179.14999389648438,179.14999389648438,127171,Health Care,
2020-01-23 15:30:00-05:00,179.14500427246094,179.82000732421875,179.13999938964844,179.77000427246094,179.77000427246094,98147,Health Care,
2020-01-24 09:30:00-05:00,180.1999969482422,180.3699951171875,178.32000732421875,178.32000732421875,178.32000732421875,106994,Health Care,
2020-01-24 10:30:00-05:00,178.19000244140625,178.6300048828125,177.3300018310547,177.56500244140625,177.56500244140625,83972,Health Care,
2020-01-24 11:30:00-05:00,177.56500244140625,177.67999267578125,176.94000244140625,177.22000122070312,177.22000122070312,46357,Health Care,
2020-01-24 12:30:00-05:00,177.3800048828125,177.9199981689453,177.27000427246094,177.60000610351562,177.60000610351562,38673,Health Care,
2020-01-24 13:30:00-05:00,177.52999877929688,177.6300048828125,177.07000732421875,177.50999450683594,177.50999450683594,48986,Health Care,
2020-01-24 14:30:00-05:00,177.55990600585938,177.80999755859375,177.0500030517578,177.52999877929688,177.52999877929688,84096,Health Care,
2020-01-24 15:30:00-05:00,177.5,177.5050048828125,176.89999389648438,177.25,177.25,93029,Health Care,
2020-01-27 09:30:00-05:00,174.6199951171875,176.38070678710938,174.6199951171875,175.77499389648438,175.77499389648438,66211,Health Care,
2020-01-27 10:30:00-05:00,175.78500366210938,175.97000122070312,175.3800048828125,175.63999938964844,175.63999938964844,56508,Health Care,
2020-01-27 11:30:00-05:00,175.66000366210938,176.5800018310547,175.64500427246094,176.25999450683594,176.25999450683594,66760,Health Care,
2020-01-27 12:30:00-05:00,176.27999877929688,176.61000061035156,176.14999389648438,176.27000427246094,176.27000427246094,34131,Health Care,
2020-01-27 13:30:00-05:00,176.22999572753906,176.94000244140625,176.22000122070312,176.91000366210938,176.91000366210938,32887,Health Care,
2020-01-27 14:30:00-05:00,176.9499969482422,177.57000732421875,176.67999267578125,177.52999877929688,177.52999877929688,75160,Health Care,
2020-01-27 15:30:00-05:00,177.4600067138672,178.02999877929688,177.25999450683594,177.47999572753906,177.47999572753906,160400,Health Care,
2020-01-28 09:30:00-05:00,178.25,179.55999755859375,177.5,179.38999938964844,179.38999938964844,47306,Health Care,
2020-01-28 10:30:00-05:00,179.38999938964844,179.88999938964844,179.11000061035156,179.72000122070312,179.72000122070312,41139,Health Care,
2020-01-28 11:30:00-05:00,179.6999969482422,179.9600067138672,179.27000427246094,179.9600067138672,179.9600067138672,39374,Health Care,
2020-01-28 12:30:00-05:00,179.89999389648438,179.97999572753906,178.82000732421875,178.82000732421875,178.82000732421875,91431,Health Care,
2020-01-28 13:30:00-05:00,178.8300018310547,180.1699981689453,178.8300018310547,180.1199951171875,180.1199951171875,42375,Health Care,
2020-01-28 14:30:00-05:00,180.10000610351562,180.56500244140625,179.88999938964844,180.30999755859375,180.30999755859375,69153,Health Care,
2020-01-28 15:30:00-05:00,180.32000732421875,180.74000549316406,180.0500030517578,180.58999633789062,180.58999633789062,143810,Health Care,
2020-01-29 09:30:00-05:00,180.6199951171875,181.16000366210938,179.75999450683594,180.94000244140625,180.94000244140625,36013,Health Care,
2020-01-29 10:30:00-05:00,181.11000061035156,181.72000122070312,180.47999572753906,180.76499938964844,180.76499938964844,41369,Health Care,
2020-01-29 11:30:00-05:00,180.77999877929688,180.86000061035156,180.22000122070312,180.60000610351562,180.60000610351562,31197,Health Care,
2020-01-29 12:30:00-05:00,180.52999877929688,180.76199340820312,180.47999572753906,180.6300048828125,180.6300048828125,28226,Health Care,
2020-01-29 13:30:00-05:00,180.6999969482422,180.97000122070312,180.33999633789062,180.72999572753906,180.72999572753906,41508,Health Care,
2020-01-29 14:30:00-05:00,180.72999572753906,181.14999389648438,180.52999877929688,181.02999877929688,181.02999877929688,69366,Health Care,
2020-01-29 15:30:00-05:00,180.9600067138672,181.0,179.8699951171875,179.94000244140625,179.94000244140625,103531,Health Care,
2020-01-30 09:30:00-05:00,179.1199951171875,180.7899932861328,177.5399932861328,177.8800048828125,177.8800048828125,70109,Health Care,
2020-01-30 10:30:00-05:00,177.86000061035156,177.99000549316406,176.8350067138672,177.16000366210938,177.16000366210938,46411,Health Care,
2020-01-30 11:30:00-05:00,177.09500122070312,177.4499969482422,176.5449981689453,176.67999267578125,176.67999267578125,49213,Health Care,
2020-01-30 12:30:00-05:00,176.7100067138672,176.7100067138672,175.66000366210938,175.97000122070312,175.97000122070312,56549,Health Care,
2020-01-30 13:30:00-05:00,175.9600067138672,176.48500061035156,175.77000427246094,176.4600067138672,176.4600067138672,50384,Health Care,
2020-01-30 14:30:00-05:00,176.4600067138672,178.49000549316406,176.3350067138672,178.42999267578125,178.42999267578125,99237,Health Care,
2020-01-30 15:30:00-05:00,178.44000244140625,179.2100067138672,178.3800048828125,179.02000427246094,179.02000427246094,83279,Health Care,
2020-01-31 09:30:00-05:00,177.7100067138672,178.0800018310547,176.52999877929688,176.52999877929688,176.52999877929688,65722,Health Care,
2020-01-31 10:30:00-05:00,176.47000122070312,176.72000122070312,174.7100067138672,174.7100067138672,174.7100067138672,47147,Health Care,
2020-01-31 11:30:00-05:00,174.77000427246094,175.13999938964844,174.74000549316406,175.10000610351562,175.10000610351562,45293,Health Care,
2020-01-31 12:30:00-05:00,175.02499389648438,175.27000427246094,174.5399932861328,175.06500244140625,175.06500244140625,31134,Health Care,
2020-01-31 13:30:00-05:00,175.0399932861328,175.9600067138672,174.9199981689453,175.47999572753906,175.47999572753906,71424,Health Care,
2020-01-31 14:30:00-05:00,175.39999389648438,175.6999969482422,175.10000610351562,175.13999938964844,175.13999938964844,63911,Health Care,
2020-01-31 15:30:00-05:00,175.13999938964844,175.72999572753906,174.9499969482422,175.3800048828125,175.3800048828125,105511,Health Care,
2020-02-03 09:30:00-05:00,176.5500030517578,179.6199951171875,176.50999450683594,178.77999877929688,178.77999877929688,108848,Health Care,
2020-02-03 10:30:00-05:00,178.77999877929688,178.89999389648438,177.9199981689453,178.27000427246094,178.27000427246094,81356,Health Care,
2020-02-03 11:30:00-05:00,178.30999755859375,178.60000610351562,177.75999450683594,177.75999450683594,177.75999450683594,57254,Health Care,
2020-02-03 12:30:00-05:00,177.73500061035156,178.75,177.73500061035156,178.61500549316406,178.61500549316406,50384,Health Care,
2020-02-03 13:30:00-05:00,178.63999938964844,178.91000366210938,178.36000061035156,178.52000427246094,178.52000427246094,56089,Health Care,
2020-02-03 14:30:00-05:00,178.48500061035156,179.17999267578125,178.4199981689453,179.11000061035156,179.11000061035156,106122,Health Care,
2020-02-03 15:30:00-05:00,179.0800018310547,179.25999450683594,178.5399932861328,178.5800018310547,178.5800018310547,136933,Health Care,
2020-02-04 09:30:00-05:00,180.1999969482422,182.35000610351562,180.02999877929688,181.97000122070312,181.97000122070312,81805,Health Care,
2020-02-04 10:30:00-05:00,182.02000427246094,182.5800018310547,181.74000549316406,182.30999755859375,182.30999755859375,51506,Health Care,
2020-02-04 11:30:00-05:00,182.2100067138672,182.57000732421875,181.61000061035156,182.5,182.5,64275,Health Care,
2020-02-04 12:30:00-05:00,182.52999877929688,182.94000244140625,182.3300018310547,182.69000244140625,182.69000244140625,74394,Health Care,
2020-02-04 13:30:00-05:00,182.7100067138672,182.75,182.125,182.1300048828125,182.1300048828125,68255,Health Care,
2020-02-04 14:30:00-05:00,182.0800018310547,182.72999572753906,181.6999969482422,182.6699981689453,182.6699981689453,58160,Health Care,
2020-02-04 15:30:00-05:00,182.67999267578125,182.86000061035156,182.27999877929688,182.49000549316406,182.49000549316406,153972,Health Care,
2020-02-05 09:30:00-05:00,183.74000549316406,184.8699951171875,183.38999938964844,183.38999938964844,183.38999938964844,49484,Health Care,
2020-02-05 10:30:00-05:00,183.57000732421875,184.6999969482422,183.44000244140625,184.5,184.5,53274,Health Care,
2020-02-05 11:30:00-05:00,184.4499969482422,184.57000732421875,184.07000732421875,184.3800048828125,184.3800048828125,40404,Health Care,
2020-02-05 12:30:00-05:00,184.3300018310547,184.4499969482422,183.69000244140625,183.7949981689453,183.7949981689453,48562,Health Care,
2020-02-05 13:30:00-05:00,183.75999450683594,184.27000427246094,183.7100067138672,184.02000427246094,184.02000427246094,48653,Health Care,
2020-02-05 14:30:00-05:00,184.02000427246094,184.25999450683594,183.72999572753906,184.1300048828125,184.1300048828125,58571,Health Care,
2020-02-05 15:30:00-05:00,184.10000610351562,184.39999389648438,183.9499969482422,184.32000732421875,184.32000732421875,87978,Health Care,
2020-02-06 09:30:00-05:00,184.80999755859375,185.30999755859375,183.11000061035156,184.38999938964844,184.38999938964844,43005,Health Care,
2020-02-06 10:30:00-05:00,184.3800048828125,184.52000427246094,184.1300048828125,184.47000122070312,184.47000122070312,37050,Health Care,
2020-02-06 11:30:00-05:00,184.4499969482422,184.47000122070312,183.80999755859375,183.86000061035156,183.86000061035156,37782,Health Care,
2020-02-06 12:30:00-05:00,183.88999938964844,183.97999572753906,183.50999450683594,183.8800048828125,183.8800048828125,35687,Health Care,
2020-02-06 13:30:00-05:00,183.8800048828125,184.13499450683594,183.31500244140625,184.13499450683594,184.13499450683594,32065,Health Care,
2020-02-06 14:30:00-05:00,184.17999267578125,184.27999877929688,183.625,183.8000030517578,183.8000030517578,30421,Health Care,
2020-02-06 15:30:00-05:00,183.8300018310547,183.93499755859375,183.42999267578125,183.8800048828125,183.8800048828125,90888,Health Care,
2020-02-07 09:30:00-05:00,183.48500061035156,183.91000366210938,182.75,183.89999389648438,183.89999389648438,32483,Health Care,
2020-02-07 10:30:00-05:00,183.9499969482422,184.02999877929688,182.6300048828125,182.8000030517578,182.8000030517578,33440,Health Care,
2020-02-07 11:30:00-05:00,182.8699951171875,182.8699951171875,182.25,182.67999267578125,182.67999267578125,20172,Health Care,
2020-02-07 12:30:00-05:00,182.6699981689453,183.14999389648438,182.65499877929688,183.05999755859375,183.05999755859375,21704,Health Care,
2020-02-07 13:30:00-05:00,183.0500030517578,183.0500030517578,182.0,182.44000244140625,182.44000244140625,36764,Health Care,
2020-02-07 14:30:00-05:00,182.5399932861328,182.8000030517578,182.3800048828125,182.4499969482422,182.4499969482422,31560,Health Care,
2020-02-07 15:30:00-05:00,182.47999572753906,182.8000030517578,182.25999450683594,182.32000732421875,182.32000732421875,60345,Health Care,
2020-02-10 09:30:00-05:00,181.99000549316406,183.1699981689453,181.99000549316406,183.00999450683594,183.00999450683594,45292,Health Care,
2020-02-10 10:30:00-05:00,183.0050048828125,183.36000061035156,182.69000244140625,183.32000732421875,183.32000732421875,34908,Health Care,
2020-02-10 11:30:00-05:00,183.2899932861328,183.35000610351562,182.75,183.10000610351562,183.10000610351562,21844,Health Care,
2020-02-10 12:30:00-05:00,183.0399932861328,183.11000061035156,182.5399932861328,182.9199981689453,182.9199981689453,30896,Health Care,
2020-02-10 13:30:00-05:00,182.92999267578125,183.13999938964844,182.74000549316406,182.89999389648438,182.89999389648438,25053,Health Care,
2020-02-10 14:30:00-05:00,182.92999267578125,183.25999450683594,182.92999267578125,183.16000366210938,183.16000366210938,42817,Health Care,
2020-02-10 15:30:00-05:00,183.1699981689453,183.83999633789062,183.1699981689453,183.63999938964844,183.63999938964844,83928,Health Care,
2020-02-11 09:30:00-05:00,183.44000244140625,185.83999633789062,183.44000244140625,185.52999877929688,185.52999877929688,68178,Health Care,
2020-02-11 10:30:00-05:00,185.55999755859375,185.97999572753906,185.37100219726562,185.57000732421875,185.57000732421875,75610,Health Care,
2020-02-11 11:30:00-05:00,185.52999877929688,186.3000030517578,185.52999877929688,186.14999389648438,186.14999389648438,60768,Health Care,
2020-02-11 12:30:00-05:00,186.14999389648438,186.6199951171875,185.9199981689453,186.5,186.5,67662,Health Care,
2020-02-11 13:30:00-05:00,186.4949951171875,187.11000061035156,186.4199981689453,186.60000610351562,186.60000610351562,78092,Health Care,
2020-02-11 14:30:00-05:00,186.61000061035156,186.7375030517578,186.13999938964844,186.31500244140625,186.31500244140625,51680,Health Care,
2020-02-11 15:30:00-05:00,186.3300018310547,186.47999572753906,186.0800018310547,186.13999938964844,186.13999938964844,81709,Health Care,
2020-02-12 09:30:00-05:00,186.42999267578125,187.35000610351562,185.7100067138672,187.27999877929688,187.27999877929688,83105,Health Care,
2020-02-12 10:30:00-05:00,187.24000549316406,187.72999572753906,186.76499938964844,187.2100067138672,187.2100067138672,80705,Health Care,
2020-02-12 11:30:00-05:00,187.24000549316406,188.13999938964844,186.94000244140625,187.97999572753906,187.97999572753906,84525,Health Care,
2020-02-12 12:30:00-05:00,188.0,188.1999969482422,187.13999938964844,187.4600067138672,187.4600067138672,93902,Health Care,
2020-02-12 13:30:00-05:00,187.5,188.07000732421875,187.3300018310547,187.9600067138672,187.9600067138672,63737,Health Care,
2020-02-12 14:30:00-05:00,187.875,188.16000366210938,187.4949951171875,187.8800048828125,187.8800048828125,69461,Health Care,
2020-02-12 15:30:00-05:00,187.8699951171875,187.9499969482422,187.4600067138672,187.5800018310547,187.5800018310547,115341,Health Care,
2020-02-13 09:30:00-05:00,188.49000549316406,194.69000244140625,188.25999450683594,192.1300048828125,192.1300048828125,320002,Health Care,
2020-02-13 10:30:00-05:00,192.1300048828125,196.36000061035156,192.07000732421875,195.3000030517578,195.3000030517578,275930,Health Care,
2020-02-13 11:30:00-05:00,195.4499969482422,195.52000427246094,193.82000732421875,194.4600067138672,194.4600067138672,131691,Health Care,
2020-02-13 12:30:00-05:00,194.55999755859375,194.69500732421875,192.9375,193.2100067138672,193.2100067138672,83436,Health Care,
2020-02-13 13:30:00-05:00,193.22500610351562,195.27999877929688,192.97999572753906,195.02999877929688,195.02999877929688,81765,Health Care,
2020-02-13 14:30:00-05:00,195.02999877929688,195.50999450683594,194.60000610351562,195.33999633789062,195.33999633789062,110086,Health Care,
2020-02-13 15:30:00-05:00,195.3800048828125,195.76499938964844,194.07000732421875,194.72999572753906,194.72999572753906,208349,Health Care,
2020-02-14 09:30:00-05:00,193.47999572753906,194.64999389648438,191.4499969482422,192.0,192.0,110309,Health Care,
2020-02-14 10:30:00-05:00,191.89999389648438,194.25,191.83999633789062,193.98500061035156,193.98500061035156,88592,Health Care,
2020-02-14 11:30:00-05:00,193.98500061035156,194.50999450683594,193.9600067138672,194.1999969482422,194.1999969482422,75616,Health Care,
2020-02-14 12:30:00-05:00,194.24000549316406,194.39999389648438,194.01060485839844,194.3350067138672,194.3350067138672,60494,Health Care,
2020-02-14 13:30:00-05:00,194.34500122070312,194.78919982910156,194.2100067138672,194.64999389648438,194.64999389648438,50304,Health Care,
2020-02-14 14:30:00-05:00,194.60499572753906,195.19000244140625,194.39999389648438,195.11000061035156,195.11000061035156,78558,Health Care,
2020-02-14 15:30:00-05:00,195.1199951171875,195.57000732421875,194.97999572753906,195.19000244140625,195.19000244140625,97643,Health Care,
2020-02-18 09:30:00-05:00,193.66000366210938,194.42999267578125,189.5,189.5,189.5,219320,Health Care,
2020-02-18 10:30:00-05:00,189.3300018310547,190.44000244140625,189.11000061035156,190.35000610351562,190.35000610351562,78573,Health Care,
2020-02-18 11:30:00-05:00,190.38999938964844,190.75999450683594,189.92999267578125,190.1199951171875,190.1199951171875,42386,Health Care,
2020-02-18 12:30:00-05:00,190.10000610351562,190.25,189.52000427246094,189.74000549316406,189.74000549316406,40912,Health Care,
2020-02-18 13:30:00-05:00,189.69500732421875,190.9199981689453,189.24000549316406,190.6300048828125,190.6300048828125,73565,Health Care,
2020-02-18 14:30:00-05:00,190.61000061035156,192.6199951171875,190.49000549316406,191.1199951171875,191.1199951171875,82436,Health Care,
2020-02-18 15:30:00-05:00,191.1300048828125,191.30999755859375,190.6699981689453,190.89999389648438,190.89999389648438,134441,Health Care,
2020-02-19 09:30:00-05:00,191.32000732421875,191.9499969482422,190.75,191.0,191.0,57515,Health Care,
2020-02-19 10:30:00-05:00,190.89500427246094,191.5800018310547,190.75999450683594,191.1300048828125,191.1300048828125,56692,Health Care,
2020-02-19 11:30:00-05:00,191.10499572753906,191.16000366210938,189.7899932861328,190.5800018310547,190.5800018310547,69299,Health Care,
2020-02-19 12:30:00-05:00,190.6199951171875,190.66000366210938,189.5449981689453,189.7899932861328,189.7899932861328,61763,Health Care,
2020-02-19 13:30:00-05:00,189.80999755859375,190.1699981689453,189.65750122070312,189.88499450683594,189.88499450683594,72893,Health Care,
2020-02-19 14:30:00-05:00,189.88999938964844,189.92999267578125,189.4250030517578,189.64999389648438,189.64999389648438,63456,Health Care,
2020-02-19 15:30:00-05:00,189.64999389648438,189.91000366210938,189.5399932861328,189.89999389648438,189.89999389648438,92438,Health Care,
2020-02-20 09:30:00-05:00,189.1699981689453,191.07000732421875,188.4600067138672,190.9199981689453,190.9199981689453,169215,Health Care,
2020-02-20 10:30:00-05:00,191.02000427246094,191.32000732421875,189.625,189.625,189.625,44928,Health Care,
2020-02-20 11:30:00-05:00,189.7100067138672,189.7100067138672,188.8300018310547,189.1699981689453,189.1699981689453,42541,Health Care,
2020-02-20 12:30:00-05:00,189.10000610351562,190.0,188.97999572753906,189.85000610351562,189.85000610351562,57758,Health Care,
2020-02-20 13:30:00-05:00,189.91000366210938,190.05999755859375,189.55999755859375,189.80999755859375,189.80999755859375,53666,Health Care,
2020-02-20 14:30:00-05:00,189.77999877929688,190.02499389648438,189.27000427246094,189.55999755859375,189.55999755859375,45238,Health Care,
2020-02-20 15:30:00-05:00,189.58999633789062,189.63999938964844,188.77999877929688,188.8000030517578,188.8000030517578,158106,Health Care,
2020-02-21 09:30:00-05:00,188.5500030517578,189.89999389648438,187.67999267578125,189.77000427246094,189.77000427246094,73245,Health Care,
2020-02-21 10:30:00-05:00,189.75,189.75,188.8300018310547,188.89999389648438,188.89999389648438,44578,Health Care,
2020-02-21 11:30:00-05:00,189.00999450683594,189.625,188.7100067138672,188.86000061035156,188.86000061035156,51504,Health Care,
2020-02-21 12:30:00-05:00,188.86000061035156,189.19000244140625,188.4149932861328,189.0500030517578,189.0500030517578,42756,Health Care,
2020-02-21 13:30:00-05:00,189.0164031982422,189.60000610351562,188.50999450683594,189.5800018310547,189.5800018310547,29239,Health Care,
2020-02-21 14:30:00-05:00,189.6300048828125,189.75999450683594,189.1199951171875,189.35000610351562,189.35000610351562,31775,Health Care,
2020-02-21 15:30:00-05:00,189.38409423828125,189.63999938964844,189.1300048828125,189.63999938964844,189.63999938964844,63212,Health Care,
2020-02-24 09:30:00-05:00,185.88999938964844,189.2899932861328,185.6300048828125,187.92999267578125,187.92999267578125,130140,Health Care,
2020-02-24 10:30:00-05:00,187.89280700683594,188.16000366210938,187.0800018310547,187.16000366210938,187.16000366210938,102172,Health Care,
2020-02-24 11:30:00-05:00,187.25,187.89999389648438,186.47000122070312,186.47000122070312,186.47000122070312,68984,Health Care,
2020-02-24 12:30:00-05:00,186.42999267578125,187.17999267578125,186.17999267578125,187.0,187.0,72660,Health Care,
2020-02-24 13:30:00-05:00,186.99000549316406,188.0,186.92999267578125,187.90499877929688,187.90499877929688,104970,Health Care,
2020-02-24 14:30:00-05:00,187.97000122070312,188.50999450683594,187.7100067138672,187.92999267578125,187.92999267578125,108210,Health Care,
2020-02-24 15:30:00-05:00,187.99000549316406,188.22000122070312,187.4600067138672,187.57000732421875,187.57000732421875,162227,Health Care,
2020-02-25 09:30:00-05:00,189.10000610351562,189.3699951171875,186.9600067138672,187.1699981689453,187.1699981689453,99773,Health Care,
2020-02-25 10:30:00-05:00,187.07000732421875,187.9199981689453,186.52499389648438,187.4600067138672,187.4600067138672,72596,Health Care,
2020-02-25 11:30:00-05:00,187.4499969482422,187.83999633789062,186.2100067138672,186.25250244140625,186.25250244140625,52659,Health Care,
2020-02-25 12:30:00-05:00,186.1199951171875,186.75999450683594,184.58529663085938,185.17999267578125,185.17999267578125,51991,Health Care,
2020-02-25 13:30:00-05:00,185.00999450683594,185.05999755859375,183.08999633789062,183.14999389648438,183.14999389648438,51010,Health Care,
2020-02-25 14:30:00-05:00,183.24000549316406,184.8300018310547,182.63999938964844,184.8300018310547,184.8300018310547,122442,Health Care,
2020-02-25 15:30:00-05:00,184.6199951171875,185.38999938964844,184.02999877929688,184.57000732421875,184.57000732421875,307852,Health Care,
2020-02-26 09:30:00-05:00,185.80999755859375,188.1999969482422,185.38999938964844,186.5050048828125,186.5050048828125,84197,Health Care,
2020-02-26 10:30:00-05:00,186.22000122070312,187.25,185.68589782714844,186.75999450683594,186.75999450683594,64063,Health Care,
2020-02-26 11:30:00-05:00,186.7550048828125,186.75570678710938,184.25,184.42999267578125,184.42999267578125,51575,Health Care,
2020-02-26 12:30:00-05:00,184.47000122070312,185.1199951171875,184.3000030517578,184.63999938964844,184.63999938964844,32631,Health Care,
2020-02-26 13:30:00-05:00,184.5800018310547,184.5800018310547,182.8800048828125,183.4250030517578,183.4250030517578,46428,Health Care,
2020-02-26 14:30:00-05:00,183.4250030517578,184.71499633789062,183.22000122070312,183.75,183.75,84861,Health Care,
2020-02-26 15:30:00-05:00,183.72999572753906,184.32000732421875,183.60000610351562,183.61000061035156,183.61000061035156,117444,Health Care,
2020-02-27 09:30:00-05:00,181.3000030517578,183.36000061035156,179.77999877929688,180.25999450683594,180.25999450683594,105706,Health Care,
2020-02-27 10:30:00-05:00,180.32000732421875,185.2949981689453,179.94000244140625,184.49000549316406,184.49000549316406,110928,Health Care,
2020-02-27 11:30:00-05:00,184.34500122070312,186.9600067138672,184.08999633789062,186.48500061035156,186.48500061035156,102057,Health Care,
2020-02-27 12:30:00-05:00,186.60000610351562,187.35000610351562,185.9774932861328,185.97999572753906,185.97999572753906,68691,Health Care,
2020-02-27 13:30:00-05:00,185.94000244140625,186.0399932861328,183.99000549316406,185.00999450683594,185.00999450683594,72932,Health Care,
2020-02-27 14:30:00-05:00,185.08999633789062,185.25,183.57000732421875,184.27999877929688,184.27999877929688,158529,Health Care,
2020-02-27 15:30:00-05:00,184.2899932861328,184.55499267578125,182.35000610351562,182.35000610351562,182.35000610351562,154431,Health Care,
2020-02-28 09:30:00-05:00,178.88999938964844,180.75999450683594,171.22000122070312,171.80999755859375,171.80999755859375,257547,Health Care,
2020-02-28 10:30:00-05:00,171.92999267578125,176.3300018310547,171.3800048828125,175.72999572753906,175.72999572753906,221874,Health Care,
2020-02-28 11:30:00-05:00,175.74000549316406,177.02999877929688,174.0800018310547,174.94000244140625,174.94000244140625,216253,Health Care,
2020-02-28 12:30:00-05:00,175.0500030517578,176.3699951171875,174.2100067138672,175.25,175.25,77836,Health Care,
2020-02-28 13:30:00-05:00,175.1300048828125,175.1300048828125,172.30999755859375,172.75,172.75,102477,Health Care,
2020-02-28 14:30:00-05:00,172.92999267578125,175.1199951171875,171.58999633789062,171.58999633789062,171.58999633789062,372452,Health Care,
2020-02-28 15:30:00-05:00,171.52999877929688,175.72000122070312,171.08999633789062,175.69000244140625,175.69000244140625,218579,Health Care,
2020-03-02 09:30:00-05:00,176.7899932861328,181.25,176.74000549316406,180.7100067138672,180.7100067138672,221014,Health Care,
2020-03-02 10:30:00-05:00,180.8300018310547,184.22000122070312,180.14999389648438,184.0399932861328,184.0399932861328,158000,Health Care,
2020-03-02 11:30:00-05:00,183.8000030517578,185.38999938964844,183.74000549316406,184.41000366210938,184.41000366210938,149177,Health Care,
2020-03-02 12:30:00-05:00,184.50999450683594,185.8000030517578,183.27000427246094,183.5500030517578,183.5500030517578,89089,Health Care,
2020-03-02 13:30:00-05:00,183.75999450683594,185.77999877929688,183.3000030517578,183.72500610351562,183.72500610351562,92637,Health Care,
2020-03-02 14:30:00-05:00,183.74000549316406,184.92999267578125,181.75,184.92999267578125,184.92999267578125,124142,Health Care,
2020-03-02 15:30:00-05:00,184.92999267578125,188.4199981689453,184.77999877929688,187.82000732421875,187.82000732421875,311250,Health Care,
2020-03-03 09:30:00-05:00,187.61000061035156,189.01739501953125,184.6573944091797,187.17999267578125,187.17999267578125,206945,Health Care,
2020-03-03 10:30:00-05:00,187.1300048828125,187.58999633789062,182.57000732421875,183.32000732421875,183.32000732421875,70403,Health Care,
2020-03-03 11:30:00-05:00,183.33999633789062,185.6999969482422,183.13999938964844,184.2899932861328,184.2899932861328,47575,Health Care,
2020-03-03 12:30:00-05:00,184.36000061035156,185.75990295410156,182.64999389648438,183.47999572753906,183.47999572753906,80489,Health Care,
2020-03-03 13:30:00-05:00,183.27000427246094,184.43780517578125,180.27499389648438,181.63999938964844,181.63999938964844,77085,Health Care,
2020-03-03 14:30:00-05:00,181.63999938964844,183.2899932861328,180.25,183.13999938964844,183.13999938964844,130808,Health Care,
2020-03-03 15:30:00-05:00,182.83999633789062,182.85000610351562,180.32000732421875,181.25999450683594,181.25999450683594,190462,Health Care,
2020-03-04 09:30:00-05:00,185.6999969482422,190.35000610351562,185.6999969482422,187.64999389648438,187.64999389648438,315491,Health Care,
2020-03-04 10:30:00-05:00,187.55999755859375,188.4199981689453,187.10000610351562,187.72500610351562,187.72500610351562,232523,Health Care,
2020-03-04 11:30:00-05:00,188.02000427246094,188.24000549316406,186.63999938964844,188.07000732421875,188.07000732421875,101259,Health Care,
2020-03-04 12:30:00-05:00,188.25999450683594,192.1199951171875,187.69500732421875,189.41000366210938,189.41000366210938,253095,Health Care,
2020-03-04 13:30:00-05:00,189.47999572753906,190.7519073486328,189.35000610351562,190.4550018310547,190.4550018310547,104196,Health Care,
2020-03-04 14:30:00-05:00,190.47500610351562,190.8000030517578,189.9499969482422,190.5,190.5,226197,Health Care,
2020-03-04 15:30:00-05:00,190.5,191.49000549316406,190.22000122070312,191.17999267578125,191.17999267578125,431348,Health Care,
2020-03-05 09:30:00-05:00,187.27000427246094,193.5449981689453,187.27000427246094,191.33999633789062,191.33999633789062,216744,Health Care,
2020-03-05 10:30:00-05:00,191.47999572753906,193.53500366210938,191.1999969482422,193.13999938964844,193.13999938964844,209977,Health Care,
2020-03-05 11:30:00-05:00,193.02000427246094,193.2899932861328,190.65480041503906,191.35000610351562,191.35000610351562,127517,Health Care,
2020-03-05 12:30:00-05:00,191.34500122070312,191.6300048828125,188.74000549316406,189.19000244140625,189.19000244140625,130936,Health Care,
2020-03-05 13:30:00-05:00,189.19000244140625,189.22000122070312,184.80999755859375,186.69000244140625,186.69000244140625,347529,Health Care,
2020-03-05 14:30:00-05:00,186.4600067138672,189.1699981689453,186.4600067138672,187.8000030517578,187.8000030517578,144213,Health Care,
2020-03-05 15:30:00-05:00,194.52000427246094,194.55999755859375,186.97999572753906,187.0500030517578,187.0500030517578,411795,Health Care,
2020-03-06 09:30:00-05:00,182.83999633789062,183.6199951171875,180.52999877929688,182.64500427246094,182.64500427246094,337650,Health Care,
2020-03-06 10:30:00-05:00,182.63999938964844,183.47999572753906,180.3350067138672,180.44000244140625,180.44000244140625,192052,Health Care,
2020-03-06 11:30:00-05:00,180.56500244140625,181.05999755859375,177.64999389648438,178.47000122070312,178.47000122070312,110380,Health Care,
2020-03-06 12:30:00-05:00,179.44839477539062,180.52000427246094,179.41000366210938,179.8800048828125,179.8800048828125,80982,Health Care,
2020-03-06 13:30:00-05:00,179.82769775390625,180.07000732421875,177.17999267578125,178.03500366210938,178.03500366210938,114428,Health Care,
2020-03-06 14:30:00-05:00,178.0800018310547,178.1699981689453,175.01010131835938,176.05499267578125,176.05499267578125,176484,Health Care,
2020-03-06 15:30:00-05:00,175.94000244140625,180.10000610351562,175.7449951171875,179.74000549316406,179.74000549316406,371811,Health Care,
2020-03-09 09:30:00-04:00,179.83999633789062,179.83999633789062,169.50790405273438,171.25,171.25,182578,Health Care,
2020-03-09 10:30:00-04:00,171.0399932861328,172.23989868164062,169.1699981689453,171.69000244140625,171.69000244140625,141189,Health Care,
2020-03-09 11:30:00-04:00,171.61000061035156,176.0,171.33999633789062,175.47999572753906,175.47999572753906,121612,Health Care,
2020-03-09 12:30:00-04:00,175.42999267578125,175.9600067138672,173.1800994873047,173.66000366210938,173.66000366210938,172575,Health Care,
2020-03-09 13:30:00-04:00,173.77000427246094,174.58999633789062,172.46499633789062,173.58999633789062,173.58999633789062,291628,Health Care,
2020-03-09 14:30:00-04:00,173.13999938964844,179.49000549316406,173.08999633789062,178.47999572753906,178.47999572753906,275028,Health Care,
2020-03-09 15:30:00-04:00,178.3800048828125,179.67999267578125,176.0,176.0,176.0,419152,Health Care,
2020-03-10 09:30:00-04:00,180.0,180.8249969482422,173.77499389648438,173.77499389648438,173.77499389648438,187458,Health Care,
2020-03-10 10:30:00-04:00,173.67999267578125,173.7949981689453,167.2050018310547,167.75999450683594,167.75999450683594,145952,Health Care,
2020-03-10 11:30:00-04:00,167.7899932861328,170.67999267578125,166.5399932861328,168.99000549316406,168.99000549316406,99389,Health Care,
2020-03-10 12:30:00-04:00,168.7100067138672,168.99000549316406,166.5,167.27999877929688,167.27999877929688,151141,Health Care,
2020-03-10 13:30:00-04:00,167.32000732421875,167.9698944091797,166.25999450683594,167.61810302734375,167.61810302734375,214872,Health Care,
2020-03-10 14:30:00-04:00,167.49000549316406,170.1999969482422,167.49000549316406,168.1374969482422,168.1374969482422,154080,Health Care,
2020-03-10 15:30:00-04:00,168.16000366210938,170.86000061035156,167.52000427246094,170.5500030517578,170.5500030517578,341143,Health Care,
2020-03-11 09:30:00-04:00,167.52000427246094,167.6999053955078,162.5500030517578,162.5500030517578,162.5500030517578,253482,Health Care,
2020-03-11 10:30:00-04:00,162.77999877929688,163.42999267578125,160.14999389648438,160.35000610351562,160.35000610351562,175715,Health Care,
2020-03-11 11:30:00-04:00,160.4499969482422,161.77999877929688,159.47000122070312,159.89999389648438,159.89999389648438,144781,Health Care,
2020-03-11 12:30:00-04:00,159.7899932861328,160.0399932861328,157.52000427246094,159.5749969482422,159.5749969482422,207282,Health Care,
2020-03-11 13:30:00-04:00,159.55999755859375,160.14999389648438,157.02999877929688,157.72000122070312,157.72000122070312,168001,Health Care,
2020-03-11 14:30:00-04:00,157.66000366210938,158.63999938964844,154.49000549316406,155.94500732421875,155.94500732421875,196738,Health Care,
2020-03-11 15:30:00-04:00,156.02999877929688,159.02999877929688,155.50999450683594,159.02999877929688,159.02999877929688,438495,Health Care,
2020-03-12 09:30:00-04:00,150.3699951171875,150.5,143.00999450683594,147.99070739746094,147.99070739746094,318986,Health Care,
2020-03-12 10:30:00-04:00,148.14999389648438,150.74000549316406,142.25,142.33999633789062,142.33999633789062,210370,Health Care,
2020-03-12 11:30:00-04:00,142.24000549316406,142.77999877929688,137.6300048828125,139.16000366210938,139.16000366210938,192788,Health Care,
2020-03-12 12:30:00-04:00,139.0850067138672,144.98989868164062,137.22999572753906,141.13499450683594,141.13499450683594,261806,Health Care,
2020-03-12 13:30:00-04:00,141.25999450683594,141.76499938964844,138.80999755859375,140.94000244140625,140.94000244140625,171999,Health Care,
2020-03-12 14:30:00-04:00,140.77000427246094,141.50999450683594,139.0,139.0572967529297,139.0572967529297,220483,Health Care,
2020-03-12 15:30:00-04:00,139.03500366210938,140.10000610351562,136.52999877929688,136.88999938964844,136.88999938964844,333066,Health Care,
2020-03-13 09:30:00-04:00,145.47999572753906,145.80999755859375,137.61000061035156,140.07000732421875,140.07000732421875,235800,Health Care,
2020-03-13 10:30:00-04:00,139.88999938964844,139.9499969482422,135.47000122070312,136.30999755859375,136.30999755859375,205009,Health Care,
2020-03-13 11:30:00-04:00,136.44000244140625,137.41000366210938,134.1300048828125,136.3000030517578,136.3000030517578,148424,Health Care,
2020-03-13 12:30:00-04:00,136.39999389648438,138.7899932861328,136.2899932861328,138.0500030517578,138.0500030517578,139670,Health Care,
2020-03-13 13:30:00-04:00,138.0583953857422,138.22000122070312,135.75,136.27000427246094,136.27000427246094,177137,Health Care,
2020-03-13 14:30:00-04:00,136.3000030517578,137.99000549316406,135.27999877929688,137.89999389648438,137.89999389648438,249092,Health Care,
2020-03-13 15:30:00-04:00,138.17999267578125,151.18800354003906,136.52999877929688,151.02000427246094,151.02000427246094,773815,Health Care,
2020-03-16 09:30:00-04:00,140.97999572753906,142.35000610351562,133.7100067138672,135.46499633789062,135.46499633789062,323005,Health Care,
2020-03-16 10:30:00-04:00,135.6199951171875,139.10000610351562,135.02999877929688,137.36000061035156,137.36000061035156,269752,Health Care,
2020-03-16 11:30:00-04:00,137.44000244140625,137.5800018310547,134.35000610351562,135.49000549316406,135.49000549316406,237335,Health Care,
2020-03-16 12:30:00-04:00,135.41259765625,136.61000061035156,131.0601043701172,131.60000610351562,131.60000610351562,139954,Health Care,
2020-03-16 13:30:00-04:00,131.32000732421875,131.32000732421875,129.3094940185547,130.41000366210938,130.41000366210938,154055,Health Care,
2020-03-16 14:30:00-04:00,130.4199981689453,134.61500549316406,130.4199981689453,131.3300018310547,131.3300018310547,162252,Health Care,
2020-03-16 15:30:00-04:00,131.3350067138672,131.3350067138672,121.56999969482422,121.91000366210938,121.91000366210938,388656,Health Care,
2020-03-17 09:30:00-04:00,125.0,125.06999969482422,113.54000091552734,116.375,116.375,277063,Health Care,
2020-03-17 10:30:00-04:00,116.33000183105469,123.54000091552734,113.76000213623047,122.1050033569336,122.1050033569336,261697,Health Care,
2020-03-17 11:30:00-04:00,122.0,127.45999908447266,121.20999908447266,125.5,125.5,212845,Health Care,
2020-03-17 12:30:00-04:00,125.17579650878906,126.20999908447266,123.19000244140625,123.91500091552734,123.91500091552734,178080,Health Care,
2020-03-17 13:30:00-04:00,123.87000274658203,125.7300033569336,123.01000213623047,123.51000213623047,123.51000213623047,187854,Health Care,
2020-03-17 14:30:00-04:00,123.33999633789062,125.13500213623047,119.95999908447266,119.95999908447266,119.95999908447266,211068,Health Care,
2020-03-17 15:30:00-04:00,119.8302001953125,124.5,119.59989929199219,124.43000030517578,124.43000030517578,316931,Health Care,
2020-03-18 09:30:00-04:00,118.44000244140625,118.44000244140625,111.58999633789062,115.28500366210938,115.28500366210938,313394,Health Care,
2020-03-18 10:30:00-04:00,115.41999816894531,115.41999816894531,112.01000213623047,113.11000061035156,113.11000061035156,151812,Health Care,
2020-03-18 11:30:00-04:00,113.0199966430664,119.20999908447266,113.01000213623047,119.07499694824219,119.07499694824219,226787,Health Care,
2020-03-18 12:30:00-04:00,119.16999816894531,119.5250015258789,111.0,111.22000122070312,111.22000122070312,117688,Health Care,
2020-03-18 13:30:00-04:00,111.2948989868164,114.12999725341797,108.36000061035156,109.0999984741211,109.0999984741211,181184,Health Care,
2020-03-18 14:30:00-04:00,108.4800033569336,109.9800033569336,103.02999877929688,103.04000091552734,103.04000091552734,221819,Health Care,
2020-03-18 15:30:00-04:00,103.01000213623047,107.79000091552734,101.26000213623047,107.77999877929688,107.77999877929688,269643,Health Care,
2020-03-19 09:30:00-04:00,106.44000244140625,115.0,98.0199966430664,111.76000213623047,111.76000213623047,237349,Health Care,
2020-03-19 10:30:00-04:00,111.33999633789062,112.12000274658203,107.9000015258789,111.3989028930664,111.3989028930664,118796,Health Care,
2020-03-19 11:30:00-04:00,110.97000122070312,118.0999984741211,110.62000274658203,112.31999969482422,112.31999969482422,130545,Health Care,
2020-03-19 12:30:00-04:00,112.19999694824219,114.95500183105469,110.0,113.4000015258789,113.4000015258789,122220,Health Care,
2020-03-19 13:30:00-04:00,113.51940155029297,117.01499938964844,113.1500015258789,115.21499633789062,115.21499633789062,103043,Health Care,
2020-03-19 14:30:00-04:00,115.41500091552734,116.9749984741211,114.22940063476562,116.375,116.375,179022,Health Care,
2020-03-19 15:30:00-04:00,116.43000030517578,117.23269653320312,113.01000213623047,114.5,114.5,198269,Health Care,
2020-03-20 09:30:00-04:00,116.12999725341797,119.5,109.16000366210938,118.44499969482422,118.44499969482422,318209,Health Care,
2020-03-20 10:30:00-04:00,117.95279693603516,121.38999938964844,116.6449966430664,118.69499969482422,118.69499969482422,286172,Health Care,
2020-03-20 11:30:00-04:00,118.69000244140625,118.94999694824219,113.02999877929688,113.2249984741211,113.2249984741211,183391,Health Care,
2020-03-20 12:30:00-04:00,113.78500366210938,115.06999969482422,112.0,113.58350372314453,113.58350372314453,111575,Health Care,
2020-03-20 13:30:00-04:00,113.27999877929688,113.8499984741211,110.13999938964844,111.44000244140625,111.44000244140625,108128,Health Care,
2020-03-20 14:30:00-04:00,111.41999816894531,111.53500366210938,107.38999938964844,109.25,109.25,167777,Health Care,
2020-03-20 15:30:00-04:00,109.12000274658203,110.22000122070312,106.45999908447266,107.33999633789062,107.33999633789062,314477,Health Care,
2020-03-23 09:30:00-04:00,105.71499633789062,108.0999984741211,103.04000091552734,104.41000366210938,104.41000366210938,171617,Health Care,
2020-03-23 10:30:00-04:00,104.5,106.47000122070312,102.0479965209961,102.0479965209961,102.0479965209961,114792,Health Care,
2020-03-23 11:30:00-04:00,102.26499938964844,106.12010192871094,100.33000183105469,105.55259704589844,105.55259704589844,124295,Health Care,
2020-03-23 12:30:00-04:00,104.86000061035156,108.48999786376953,104.25,107.05500030517578,107.05500030517578,86623,Health Care,
2020-03-23 13:30:00-04:00,106.73999786376953,106.81999969482422,102.12999725341797,104.36000061035156,104.36000061035156,114022,Health Care,
2020-03-23 14:30:00-04:00,104.83999633789062,105.80000305175781,102.81999969482422,104.375,104.375,177888,Health Care,
2020-03-23 15:30:00-04:00,104.33999633789062,105.20999908447266,103.33000183105469,104.0,104.0,192934,Health Care,
2020-03-24 09:30:00-04:00,110.47000122070312,113.91999816894531,108.61000061035156,111.41500091552734,111.41500091552734,205280,Health Care,
2020-03-24 10:30:00-04:00,111.0,113.47000122070312,109.0,112.86000061035156,112.86000061035156,130291,Health Care,
2020-03-24 11:30:00-04:00,112.62999725341797,114.63999938964844,111.94499969482422,113.76000213623047,113.76000213623047,116808,Health Care,
2020-03-24 12:30:00-04:00,113.69000244140625,114.1989974975586,111.66000366210938,113.0,113.0,97646,Health Care,
2020-03-24 13:30:00-04:00,112.70999908447266,112.9000015258789,109.72000122070312,111.7300033569336,111.7300033569336,91579,Health Care,
2020-03-24 14:30:00-04:00,111.29000091552734,117.20600128173828,111.0,117.12000274658203,117.12000274658203,213136,Health Care,
2020-03-24 15:30:00-04:00,117.11000061035156,118.62000274658203,116.22000122070312,117.7699966430664,117.7699966430664,298758,Health Care,
2020-03-25 09:30:00-04:00,119.83999633789062,124.2300033569336,116.3499984741211,119.26000213623047,119.26000213623047,183778,Health Care,
2020-03-25 10:30:00-04:00,119.5199966430664,121.9010009765625,118.55000305175781,120.27999877929688,120.27999877929688,137289,Health Care,
2020-03-25 11:30:00-04:00,119.7300033569336,122.33910369873047,119.23999786376953,121.79000091552734,121.79000091552734,123090,Health Care,
2020-03-25 12:30:00-04:00,121.62999725341797,125.77999877929688,120.89540100097656,124.96499633789062,124.96499633789062,136251,Health Care,
2020-03-25 13:30:00-04:00,125.12000274658203,126.91000366210938,123.16000366210938,125.02999877929688,125.02999877929688,108560,Health Care,
2020-03-25 14:30:00-04:00,125.3499984741211,126.86000061035156,124.21499633789062,126.1500015258789,126.1500015258789,132590,Health Care,
2020-03-25 15:30:00-04:00,126.0,126.80000305175781,122.04000091552734,122.6500015258789,122.6500015258789,201572,Health Care,
2020-03-26 09:30:00-04:00,123.62000274658203,136.86000061035156,123.13999938964844,136.2899932861328,136.2899932861328,313763,Health Care,
2020-03-26 10:30:00-04:00,135.90499877929688,137.17999267578125,131.55999755859375,133.9600067138672,133.9600067138672,208751,Health Care,
2020-03-26 11:30:00-04:00,133.9499969482422,135.33999633789062,133.42999267578125,134.83999633789062,134.83999633789062,176583,Health Care,
2020-03-26 12:30:00-04:00,134.6649932861328,136.72000122070312,133.8699951171875,134.0800018310547,134.0800018310547,115947,Health Care,
2020-03-26 13:30:00-04:00,134.2899932861328,136.36000061035156,133.75,135.4600067138672,135.4600067138672,124308,Health Care,
2020-03-26 14:30:00-04:00,135.4550018310547,136.97000122070312,134.38999938964844,135.3699951171875,135.3699951171875,144935,Health Care,
2020-03-26 15:30:00-04:00,135.3800048828125,138.44000244140625,134.32000732421875,137.0800018310547,137.0800018310547,207902,Health Care,
2020-03-27 09:30:00-04:00,132.3800048828125,132.3800048828125,126.36000061035156,129.7449951171875,129.7449951171875,161298,Health Care,
2020-03-27 10:30:00-04:00,129.24000549316406,132.11000061035156,128.58999633789062,129.8300018310547,129.8300018310547,90136,Health Care,
2020-03-27 11:30:00-04:00,130.07000732421875,132.6300048828125,129.57000732421875,131.5800018310547,131.5800018310547,158621,Health Care,
2020-03-27 12:30:00-04:00,131.47479248046875,132.4499969482422,130.6649932861328,131.0500030517578,131.0500030517578,68844,Health Care,
2020-03-27 13:30:00-04:00,131.25,132.30999755859375,130.5635986328125,131.14739990234375,131.14739990234375,86596,Health Care,
2020-03-27 14:30:00-04:00,131.64999389648438,133.2949981689453,131.27999877929688,132.72999572753906,132.72999572753906,110413,Health Care,
2020-03-27 15:30:00-04:00,132.94000244140625,132.94000244140625,127.86000061035156,129.0399932861328,129.0399932861328,220011,Health Care,
