Date,CARVStock_Open_average,CARVStock_Open_max,CARVStock_Open_min,CARVStock_Open_volatility,CARVStock_Open_change,CARVStock_High_average,CARVStock_High_max,CARVStock_High_min,CARVStock_High_volatility,CARVStock_High_change,CARVStock_Low_average,CARVStock_Low_max,CARVStock_Low_min,CARVStock_Low_volatility,CARVStock_Low_change,CARVStock_Close_average,CARVStock_Close_max,CARVStock_Close_min,CARVStock_Close_volatility,CARVStock_Close_change,CARVStock_Volume_average,CARVStock_Volume_max,CARVStock_Volume_min,CARVStock_Volume_volatility,CARVStock_Volume_change
2018-04-08,-0.7100685538079806,-0.8425663287212972,-0.42649854278805077,-0.5317654077317918,0.7252267580661834,-0.9009136101209535,-0.976440783402685,-0.2794816125316906,-0.8946952558852004,0.5723611146780809,-0.9095693713499837,-1.163507627822009,-0.6182895897697223,-0.9009097852872744,0.43889600049773436,-0.8016420401431056,-0.7652682557506354,-0.5857158328801341,-0.35593530581352717,1.6083956395444856,-0.4671389491122738,-0.6371160542457054,-0.1952911335672767,-0.6121281022126137,0.5109488207153656
2018-04-15,-0.18649750384991423,-0.39656950915551453,-0.2805874661918593,-0.13307284555926657,-0.23250525235177685,-0.19628684567954352,-0.0703429383991379,-0.18075419083142688,0.055353706579350535,-0.3421747082248059,0.06369981164274237,0.08984899515894061,-0.10934599275197579,0.5025564920947351,0.7777370344846766,0.24387331640670076,0.021249342138393856,0.21902113090394618,-0.4620422848701408,0.07653992028822103,-0.2891984845260467,-0.4758431776916365,-0.9760565301390962,-0.37356287912516567,-0.014386139555153563
2018-04-22,-0.026416456238023828,-0.1296434015906399,-0.17189731503646982,0.09474128931090947,-1.2486792243033704,-0.5567064590059103,-0.5729947591962095,-0.6262896796725206,-0.18863666123004563,-0.2387666970326608,0.343163429947778,0.6501146608400996,0.0734834741163832,1.2357470415675307,-0.7117663138385887,0.038166401519719194,0.22876946626566724,-0.3282485132137018,1.1911421194850835,-0.9585657262077424,-1.0870647816062353,-0.6877033150538524,-0.8906679266391152,-0.5939122520866175,0.10303364749609414
2018-04-29,1.2296325555449341,1.678215683086338,1.513422311429806,0.09287567967246642,0.10866489766684005,0.8351434414440164,0.683850704405038,0.9614807662402735,0.03137908226103446,0.2990927244722943,1.1062345792178498,0.8283461300430592,0.9056667494095475,-0.3768470254753635,1.0530211604320854,1.051897781940578,1.180667274964335,1.2676182813691104,-0.24899792116276465,0.6537646466403958,1.1026002372735337,1.921158948495271,-0.6758052909453411,2.003028287565923,0.07175910342522318
2018-05-06,1.0265202905315187,0.44320654677511934,1.1558597063346714,-1.5846347791299702,-0.9383281690080594,0.25019820031808127,-0.2463955743919163,0.6207988093164069,-0.7312427321772913,-0.10774721855802512,1.218140518220719,1.02364309293588,0.9375064113056031,-0.1536976814482565,0.5363308450622762,0.9389143353810059,0.559572005128261,1.13528188309309,-1.29414299801537,-0.11390058520510003,-1.1280422993760229,-0.7402930236298292,-0.7409944808094543,-0.67047165032575,0.17927255169278042
2018-05-13,3.2009305241453956,3.318345062410588,1.2766656985253904,3.325033715301606,3.318457342688608,3.263173375480246,3.299153731523678,0.9493631408375087,3.303228617422262,3.291513865407592,3.0882761583928136,3.3104759540243345,1.1387221023746454,3.3245794223239695,3.3091160445487446,3.2637381837154065,3.3195259013673892,1.4314468000286964,3.3257554338008646,3.311989610981548,3.327980513040552,3.328033804692869,-0.7230805740852693,3.3280369646609524,3.325949588208783
2018-05-20,2.9362520698783627,1.3589553046184588,3.2706209758644595,-0.06564908717400798,-0.51474132407589,2.448759179647717,1.3432932446791699,3.2801990321885635,-0.10359840300255223,-0.5154974164758279,2.9891102612922604,1.6621584480814766,3.2527981155610095,0.051882900531706286,-0.42426792455132334,2.502128280743239,1.2253649572984493,3.256523928057278,0.019183902820895,-0.2983825485336447,0.3439539941557017,-0.005872000314905424,3.3238569185701663,-0.07292097085236844,-0.4496273567778316
2018-05-27,1.8500259129940582,0.9132712227753349,1.9407637678347998,-0.08634717100020653,-0.5558185514510668,1.4248561491597638,0.8508361756814565,1.7601445905583193,-0.02905458440775696,-0.5589136849385947,1.9885840117378322,1.368240166674817,1.9245918052792,0.3996743628619245,-1.070779159757298,1.595186171291583,0.856476785339782,1.9873512432898468,-0.029119275100048456,-0.7524581202063167,-0.2532190648202228,-0.27963375650638445,0.2825817509281802,-0.28512948901115387,-0.17257517292224936
2018-06-03,1.0776538443537114,0.39105663372305466,1.2537967189712844,-0.338782388591282,-0.2830318720391692,0.8692215812008107,0.4207051765421553,1.244618019229833,-0.2705547642551562,-0.14593253299965364,1.2935197820921676,0.6857527892000019,1.6519091680339635,-0.44689732620821465,-0.19654859692321344,0.9887519988919068,0.46310732262361365,1.4416148367898052,-0.27369921494197286,-0.22738911451534302,-0.30636860283652106,-0.28670567197924524,-0.10612020267088568,-0.28431903124135255,-0.2737190582828074
2018-06-10,0.8880654422150239,0.5580782638774031,0.92400664991957,0.04765061840232226,-0.1552779031931943,0.7808756297073508,0.438051846555106,0.9699710666725183,-0.10798020780302522,-0.17814369640509536,1.0087284783755472,0.5888955065007744,1.1594044331296158,-0.22735901095432612,-0.024936876077663386,0.9157924630351131,0.46067632270131914,1.1235831427010803,-0.134147171911583,0.14433202084188962,-0.276731798193912,-0.2655221964024421,-0.15407470879553958,-0.2621807447567475,-0.25400201376295567
2018-06-17,0.9209663305922837,0.34469269676639536,1.0499108323458235,-0.31910728681762934,-0.2218996520899827,0.6942750388961912,0.2721529576030744,1.0343991125096967,-0.3727508292418002,-0.19720258377963293,1.0456955416279736,0.5845269339932426,1.2365799413264547,-0.3727503837709011,-0.13936925608701253,0.8619456746850457,0.35568901486117027,1.166824811982612,-0.32318576671971727,-0.3232231110616754,-0.3307909548680452,-0.3066568539734466,-0.26402608607237743,-0.3010648206324354,-0.27745335875341615
2018-06-24,0.2784739804289241,0.0788156455782324,0.36873431191499334,-0.15962077781237682,-0.5033742612803951,0.20951355228746393,0.027095522656487445,0.38430613726421237,-0.22057901052187942,-0.412440935777961,0.4162845582947617,0.19833960697439104,0.582306842113184,-0.2817733132469548,-0.46029993812642633,0.25492616611743985,0.029356378033131836,0.5024924039655748,-0.27863706025743484,-0.43948377603759503,-0.32804620934461737,-0.2994195779480772,-0.3066346989679957,-0.29297728718734195,-0.28580573207078125
2018-07-01,0.18857173791959908,-0.1306453071664378,0.31214896926533353,-0.3479895475737151,-0.19369953458006683,0.05086051681073441,-0.1954878263286721,0.3151111809017404,-0.41160782856705946,-0.18481565131689365,0.2729593763149342,-0.05065651706956162,0.4875775731512392,-0.4965167866997008,-0.2091237373101692,0.15515930240522444,-0.11557130773317502,0.3630817385414129,-0.3413004308361997,-0.34624077282366705,-0.34647175294036314,-0.3108713040035445,-0.3239838366423675,-0.30406935099350324,-0.23140084660597912
2018-07-08,-0.04564173920590476,-0.28105668733305117,0.0028327625798053257,-0.2993751257621916,-0.3222563015909478,-0.19517043990691882,-0.26845906793801716,-0.09332038506931731,-0.22479931608040868,-0.4019652321928373,-0.027127499285924842,-0.13401493572869808,-0.15575284358847968,-0.023634507294129775,-0.6300433207597321,-0.19937510540760628,-0.2667528960940226,-0.19556935017067714,-0.16820236377120307,-0.5521373626307516,-0.3424907423417999,-0.30946721241166414,-0.3681639990445712,-0.30177916923329123,-0.23951410393682493
2018-07-15,-0.5029920568020722,-0.5175005395282948,-0.4718823883334893,-0.25300996878770976,0.03022680556125788,-0.555033438245075,-0.5253679724401511,-0.37540288955392287,-0.31906592232830544,-0.05713416710861345,-0.41914854362165604,-0.4760513077052185,-0.356229312273934,-0.23704582239962457,0.15752104088859342,-0.5105243981095271,-0.5054684159154552,-0.3009216439662109,-0.3494151348603178,0.03618423807704599,-0.34335739501085194,-0.3115411470093574,-0.38003265829191674,-0.3036144813802712,-0.2897563515281737
2018-07-22,-0.808534829275429,-0.7039825647279381,-0.8788360528943222,-0.20960745045036272,-0.46347486100277263,-0.8313757116872021,-0.704559296062713,-0.6977631174949969,-0.31968226679248446,-0.32718459918800663,-0.7596729130465365,-0.6687191751340711,-0.7923027169263658,-0.09989659662205941,-0.6160824343848411,-0.8226472430800517,-0.6331336664464559,-0.6199577806962565,-0.3145261388188425,-0.41738249231693486,-0.3513949087582026,-0.3134439047761352,-0.35661785628553033,-0.3059862748236877,-0.261854076185848
2018-07-29,-1.0068244933049315,-0.8148724497441053,-0.8451436596298569,-0.3369776725850769,0.026773676101226572,-0.9284107357964645,-0.7140368053736468,-0.6981496274953269,-0.33166008045414636,0.0008260786306456486,-0.9635010632884764,-0.9517008062303309,-0.7793592844875922,-0.3779149035059353,-0.0032586389754283027,-1.067790830941851,-0.7861262746072383,-0.8378294447582382,-0.36213862084718756,-0.07848414635234269,-0.33516554130431697,-0.3028184828435498,-0.3589603547410991,-0.2953337997763258,-0.23096630615885538
2018-08-05,-0.7125228951461913,-0.028431889603404575,-0.7903190118140314,0.36468978989047013,0.48457720349210115,-0.09955165172121241,0.6381998846578264,-0.6725381359861035,0.8603387625941246,0.6707071760415491,-0.7368277509903925,-0.11151819560117751,-0.7312957430134615,0.3630191301220832,0.6123557306322699,-0.0668877016892313,0.7866771478123213,-0.6993241243653985,0.9608375933712985,0.8109325275733393,0.8853927188307285,1.0282578107562066,-0.37971844014428596,1.0336141334485311,0.4828473363247734
2018-08-12,0.5548897946247188,0.3918562249439494,0.5520550655658226,-0.28633374927033645,-0.6336719562609973,0.5213601405604706,0.32881587876519625,0.5664864896593895,-0.17416410040037586,0.06801429530004625,0.3021533925127029,0.43871350604080517,0.19150428876520853,0.4750079585945167,0.7476918372800366,0.6568401091423464,0.46746281679545276,0.7864759127785456,-0.13468460190785428,-0.37513557075422416,-0.2317661836312197,-0.25940221986897344,-0.04132841184860579,-0.25797659440636683,-0.8120577770942057
2018-08-19,1.2059160295984326,0.8839234799312108,1.3001718802171913,-0.7400792119086897,0.14302250702621327,1.3097594063287847,0.9412703056516372,1.4137577490831528,-0.16584256331259276,0.4543080044963997,1.3429706989782098,1.2258571723104679,1.1229034186832654,0.2605855986280773,0.7000466490676632,1.3046850376446262,0.8982404745790057,1.3972380590649296,-0.16106052078957905,0.008681333906425228,-0.23126893395170128,-0.2451766294713028,0.25527647239724804,-0.24700100780136994,-0.20841341065638636
2018-08-26,0.7363899536791242,0.6580226490775355,0.38375441796551846,0.40092925794542617,-1.1892374443164675,0.6655405260234352,0.6704656156289887,0.10799192280774429,0.6814794086037556,-1.6073193242274721,0.6683254559208895,1.1294451066886437,0.3787663148629099,1.1971118818914033,-1.6930932082492507,0.4415811802051269,0.4312875258580395,0.29275997345399657,0.24855321027111185,-1.3713730417770638,-0.24306222673222283,-0.2633615754641691,1.7174829591075547,-0.27428855715656225,-0.243158197081699
2018-09-02,-0.45806052247799706,-0.6383113807908729,-0.3889062875893961,-0.40632059513332885,-0.39085836873940055,-0.6705512811924813,-0.6784043449829485,-0.6590048707209688,-0.24111880861677243,-0.6778330384235407,-0.5701436180143112,-0.5931850590240337,-0.755197287099951,0.2828235841660871,-1.0945682030880017,-0.6671418983804638,-0.5353897225726456,-0.6704237370095121,-0.06863999905176223,-0.9197953525206167,-0.2586604698733509,-0.2812606586076119,0.4635371765671802,-0.28379840397631223,-0.005303620055151798
2018-09-09,-0.8876639613542378,-1.0734865418328707,-0.6345452280811863,-0.6913124424827423,0.10027268532024057,-0.8093511645856992,-0.8393960835849326,-0.4543239935535008,-0.6165849227500358,-0.15697965571640612,-0.7530325665742926,-0.8863172215813396,-0.5801220102669487,-0.5901973039387219,0.3793874986983875,-0.6541126288292713,-0.7936948131296158,-0.2770304324974627,-0.6981530357859546,0.2753907930081099,-0.2876637022312117,-0.26313473000325455,-0.8697886595383905,-0.25712568350769655,-0.6184750488032881
2018-09-16,-0.5804464865709938,-0.665451794067446,-0.41328713693754315,-0.42463671802224756,0.30948168167624795,-0.4940465904593789,-0.4058839436011569,-0.4251254251455478,-0.1618250886715081,0.5295153872356938,-0.6118158501483005,-0.6851183610304431,-0.2617050149972606,-0.8211456597979401,0.4474553701131229,-0.4874504994426658,-0.20545135454390337,-0.46843543009966193,0.10404823699346756,1.13143090999672,-0.20376743711484133,-0.2466621297506558,1.4284858863875862,-0.2565727487030499,-0.6483514528876543
2018-09-23,-0.16561134359801974,-0.1490641542723636,0.07296521366466219,-0.3363094639137326,-0.6404617471306175,-0.33097177700199193,-0.42864895273530157,-0.03781017995105046,-0.48190860551760506,-0.44373311475336946,-0.05387461323988441,-0.45757309410665775,0.45515304342869867,-1.386336381686378,-0.1279265959118169,-0.2896167195997346,-0.4696738757869252,0.030391851346142203,-0.5634095435637858,-0.14474246587146813,-0.34377899916099375,-0.3110586388696216,-0.6913230415160451,-0.3055372843362473,-0.2292281405302555
2018-09-30,-0.1860147045924739,-0.0690409956996356,0.03271566915511464,-0.15629900043749606,0.27729424384370327,-0.38615427321139245,-0.37349933816406966,-0.17238008102962224,-0.323802570165707,0.36068481530908825,-0.0626303206256396,-0.42999016008190755,0.4074177236202273,-1.2906250470150595,0.19576102352350047,-0.2556398990079303,-0.4371936156420471,0.05780873990165647,-0.5478058998167838,0.36192537279445214,-0.34213875389884807,-0.30927903134825985,-0.8908236862937912,-0.3021470498229453,-0.16267806194029408
2018-10-07,-0.471593096628782,-0.5482683149233882,-0.2162765596529896,-0.5439980496738495,-0.552510046232898,-0.5692243769405366,-0.64300560608241,-0.24902178744990247,-0.5962481081707405,-0.32048178714575626,-0.42041337649438887,-0.6852296024406221,-0.026857663463468445,-1.1025599703618234,-0.326453105668533,-0.4874401835716397,-0.5977254687144637,-0.3512160505826875,-0.4489088266333346,-0.16822347838843724,-0.3332412096858831,-0.31080454794836615,-0.2769549672311524,-0.30830041959837357,-0.22488241171315904
2018-10-14,-0.40154752688177014,-0.6643500411388017,-0.1963146698000189,-0.7402539078844886,-0.2922727499051198,-0.5868906686188395,-0.6272980512067615,-0.35701241905439685,-0.4939390458000324,0.08930982677070146,-0.22000626487398148,-0.393565989610364,0.04172679428953653,-0.6850035395453875,-0.49291593101579956,-0.392840964103609,-0.5952880836567043,-0.1693968290913243,-0.564888771197772,-0.12521748984829587,-0.3596180381630707,-0.30740260314234696,-0.927075790962901,-0.30005642088090356,-0.021505140075515843
2018-10-21,-0.47238017521865894,-0.6188211807928878,-0.30578717602257566,-0.5097196828495607,-0.3369165230383371,-0.6368637287661344,-0.6079489989121446,-0.4380254844588898,-0.4055706019922363,-0.4313467074246658,-0.5883879575632451,-0.8556475158735446,-0.21024833149857017,-1.0866211885837833,-0.07807451872711409,-0.7791545889496887,-0.8137978299812364,-0.4762397224393809,-0.6042585847513599,-0.285480731189331,-0.3590873997983313,-0.3181698354783698,-0.8441450336088082,-0.3113452003211447,-0.1982080509162196
2018-10-28,-0.639968513429309,-0.9666936709874393,-0.3935220852776285,-0.8532275564112138,0.36668995999136095,0.18424119812765455,1.1974988448005364,-0.4280045697263802,1.5310233634624915,0.8351370654376411,-0.5984121224810475,-0.8527381390858481,-0.3341461818164434,-0.9018107644822497,-0.001517154559423324,-0.3857663646958213,0.015000200898175515,-0.5410243740763278,0.34424765626505477,1.214514587499827,0.2905363006578712,0.33374768318107173,-0.2492244590646792,0.33507451796624016,-0.04513289464288992
2018-11-04,-0.04885539400141081,0.2107740101434443,-0.16656014981874875,1.1310117893949103,-1.245747584590849,-0.32205379195227873,-0.294099079153128,-0.3755999225241978,-0.05948127999811224,-0.9846336283417716,-0.28769570622859464,-0.3314596785058772,-0.2838885852727402,-0.2863461043420258,-0.5577349815494065,-0.42686628933967985,-0.6103575167119486,-0.294060582720704,-0.7828248874490321,-0.29607235019375133,-0.4564478333389384,-0.3920202272443903,-0.5021800035053718,-0.3731234256958408,0.1736056419236874
2018-11-11,-0.5894131977264893,-0.7944918205944517,-0.4125840160633931,-1.2187704455911375,1.128999264507431,-0.7924252214661486,-0.9533064365802758,-0.586262377844613,-0.8175141079203677,0.4748043620019392,-0.4413798748896433,-0.408377154067552,-0.2495252304775912,-0.4591037884692391,0.6535383166372767,-0.6154504254611532,-0.7409576044242998,-0.4472345992897938,-0.7493550349333956,0.360199620974869,-0.6417159552374757,-0.44654221696438534,-0.8543416562827351,-0.417815910243217,0.2338033062589777
2018-11-18,-0.11310952609330632,-0.21401939558312041,0.04506539508737108,-0.47482072810780795,1.1079695005075085,-0.2120990319721919,-0.5554913563581036,0.7104151002936152,-0.8241708217956545,0.4198869727047313,0.1884491671429279,0.2982823508406234,0.24963531091574276,0.22687473577248743,1.2132748077241213,0.263227240964263,-0.1737512084701887,0.25632410309850545,-0.3724943675797574,0.5465212077034209,-0.5467674608572907,-0.4129548204201019,-0.6945050271708346,-0.3903827132423134,0.10622442232731637
2018-11-25,0.8880497258841232,0.5455121658538491,0.10750132777887199,0.745216046482857,0.8227506037212339,0.2532490251817841,-0.23950463244211792,1.5109749247086321,-0.49367529888322076,0.3131716471270349,0.1686731325629056,-0.17103724654386562,0.5625528640419043,-0.5721398209738474,-0.40061823913683564,-0.17461118909816511,-0.41635670509497696,0.2193185645190529,-0.4333162505178864,-0.524840696718081,-0.38081028092462493,-0.3377382593496266,-0.06967251593170816,-0.3373765812583595,0.6641347718170945
2018-12-02,-1.1126327806998182,-1.230105119373121,-0.5312223094093117,-1.4485241973119838,0.03676187489895184,-0.6236249701697903,-0.48156243009566685,0.13951830859082678,-0.4988277888761669,-0.01233579463203938,-1.0074413124089172,-1.1345681548321271,-1.1663891434188411,0.03192636699639987,-1.055149784831549,-1.3508651732874426,-0.8699792019205415,-1.9217849518937247,0.03784941884694007,-1.248748623004909,-0.3236091041046989,-0.27842704297217274,-0.2140428149894765,-0.27456134609204197,0.5173082542971074
2018-12-09,-2.7459657532809727,-1.3676835263712686,-3.035676494161315,1.7596999339214328,-1.437529744731088,-2.6081512793993444,-0.988901007074346,-3.040365308402395,0.18242274493128025,-1.4627966645864594,-2.951159225394543,-2.798234098219994,-2.9465315562366716,-0.0007489618742391245,-0.04812225042435412,-3.01483377666864,-2.4160040927026607,-2.813134480171277,-0.8958069352604091,-0.29006751114557083,-0.414743940749352,-0.3128487727258135,-0.6299109870103461,-0.298941532978754,0.2582442505765237
2018-12-16,-2.238059526657123,-2.033509742152295,-2.531894051687096,1.106730668865356,-0.5435201068262822,-1.8665533777131345,-0.9823243524129783,-2.607957815507316,0.5908195733066514,-0.8091896023932749,-2.3417888146059256,-2.0275144551120223,-2.751372998796317,2.794191905119202,-2.1336247031683353,-2.1875689605473645,-1.622588880805367,-2.779129757794268,1.7513929274627686,-1.5808506636589377,-0.31706368124863726,-0.2951183978426266,-0.03308852485934098,-0.29635483688538994,0.004926526506076022
2018-12-23,-2.5082758317256584,-2.5029375821337827,-2.368084819662645,-0.09129153226001141,-0.4418569255852646,-2.2803554943480173,-1.6037532090748905,-2.124869626040925,-0.2569473054944871,0.5931752457160692,-2.626005378994974,-2.6468539375855746,-2.3148772130043676,-0.24674699088593738,0.5624722679504326,-2.4207858801369992,-1.868908422794642,-2.2946575363019734,1.2534997629647142,1.4683599753745296,-0.2340079355705444,-0.2637305426184404,1.308657364448264,-0.2790416872275265,0.09582463293187422
2018-12-30,-1.5212779952142887,-1.1314671249223462,-1.7529105609055033,1.8432759883266139,2.3751382582072114,-1.4380026190269857,-1.0310384904019314,-1.5450437822875824,0.058152270524431046,0.3338284063821036,-1.4036936685015855,-0.6135100427364776,-1.5230940328053069,2.4294817418798735,2.4196176663092857,-1.584568805400489,-1.021180791537077,-1.5262695745326524,1.290492925223087,1.4601222851312474,-0.3046334477901978,-0.26650216888783684,-0.659349088487495,-0.26091620191189313,-1.441245289116826
2019-01-06,-1.1363879972507724,-1.4460668117265545,-0.879507457324736,-0.9536197417472715,0.63830134786953,-1.2908822104590505,-1.0296375144291825,-1.0374376573223185,-0.4257718157318277,0.7678606478912542,-0.9532962819666816,-1.0491965161375993,-0.7894048805886865,-0.2560149021012604,0.4972302696712599,-1.1240479533728096,-1.3577736771330544,-0.8981485197537894,-0.4983978834432587,0.08422221120419321,-0.3329115813965851,-0.31042824982255357,-0.6995720728105437,-0.3053757146503071,0.24812703404625283
2019-01-13,-0.720158674750208,-0.9388242501099675,-0.5168519782939667,-0.8029865661539117,-0.17620650252914827,-0.944648864287994,-0.906551594719995,-0.7382418086557924,-0.5728862452492406,-0.27179909264738333,-0.4782707990994172,-0.5788513809477822,-0.36057904369930593,-0.32020072208834655,-0.4263451477558205,-0.6589693759634397,-0.8746157060431451,-0.45548538210539186,-0.6067997585612498,-0.5433093445119637,-0.4003768013902743,-0.33782221637366266,-0.9131874696498596,-0.3308877402803162,-0.006226422652399178
2019-01-20,-0.6847384663227112,-0.9854025701785258,-0.4094618236967145,-1.1354867100625317,-0.16047951410991637,-0.25648657234738015,-0.4065771256152841,-0.06982323215540363,-0.49784081118688045,-0.6152908585515859,-0.4733124243696255,-0.7007385914046178,-0.2633156592294891,-0.8545414264763879,-0.34257114777788505,-0.012060890918747437,-0.28220869708510693,0.19144820105143828,-0.818884565094487,-0.6301181331188769,-0.3725197630304327,-0.3279961865165232,-0.6549164122466321,-0.32352379403513487,-0.39950841332023374
2019-01-27,-0.15892564837429873,-0.30237836440174876,-0.3366922590797658,0.06718824750439577,0.9222096433704129,-0.03011089059321295,0.1709346492611508,-0.06413766965763619,0.461238007305457,0.7170306784024221,0.06056011731184297,0.013896595761228729,-0.19829409702660525,0.496354553527273,0.8530935609883595,0.10543843402333454,-0.14629881685559382,0.18075233497132542,-0.6204053340426183,0.3318859495254727,-0.21984707328046432,-0.45334350390101735,-0.07518212426258804,-0.4992618698885269,-0.29826989480118093
2019-02-03,-0.04259322248928508,0.025074735480054212,-0.22456900620978504,0.4826117627185824,-1.290423351039343,-0.2043884715981792,-0.23655154358471442,-0.523863844778074,0.7270740798759681,-1.585872935438879,0.002559917719488361,0.2925343103067329,-0.17543212388383814,0.9357848931415756,-1.3962853823288264,-0.20438939058714164,0.06107560168971715,-0.2751158269192424,0.6377564873201638,-1.3950036492254763,-0.6900348817385505,-0.4656504946255712,-0.6603726566727962,-0.36664711489190677,-0.03787351316325129
2019-02-10,0.47971017698507595,1.3419143186615394,-0.09868846435767013,2.1461360139537717,1.9524349797800193,0.6671578275232355,1.1712128211227124,-0.1428580552210708,1.951322759532708,2.3442266356217996,0.14254641044306252,0.6014242970501198,-0.14849551945445424,1.3084230744455791,0.5117211703671612,0.32612358909340894,0.9291676356371851,-0.14560207191987296,1.4780995223823694,0.6268801207298691,3.19767777701593,3.1495513955668075,-0.48290085373956687,3.1872087378775307,3.2219251030899216
2019-02-17,0.4172665662781197,0.3428067033322952,0.768767682738937,-0.5035258592299529,-0.10624130718199083,0.17398241816502266,0.005825475006391248,0.36969108392740746,-0.5841558559697372,-0.512100281894082,0.024572290444253,0.04282209797000461,0.25662709598775535,-0.3485757750124492,-0.6194744744374305,-0.048938146978005574,0.26920323203320234,0.08745034406619684,0.17324135275106714,-1.0109764102389704,-0.22180530851234462,-0.163256201920857,0.264044821272626,-0.18122793474010573,-0.2645010327482053
2019-02-24,-0.15872442061485426,-0.3990560353684387,0.2089702842088805,-0.6741227111609995,-0.10171183573640999,-0.5533336502306311,-0.8394392949445197,-0.03587123770576509,-1.0430297428263475,0.13652793140958328,-0.2529505991929278,-0.6725449502017228,0.09319349640253434,-0.9939314502425537,0.03254594314330186,-0.4117213564230359,-0.9845035667095183,-0.16309486295295061,-0.7759820916312883,0.005461277551773562,-0.22025379599522849,-0.39650489424209595,0.6572932884570145,-0.43737097278920223,-0.3343032338393222
2019-03-03,-0.4660275538899981,-0.689298339763962,-0.005559900793610932,-0.7784967151192932,-0.496600784840196,-0.8754589530338692,-1.1240799325943045,-0.18152374302669677,-1.188976036924441,-0.24359826715810787,-0.154257185559668,-0.47524031187085475,0.12548768294362955,-0.6826047939733496,-0.49993225632630384,-0.5214737380244419,-1.129301179446237,-0.08164485108754135,-0.8952559195940345,-0.4281057262871698,-0.4507990643093522,-0.46082056999057286,-0.6010981850677247,-0.42245797296230847,-0.1123906564120202
2019-03-10,-0.7800419919074929,-1.0548414595209998,-0.09870850629230303,-1.0928786776711508,-0.28693552362945274,-1.0916418763289892,-1.2100785161503615,-0.5875319001202957,-0.9779338438663024,-0.44985467883359587,-0.48799869565041004,-0.9404243403288215,0.1695687715403344,-1.2449964018127726,0.06426369485618327,-0.7426506848663864,-1.393973149368089,-0.0732431910081798,-1.2300351663967715,-0.17420193566978268,-0.4374712070131981,-0.41542898795519145,-0.8447291308739352,-0.3627700215362871,-0.44131828667776873
2019-03-17,-0.5239342316337358,-0.798974407321404,-0.10341331020152894,-0.8241150560903232,-0.17369641035652528,-0.4046991557019278,-0.3306978298125619,-0.21469671748119695,-0.2609817576298856,-0.09453363331039182,-0.15733646906490206,-0.5059750166897183,0.1619928880156636,-0.7700807062284597,-0.11685535332924221,-0.17717183546105894,-0.31859703463541605,0.1855773915321902,-0.5152062803886431,-0.10318272760692082,-0.5322431512673265,-0.5126435884491983,-0.557819993215608,-0.4791772040541408,-0.26075088161920656
2019-03-24,1.0802212599769792,1.9730853198171647,-0.013374359652473035,2.018633223203425,0.8406895101916325,2.1632932503789566,2.965354449189875,-0.5552438752929102,3.118893809159611,1.406533246917463,-0.07752163690164962,-0.29540951504690777,0.07405682282510662,-0.3057717778259069,0.5596431678179598,1.1987013982578385,2.2626528953487886,-0.32180719748684466,2.4150881323351645,1.1668971391943301,3.23467195983232,3.2971861687005495,-0.9184978905530425,3.297308018703257,1.0597896253582928
2019-03-31,0.7159709634749382,0.027553082244418336,1.597361964661032,-0.5356592092314071,-0.4291835578199332,0.37244296000224847,-0.07377592338135439,1.4063759747246374,-0.4324296929249111,-0.30297459124574777,0.5376481928794717,-0.12211310140729995,1.8063543374132345,-0.8979701511468434,-0.250990358865099,0.2008481794519104,-0.252727504939238,0.8309404830422498,-0.6570589688077701,-0.10077179003502004,0.02364953569632617,-0.09072544810420753,3.247440488203646,-0.15511102284067788,-0.30087293429342205
2019-04-07,-0.38673819802307413,-0.4870163462829398,0.09944515720859788,-0.5387779754273372,-0.46232528284496455,-0.4266645693844836,-0.4833959706587382,-0.31459588138010114,-0.39580040932957006,-0.12307828355521332,-0.4673828655863811,-0.756556954688857,0.5972650639884649,-1.0182355834372039,0.14218819813740677,-0.5491187164071362,-0.5121035513838106,-0.07425184129566767,-0.4731670181675755,0.5816805190745493,-0.30701430937566543,-0.3193351069627635,0.2676448331671681,-0.32392361800261055,-0.22702526005966692
2019-04-14,-0.6182100968862414,-0.4391154110781311,-0.19206498346239279,-0.39220118859651887,-0.704473141702287,-0.49612138897254887,-0.3886041458372148,-0.6122484620162978,-0.2286876897728738,-0.6267510087235525,-0.8555578722528121,-0.6034115146130453,-0.932487578237325,-0.3081216362197303,-0.12125389054701216,-1.1019756099117266,-0.971379772161218,-0.7427083898846704,-0.6498144618872661,-0.06946647267333655,-0.20565439451850143,-0.17801356037497715,-0.06086999233423172,-0.17635632787731495,-0.41495195550871206
2019-04-21,-0.7689347150958418,-0.6965584340554616,-0.4644607592956359,-0.5717113474778356,-0.32883404221140805,-0.7312728301647784,-0.6692137244490224,-0.3627580574456247,-0.5796644686848688,-0.42618756304815014,-0.4197235260293751,-0.22401820802243122,0.14035984093871284,-0.2945642824228121,-0.09889043287643683,-0.699879708573149,-0.6248608590106113,-0.21288454487251637,-0.563500798247801,0.18677835323997646,-0.42180546455041446,-0.3637420262159562,-0.5497130630778141,-0.3519333646108368,-0.5230403374719291
2019-04-28,-0.7991946610703927,-0.6910933370888365,-0.4311028267187753,-0.5832406540162973,0.3761809716134254,-0.7685210147958584,-0.5229096245676845,-0.7188264949558997,-0.37099314577244596,0.3829787301710047,-0.5975070530356703,-0.6230010923944603,0.19578310803111723,-0.7311640453350494,0.31378888830171403,-0.7610268357547405,-0.8306875794010709,-0.23542465823097447,-0.7997390171686072,-0.06848552130456796,-0.4234708029058559,-0.3724409554547637,-0.33586332366497923,-0.36488436781717776,-0.4395169591748383
2019-05-05,-0.39115803503422353,-0.4039211362231633,-0.39868269713974575,-0.2917841470903586,-0.6767242372580186,-0.5454421897992118,-0.5034327642701671,-0.36539440590799205,-0.42582463901175827,-0.43016590217344935,0.22647006712287912,0.34873012604662135,0.20670661514483601,0.28534135382659215,-1.1332650499805474,-0.14009191839666596,-0.27423393659981093,0.3841139160610717,-0.36831858051480654,-0.4157486658684302,-0.4369362944966511,-0.38221929028703655,-0.3925682204469732,-0.3735285100085229,-0.34296654895125334
2019-05-12,-1.6589993409682762,-1.1842256983481232,-1.5647564889024652,-0.5946342594310738,-0.13470146195532742,-1.3107940967810487,-0.8256436777252167,-1.6000619981734798,-0.4627750667894552,0.19937847957871344,-2.5312808526212676,-2.0059101280750675,-2.835422489433027,1.2542234715129674,1.5664196543263023,-1.8071575003585514,-1.2691390408759917,-2.2603243502843915,-0.5946796796046192,-0.17787352471222323,-0.30616528905790336,-0.2663532464351356,-0.5195185919689226,-0.255465459839584,-1.287207865471588
2019-05-19,-2.0829786752958004,-1.1380641445958748,-2.5235671219810913,0.0755459887248572,-0.434388353275472,-1.1732316312777926,-0.821543675597223,-1.4016820533152987,-0.5488592004528247,0.03906747969114047,-2.276965007926443,-1.6686865721038353,-2.0770189131448102,1.4697542729626516,-0.896100380153897,-1.6071318635867815,-1.0363377037758768,-1.8593399153807257,-0.40458827481683957,0.1844887056804472,-0.2637202341002493,-0.20369215619935566,-0.4718798433387772,-0.19380565064016353,-0.14087645200650395
2019-05-26,-1.663548248569099,-1.1272773800240443,-1.9061752244475423,-0.12380731598605266,0.3143680755076775,-1.155730854728005,-0.5416853726499005,-1.9747787700134418,-0.06737490670743108,-0.28086577750095654,-2.0718000239980565,-2.269399159585569,-1.652843269908677,-0.9089146522250249,0.25742783869355035,-1.8995978881025786,-1.3452304524510323,-2.251498993387102,-0.4083002879902036,-0.18836121500627695,0.0942613844647825,0.09328201028398816,0.22312667713291656,0.08860986155949208,0.34307498049716106
2019-06-02,-1.5109403736708644,-1.2836974239372143,-1.4978840805853033,-0.5874323433305392,0.45993682554517756,-1.1633995369055234,-0.4572253866321946,-1.8433715912160484,0.07641020141349156,0.6106730293500667,-1.7189809211581413,-1.7756762670262862,-1.8425190140467422,0.6027620887558582,-1.0587705317313303,-1.4911468486114487,-0.7692865512435519,-1.7436519852636327,0.14114761032490264,-0.1271329705997087,0.2669472945812653,0.29210962270546353,0.16997305105195223,0.2881511924828711,1.6359496473916502
2019-06-09,-1.4919118735999444,-0.9286889196266576,-1.622915536328474,0.09611978724693337,0.33118787813633127,-1.1728303776647566,-0.8073204279747122,-1.688444447971799,-0.27524438198604706,-0.46150499172988185,-1.4718019135513505,-1.0124635490702942,-1.4572627477889233,1.5866714811723006,0.7128812334806504,-1.2632314398323758,-0.9240070502451395,-1.5915508724313487,-0.04265849253258038,0.3704432172920345,-0.38838758489030456,-0.370807506556824,-0.5211310958373838,-0.359578716094879,-0.8951898875894051
2019-06-16,-0.5533496164589877,-0.039365934953698896,-1.1223692188757177,0.9203988722357577,2.1210027000973937,-0.5218677714668509,-0.30409401344125264,-0.8213709074340843,-0.033151005133518215,1.5390761523473855,-0.947432212884448,-0.9782149367165411,-0.8925870226828715,0.14103888729626335,1.252349229554747,-0.9445406463579938,-0.7549222890837741,-1.0540650861241025,-0.20413470621513133,0.5905212818583657,-0.0866423630696008,-0.04647985110007751,0.3633734935958528,-0.0537528371172991,2.6484052258930695
2019-06-23,-0.6159855896735027,-0.6835683286396597,-0.7341749822548973,0.212940276974691,-0.5238314730810882,-0.7762969589638716,-0.929392123300856,-0.5767948459500956,-0.6624292256468495,-0.7276596022300009,-0.5793037576764056,-0.2968801224271172,-0.5311653409823804,0.7760613999214703,-1.4324842290948898,-0.6754317362996431,-0.5107827674186944,-0.7279184395760768,0.8484546723664244,-2.1625506775955197,0.338036714905807,0.5897435131166217,-0.47709793106707143,0.6462533905755133,-0.20104440160418605
2019-06-30,-0.8298578222010079,-1.2507077226193732,-0.48502646757716344,-1.2967215345958445,0.19520955769830348,-0.5963608448153389,-0.7508365651136905,-0.6166528725081812,-0.23778038028487955,-0.9606105716448323,-0.6800179348240375,-1.0338051575040932,-0.4246347777705945,-1.2008190209720002,0.40456561245941347,-0.7013413364428982,-0.9545995074740199,-0.5727148030472148,-1.159568912794042,0.653529315626862,-0.49408630354945293,-0.6462302553496463,0.48954969160776773,-0.6726780027982056,-0.6869235483409453
2019-07-07,-0.27830185239906996,-0.2559732622533294,-0.3309571563907622,0.10865400243575062,0.4866567029481874,-0.2502867432063858,-0.6099291237436942,-0.09687107760701313,-0.7234297197038719,0.6128942497363045,-0.13156018633596275,0.08514215804616233,-0.11058664564289047,0.4743570973561297,0.9078755878573954,0.10361878580458153,-0.06776229712994564,0.16638755439073954,-0.6430823873586794,1.331907654661584,-0.7376464949028273,-0.7273478492572522,-0.6688938767730002,-0.7227292356440216,-0.24396272448345416
2019-07-14,0.3042704403551989,0.9944035216679702,-0.3552445637747285,1.6967745870295508,0.14339380257670847,0.10402593909886604,0.9867902183461161,-0.8741899548997373,1.9397518247957626,0.23491702152946237,0.15794293562586856,0.3025944079050964,-0.14984813672505584,0.9876322063656008,0.4748392454164547,0.028675384659028472,0.25542626092941495,-0.610551764532026,1.8868463490339278,0.6869241683997197,-0.45828494721638907,-0.31154296369059775,-0.7843776498338276,-0.29467876537837956,-0.2658583026612535
2019-07-21,0.5329361349157848,0.5258436648594966,0.09049249835651081,0.5353488531741131,-1.6560742180500247,-0.014494544582654909,0.07295728992846601,-0.41966224610296793,0.47246212928822534,-1.8164201528652246,0.4077664940465147,0.9657502205700874,0.28823864916511155,1.2485037059474346,-0.2539834497668913,0.30675636342895,0.9359418708614564,-0.1602497670631481,1.7686701153028128,-1.7187299296375318,-0.8665852603107387,-0.8510585297048148,-0.7843776498338276,-0.845879068915401,-0.30008861403480946
2019-07-28,0.21374463556063167,0.1270267460446731,0.35535535881349967,-0.16457596031546118,-0.30264195690274653,0.13303239987125826,-0.09785005191945233,-0.23013980914374926,0.10957889442373334,-0.13551693859763456,0.20923623198633634,0.5276733464048713,0.525753009934226,0.1724390666817757,-1.5121431331453972,0.3050933096404812,0.7140842520337001,-0.010174143031716619,1.113990246056296,-1.1287407387856483,-0.701485558788371,-0.7536740072811325,-0.7236798253606047,-0.7485169666783207,-0.0342573295309587
2019-08-04,0.08586010473611629,-0.23623757848079185,-0.11377254003299578,-0.16457596031546118,-1.060946873949237,-0.502787447022047,-1.0298729927873609,0.3709629711014741,-0.943256304034581,-0.5612106313782824,-0.12139851407055051,0.26263486509055944,0.32572769266125307,0.05979043015599155,-0.3077784084224762,-0.35743890916870086,-0.014218244798816351,-0.1244160188873455,0.08554279865403082,0.2758906482326513,-0.6228579264723354,-0.745934293617262,-0.6803974003025951,-0.7422292605241385,-0.3660077730838911
2019-08-11,-0.6256237395646524,-1.0079979268973909,0.6313003869503137,-1.2592582226281837,-0.031047426059379407,-1.2235678855226686,-1.4489863626415653,0.26669407465977296,-1.2479735696902952,0.15018298493831206,-0.20942196648809328,-1.1197468480550743,0.69182031365102,-1.961091959254763,0.23000627535355161,-0.20563109845950112,-0.7307761190196691,0.10714057163789176,-0.8967515812887883,0.21260733331635584,-0.5840201556244259,-0.6709590791710083,-0.2057556944565244,-0.6798516528267603,-0.28838979343343635
2019-08-18,-1.2007953180519149,-0.8750194097476487,-2.584796606212082,0.7473292945902598,0.24862321739381987,-0.47739187216957707,-1.154554341997354,1.1400535829484908,-1.4389995718462034,0.08533556907093065,-0.9055312088762849,-0.9685280388142549,-2.155122125481443,1.0095122034241502,0.15298416704279236,0.19840555206855134,-0.43158949035751587,0.21353105790846189,-0.6531205703814312,0.7849849149105268,-0.6079621571144055,-0.5700376775088772,-0.28162129081270504,-0.5743279886347561,-0.6779062570705315
2019-08-25,-0.05804015119345319,-0.430046675885917,0.6827747965361586,-0.8406068746162045,0.11850512881831522,-0.9636489063462604,-1.0520080108042926,0.17190293987564842,-0.9322076999284213,-0.09053724396722343,-0.02441584122289311,-0.6870487844411117,0.6933397149591762,-1.5296246531779167,0.518717818335913,-0.676297757227883,-1.2128197947952815,0.11605346662353767,-1.3286462863513748,-0.08933628147926662,-0.5318630215304601,-0.6019825554403369,-0.14943118233594624,-0.6097745746285732,-0.42096504366909404
2019-09-01,-0.44267173867629456,-0.7575904628826873,0.5219528460023638,-1.0329563472933205,0.0416310344428175,-1.4412821615279592,-1.1362699521344524,-0.385564916057543,-0.8481867406455699,0.008490988259716269,0.050081437290200786,-0.42292363401478517,0.5779208515220543,-0.9702804825902062,0.04332427895682354,-0.9602370652575792,-0.8944203356248223,0.013019074984622389,-0.9566461121437657,0.0773150404680042,-0.5233926768961695,-0.5756173310741926,-0.3494396160415896,-0.5761315947953719,-0.3099556703559422
2019-09-08,0.8638839042816601,0.7145238700274756,0.44720854576341296,0.4005841266318071,0.9284657403343751,1.1623714842325858,1.6032849498088968,1.1773642618360505,1.151045533885766,1.9046660617222124,0.1664253949804291,-0.5584827198123727,0.4728093450573378,-0.98351120818434,0.0977171345094173,0.6084896560712375,0.6616977027702589,0.8045006599494868,0.3104705323921592,-0.11842586918903916,0.17749990619322478,-0.10721067895364589,1.6398283573069883,-0.1868456408938592,0.057921430564152776
2019-09-15,1.6980725390131286,1.842943285221163,0.46282016339785836,1.640024151676526,-1.0417403259730098,2.7364103372072703,2.199628740480354,2.8736142875494086,0.9986610558868445,-0.8784152828448878,1.1264946456142713,0.4629192753164987,0.5178414872383446,0.07570067010031438,-0.6252864507287035,2.5829138817860717,1.9940898634152906,2.85535315025272,0.12590609510022163,-0.4792198531843244,1.7792701359256962,0.7901044225211202,1.4888396593586781,0.7166623594824297,2.3599597299152024
2019-09-22,0.7178363945176439,0.9337972125988616,0.7298709332274292,0.5529871099841911,-0.3751710332572808,0.308388623982505,0.45868457915412436,-0.3312633537972737,0.7031100194443027,-1.34180551225483,0.5602240687845188,-0.12024370918478701,0.2268507252856011,-0.31392678411068414,-1.2524863063471916,0.03810564596214814,0.3794231274746773,-0.009547726839484629,0.4987377463528694,-1.8783481050142612,0.8775225255021307,1.52516044260245,0.37835884397993075,1.5631602558617559,2.424808664433494
2019-09-29,-2.4190130465065764,-1.109239102965298,-2.580244850590568,1.3432892351439933,-2.0031635584561194,-1.7425603378346561,-0.5389796943530198,-2.174347056786867,0.8716723046656623,-1.3898322705348916,-3.0906860929390443,-2.6205471245924494,-2.957759415292881,0.9729205909515085,2.304389428732904,-2.651835065879229,-2.427824986504113,-2.7500536714376613,-0.22332781224177936,0.42106501507375155,1.109159247785247,1.1230633373267203,1.3406983193113409,1.0539169288608794,-2.016850011196759
2019-10-06,-1.2281553725315135,-0.5915878222379698,-1.6772246291696962,1.1767194575676279,1.7614399733517918,-0.16007497253372188,0.336032614124958,-0.8074649200580831,0.9126614673607273,-0.3968742956027331,-1.7900541679066728,-1.7295517535398246,-1.2432150667840662,-0.8626192506554605,0.11967147405775554,-0.6898407975324192,-0.4736727765371425,-0.661834597424047,0.13504036284455806,-1.4423982579026804,0.9167687993955966,-0.09997178696628183,2.282591369309084,-0.42181362998801575,-0.7690032981718684
2019-10-13,-0.20797350988416483,-0.18786879407108797,0.11248805523769617,-0.3085939237381091,0.5405790242627205,0.05570641788190542,0.6463469353338115,-0.7872825511120961,1.288853719050089,1.4024746025155845,0.12481685765759444,0.17119268755505632,0.20163759065939169,-0.07342348473307898,0.6555540311038055,-0.2896098204862169,0.0388820505828394,-0.4217410975482065,0.8179599480098572,2.239782248755314,0.16538796788044594,0.6579975802194086,-0.6791432781984778,0.7997295284979734,-1.3570581562598025
2019-10-20,0.6311822859114342,0.6276701440209195,0.5691264600515374,-0.03830143023974722,0.15982177753633517,0.07471945758832853,0.001595283909664608,0.5576978195912218,-0.40434195106161824,0.16834756902091388,0.8647056094146615,1.2487243368937624,0.5702276769263444,1.1814970386431125,0.47854630686085997,0.6046991640003369,0.8085767100004176,0.7773161478024057,0.2973228274498156,0.28774807803362706,-1.1514743087907866,-1.0764853974505602,-0.6350699949362685,-1.050448124487439,-0.1633168978601736
2019-10-27,-0.015483354404222986,-0.7666206123062413,0.5874734351299092,-1.289830288367278,-0.27816907803845176,-0.5782337800387614,-1.0373383851184135,0.057573166117711974,-1.1816500747140042,0.08433095187552993,0.2556590888730228,-0.16448914257763234,0.5798676042250732,-1.3588514412310866,-0.11991730869225072,-0.37019944235241337,-0.8761589057633586,0.11410647335683867,-2.143885703078861,0.2120836593389554,-1.1155446601347099,-1.2304051742620852,-0.004291990436036746,-1.2874905735638111,0.2336078830106986
2019-11-03,0.2735796438210234,0.12035889555485481,0.5551104649824409,-0.46441709666113784,-0.9388897154011481,-0.29109090236243973,-0.3605721832047035,-0.2556555398015488,-0.2245781013672629,-0.7312684105509645,0.04288557120974615,0.34760429769177803,-0.38517281920834,1.2257061490637982,-0.8509156687441586,-0.18431548119036426,-0.3460336969309486,0.0391053329057022,-0.8223785579760537,-0.4583481429749529,-0.824868559456109,-0.7912954845040903,-0.7728536274337255,-0.7272437201421178,0.0737608395814384
2019-11-10,-0.11634794959977877,-0.4551447041721568,0.11991372141535019,-0.5535656789708527,-0.88871476484637,-0.7633954361088627,-0.7765008911434199,-0.8149231354631471,-0.2868125827259746,-0.6547036071531973,0.24437120864397632,0.5442703512829427,0.0035239923126512388,0.8752142476284346,-2.05100623165088,-0.39670422301370284,-0.052655812804548646,-0.8334793550710697,1.4066152871973159,-1.6717966963147142,-0.5661744686112755,-0.6862683335023643,-0.873305455945087,-0.6050177668105428,0.6289565887274606
2019-11-17,-1.1140768163858101,-1.4108475374832299,-0.37546485310750277,-0.9688007438263865,-0.37305881307160926,-1.1979940353587883,-1.318095512145364,-1.1906455260420206,-0.720036708410474,-0.23432948546241003,-0.5205269212711887,-0.8833203139688718,-0.06960989067015332,-1.3473216812738065,0.08204024926603515,-1.1136470331368908,-1.3460968308561603,-0.7421202870966468,-1.4017087695501265,0.09159890029224385,-0.46788643303249866,-0.7583261462662131,-0.2812208573077798,-0.758672396966107,-0.2745052614991993
2019-11-24,-1.8018367567614064,-1.7875923729260672,-1.4817849332113227,-0.4069108760762767,-0.7585136853978799,-1.6344731397388321,-1.5066477705583963,-1.6706229199475289,-0.553714467461829,-0.4677824148354788,-1.0021441064003842,-0.7868050574977552,-1.0137748323127322,0.5138688574527038,-1.3615415693837263,-1.2219491364605628,-1.064193075228383,-1.315544457613823,0.22526665632506285,-0.8696783019081308,-0.527387130957351,-0.6460628189014637,-0.3878948397781732,-0.6267483813131773,-0.3691141405371655
2019-12-01,-1.3495623071180438,-1.1888631968438061,-1.1000383131365419,-0.18516826453849541,0.5274176138783472,-1.254105618708476,-0.992363199627083,-1.5410453435048832,0.2810913475705219,-0.9708881840934463,-0.9978217326057887,-0.9754675851413921,-0.7351623480437991,-0.40951342356240156,0.46996299582124307,-1.0304736469410491,-0.6355331040966709,-1.2848963674265057,1.2216128547292395,-1.323262744955737,-0.9259675720694852,-0.8361134299548918,-0.9491003369409681,-0.7551507700132436,-0.007712414510960732
2019-12-08,-1.1016783308689313,-1.3947722227200654,-0.6171639635322167,-1.1156783000317192,0.7118140831451993,-0.8589262369249019,0.12119141382908055,-1.023698805624172,1.4077029129682748,2.5179527250080964,-0.6893897462968276,-0.8473983661816309,-0.3258317448326395,-0.9958888622370262,0.566046258305493,-0.7804029950633531,0.2400649603923417,-0.957515879658023,1.9815290265445804,2.253359136444265,3.3214877528478826,3.325263536756564,1.2163225380643419,3.3254853921095058,3.3232584193659074
2019-12-15,-0.9187823707079957,0.9163823320818641,-1.5224108519948032,2.3446924761213728,-2.1694994109132413,-0.9073617964034726,2.101857165689838,-1.7817796683044071,2.752552882484097,-2.46454418455438,-1.3252111268901205,-0.7216181784942556,-1.346919715968022,1.1744580960826847,-1.6668776664734155,-2.018629793717398,-1.4994348227687184,-2.022338226141444,1.0373309805149675,-1.1549437244453364,2.015781864849555,2.047324598392807,3.0494199930937387,2.031187696398583,-2.2371722830123266
2019-12-22,-2.3645700900508593,-2.3992631777672675,-1.9211551947680716,-0.4057038362978523,0.2095600244643952,-2.4347964176936694,-2.214639352949748,-1.9172794767487336,-0.9055847934031127,0.4585695913534233,-1.8324328737265272,-1.8248230271679473,-1.643715416016663,-0.35748304232234657,0.45455548083549685,-2.1865263430334667,-2.3542286350513204,-1.8216133495581284,-1.0850259551270742,0.14250430674756032,0.4296926208182514,-0.06953236481661496,3.2208653198627895,-0.19587069681847435,0.04619869333811643
2019-12-29,-1.8067611928284604,-1.8720198920071422,-1.549236745915866,-0.558617976514942,0.18961651951758818,-1.774316231750202,-1.2448309971281224,-1.5790452587900297,-0.1236391600045808,0.3594287782862829,-1.726583711352347,-1.7408588452279545,-1.6565532648371561,-0.5677687185753686,0.9795439660277541,-1.7721933686496827,-1.696746790129367,-1.6087540358772565,-0.34682792691533343,0.40310170677799706,0.2381928589263978,0.1108521814598746,1.016549880934442,0.06955568394103717,-0.034837628264734716
