Date,CLDX_Open_average,CLDX_Open_max,CLDX_Open_volatility,CLDX_Open_change,CLDX_High_average,CLDX_High_max,CLDX_High_volatility,CLDX_High_change,CLDX_Low_average,CLDX_Low_max,CLDX_Low_volatility,CLDX_Low_change,CLDX_Close_average,CLDX_Close_max,CLDX_Close_volatility,CLDX_Close_change,CLDX_Volume_average,CLDX_Volume_max,CLDX_Volume_volatility,CLDX_Volume_change
2016-03-27,-1.083255084607052,-1.0875944614835251,-0.6966546119401358,1.1127772983540078,-1.0543319696543807,-0.9969534371935845,-0.415102947588527,1.306372165328229,-1.0656062965470967,-1.021371388129243,-0.49018271789146434,1.0584939426724738,-1.0435689234042733,-0.9782389241400727,-0.4268815869050614,1.052474308338712,-0.5018719937971118,-0.29348741132443656,-0.2629254675306379,0.24556879235201748
2016-04-03,-0.7305250828237954,-0.7595690349956887,-0.5636127392354766,0.828606716839572,-0.731717019585868,-0.7952360933049367,-0.6952780699200403,0.648936290380443,-0.7301390916356617,-0.7933467582305344,-0.6770141195511656,0.6115950278139165,-0.7276671916747506,-0.7618399051731557,-0.5142571274991709,0.5423461315569779,-0.19595291843044824,-0.3908858166789593,-0.4600258654924854,-0.39177843841082255
2016-04-10,-0.6018583187005135,-0.615904948468861,-0.51924084305576,0.8320226962124823,-0.6396871735648093,-0.6837325657802786,-0.559852510810813,0.7391987840190006,-0.6041596562509688,-0.6724858259120079,-0.6232541873154535,0.44192533489731345,-0.6460390723895303,-0.7415651052013906,-0.661171528756497,0.25585301174668046,0.12149662979910582,-0.1415280990814086,-0.12031101796023681,0.10865540395162193
2016-04-17,-0.7355069541973727,-0.7133351613809433,-0.4850625363834108,0.06962974364962214,-0.7816546707104074,-0.7776516690862106,-0.5181863854674962,0.17795499909023674,-0.7279939558674001,-0.7770688657394293,-0.6475238864030223,0.43938026513950434,-0.790256279326807,-0.8551930489933679,-0.6887043680771824,0.4331042354216797,-0.5547051769209849,-0.404629166686136,-0.30163023053752186,-0.7090597138480303
2016-04-24,-0.6748731293617979,-0.7382439483526256,-0.553111131390241,0.30964016979017633,-0.660103818447893,-0.6965645179071541,-0.462162788217584,0.35250765546307544,-0.6574202684672997,-0.706380800672537,-0.4930542114825994,0.3325841524683819,-0.6692366255246509,-0.7314439216634776,-0.5056975111321879,0.46375770945203804,-0.5804448530847119,-0.5694815495540505,-0.5971447629125737,-0.40268327799828413
2016-05-01,-0.6985137177711558,-0.656403195760901,-0.1801409007895936,-0.3842989195842252,-0.6873289580540483,-0.6215644692685336,-0.015368494898589519,-0.16316204556356687,-0.7208567334056483,-0.5607215382921735,-0.07282833279275501,-0.3320568915993055,-0.7355902044236826,-0.676092012196403,-0.19623537004974764,0.11825187944703551,-0.37353021251232,-0.43341766101169577,-0.4352100426315472,-0.12515980659983597
2016-05-08,-0.6577901875842151,-0.652267084494011,-0.301350013872051,0.07055117567584147,-0.6752791643332114,-0.7126032383452227,-0.4265074347732682,0.13091885529243466,-0.6562225612752592,-0.6365830636687815,-0.3605928179225305,0.25328265701987024,-0.661322504214282,-0.6794422249523997,-0.3329962735495334,0.3031978436310995,-1.0877421922995991,-0.7396718369334648,-0.6840958888293781,-0.07534669313453672
2016-05-15,-0.42153510941003397,-0.4670820353885653,-0.3930809881864203,0.46251840977310593,-0.3848989102269076,-0.3014343555574897,-0.20935376703404093,0.717165808169247,-0.33826576441352424,-0.3270874482158515,-0.31671823040978675,0.5679203453500697,-0.350525284701713,-0.31129048767124967,-0.20028376574498807,0.6704679273337245,-0.8371037955370574,-0.5097796501542927,-0.40242815120600456,0.0219582759499805
2016-05-22,0.06553953189664555,-0.1443380181205529,-0.4994593239164366,0.1470412153374506,-0.03238600021294184,-0.25204933313014766,-0.5847411595398043,0.1948327267780875,0.09211475315830427,-0.0788589962503736,-0.41712085289144074,0.27459615696830514,0.03834075011733827,-0.12372375593038086,-0.46582669367873697,0.2951091925343414,-1.0612422164501152,-0.5859188872994613,-0.39908712695676957,-0.5919166579653774
2016-05-29,1.4618707079052813,1.6476235557991634,1.3463385488551252,0.8828323294033756,1.5211332201827577,1.6470470536399113,0.517953819745593,0.6645552540980748,1.4954445371428773,1.4511601673360621,-0.49668954852524766,0.5122254410483522,1.6309344987120828,1.8061843089281469,0.32654738659397237,0.583808617577653,0.15120390250755966,-0.17072555517334384,-0.41843954171625924,0.543359256071689
2016-06-05,1.0028168014222556,1.1134571018661272,1.723319328521997,-1.736861311259849,0.7961605812236608,0.9327769664917814,1.2665144457711386,-1.8069140956876497,0.946102620403857,1.368572338643822,1.6986647292066759,-1.896644846615707,0.7297856409850962,0.9984122826601388,1.2630650826501513,-1.9318995419793605,-1.239345575731803,-1.182958036842563,-1.1288510821399353,-0.03360167410758373
2016-06-12,0.2536958812852042,0.06900621589261682,-0.41425030484483955,0.7445594903791142,0.15837707391881015,-0.2515717846606176,-0.871880255031413,0.5151966489028731,0.4354965810995844,0.31153567304721896,-0.26365404674943893,0.6632332163304189,0.4359724246324167,0.12174369836208622,-0.7559814246846308,0.5525367097990234,-0.2986002104980741,2.0180334145885066,2.3579540866803517,-0.21797982390806597
2016-06-19,0.46948024701893876,0.20932046265298232,-0.5978385081283485,-0.3342782602618494,0.47477465060641144,0.25431904954975854,-0.6910754868888828,-0.349394723119576,0.6330581491020644,0.687243656454921,0.03741489023556115,-0.6377099040597336,0.565583686821696,0.4542006790866428,0.32249859798427244,-1.281820389718568,-0.4310613663414945,0.573570282602122,0.7077231682239188,0.3463589925976873
2016-06-26,0.3283572452756264,-0.09847048526309307,-0.993055116560413,0.6515469344880929,0.2501157554831816,0.12621790568811253,-0.5773303124373313,0.7466191702181583,0.5548404695740092,0.4505568376430346,-0.43083193700122285,0.7253842288045989,0.6087246155805978,0.45942427098749544,-0.7717305240246393,0.6696993772272188,-1.4220727304354195,-1.326461170621992,-0.9193621775331549,-0.3000698622870694
2016-07-03,1.0933415648459317,0.6856752705202495,-1.1870059959741484,0.4951817049349703,0.9701202759020238,0.46344162801300126,-1.191121816830297,0.2941255065132974,1.3086653145697948,1.1742769866398168,-0.7012887063143229,0.3808676570845582,1.13908231247082,0.7388797199485484,-1.186367902554108,0.05380860822996666,-2.070538062012509,-1.6780063511084229,-1.0163043699792513,0.13342350988481727
2016-07-10,1.1002648419556202,0.751101052709285,-0.9294365775922587,0.29819209859497686,0.9848612295493502,0.6894451190347605,-0.6176405339689535,0.19857815175813343,1.1377293113976543,1.2137589738936028,-0.22633900722892203,0.28117746496175616,1.0663489053827286,0.8986616229261274,-0.32969970630853773,0.1565431062073187,-1.4295711366091735,-1.0437063448134123,-0.6846562392625329,0.04143025474789701
2016-07-17,1.2107148509080572,0.8929010205987936,-0.6262423884271184,0.27089336184796353,1.1166842702845643,0.7279239700563669,-0.9948387427890538,0.041838032308228176,1.2686747640828702,1.247507747394381,-0.30946248890027245,0.6017488677660179,1.1243029849446349,0.8503535968403815,-0.5844757933077761,0.538271990380247,-1.2556598790327282,-0.913762227089757,-0.14564435806907297,-1.091316901258368
2016-07-24,1.0781628558568939,0.8433332902414725,-1.1739686302315313,0.020715361198613485,0.9721769152481949,0.6908953398944986,-0.9002983461113315,-0.11855982833227435,1.1320943945359516,0.9620482342649382,-1.1224270665326281,0.1159101476389007,1.0181114895064083,0.8089155009568518,-1.1526607688024528,-0.15292468413943813,-1.2202057997783087,-1.1236159582398466,-0.9694165924213103,0.27155774319682097
2016-07-31,0.6754177707680121,0.4075630348633216,-0.8856465917247779,0.15491408907718518,0.6371469381092422,0.22431921916064926,-1.1475511661624271,-0.29041931960013695,0.6590554421706164,0.37437206112961846,-1.1492891053101093,-0.27022379061473506,0.5933147741009945,0.34891921812398713,-0.9982743731749948,-0.3243813461882537,-0.9343869238296444,-0.6532056157607471,-0.48186064703089526,0.9707292401109299
2016-08-07,0.24320925870232338,0.27774141250978873,0.04279944616733817,-0.3141210509992526,0.23073988193772843,0.22411466051942594,-0.13609605274122558,-0.7876524379206594,0.2698559883607822,0.05248122492008392,-0.4892260044218439,-0.16326289752912676,0.1364408128154424,0.29090228888578223,0.03186204426391454,-0.8781654162371338,-0.6981460266777388,-0.4852699280619257,-0.36854062225362366,-0.41154715813521164
2016-08-14,-1.3711171880513708,-0.9505943072210918,0.8872740164369244,-1.5220835751966262,-1.6424109226880337,-0.9762867581281641,0.9278679237736989,-1.4363356376656102,-1.496356805654364,-0.5973912626078512,1.7309720112451994,-1.785703139052381,-1.8451845341160935,-1.215145192287145,1.2274329955099395,-1.6036064122591158,1.857922145889587,2.3154802404518864,2.5896998636735002,2.6705595555467405
2016-08-21,-2.7260509063796876,-2.5406932248902976,0.25857825652989247,-0.5741518959410928,-2.7779406273884906,-2.594991441705399,0.9290659404350036,-0.829100785817253,-2.790812846065218,-2.79579301289504,0.8563094367901889,-1.045066499780467,-2.8140460786890222,-2.830050123507217,-0.09524007492765285,-0.7576266517215704,-0.23090045101172849,-0.38219776557052904,-0.09973599192156928,-1.488467581600929
2016-08-28,-2.4411313860972514,-2.6138098154077345,-0.9515747503451859,-0.14763757423837745,-2.4844811360817856,-2.693021370281018,-0.6678805646128495,-0.2023118307854978,-2.308816003692745,-2.6045460373226317,-0.7339772058603314,-0.1444352602479138,-2.298884651476711,-2.5616533540106117,-1.1324007507841658,0.05335999627739326,-0.9424402991854163,-0.7729161412348525,-0.7388701483673176,-0.19163060950934158
2016-09-04,-1.6251726087829352,-1.648786588292615,0.31168070884825616,0.41091669035867456,-1.5004506391438233,-1.718480721188724,-0.5494789486804094,0.8815188063528671,-1.5268506010365817,-1.6431779982336685,0.135073611432934,0.6527006116513377,-1.4156493731574022,-1.5216922558460422,-0.06174780900470342,0.8525017431573536,0.4610123491599157,0.15822285454518545,-0.03877630596296972,-0.4768592327569678
2016-09-11,-1.1865420417148338,-1.3653237364872957,-1.5508259486879954,0.3132527654920257,-1.245669368726028,-1.4498779832308621,-1.2125455490147583,0.4826656037316174,-1.1078440454982663,-1.2868579484735772,-0.40257716352854456,0.927420696861909,-1.1357785526694186,-1.3080319768394542,-1.043834179006963,0.5754561129372713,-0.2905569051799683,-0.21275543297612365,-0.10455439629483519,-0.07968848666150447
2016-09-18,-0.8884763344046636,-0.9778962771904798,-1.1703197427179568,0.6441830505721338,-0.9136889669700744,-0.9787240805645495,-0.6654147093802933,0.6019276311154675,-0.8253954816179687,-0.859938909342814,-0.18828269366430742,0.6352272017517546,-0.8216671513913967,-0.9001510883812575,-0.7824441677990412,0.5445194049121441,-0.36354853111265084,-0.49345868296234646,-0.43513443613788566,-0.5100680252495786
2016-09-25,-0.3032657374926215,0.1556347286655699,1.9651479506505818,1.261623909798451,-0.13337149414139216,0.21715485323598857,1.4571473536918977,-0.4915404335863088,-0.4212575559304584,-0.4766338004362306,-0.5187979090083641,0.7155585447708117,-0.2392650586092212,-0.04983304414924225,1.4360576886930712,-0.8486363138366767,1.5695222570304208,1.1016192527672808,1.0945488217489752,-1.8988361648064949
2016-10-02,0.3742841181118516,0.2738714073203232,-0.5497114603217012,-0.18373487479253633,0.35794607308331805,0.3438107453082326,0.06785836905048723,-0.3918224140826391,0.34709329485194945,0.3047135805043953,-0.25047889275422436,-0.1625292050003182,0.30426508952201514,0.3225578630654658,-0.0372803867570226,0.10790238386564666,0.7995886628434862,0.9622887367942997,0.8196957780782269,-1.4106527817451293
2016-10-09,-0.6021404405379281,-0.05042528409010687,2.2130715824136225,-2.4847476538378444,-0.6266537001963723,-0.1148056062807162,2.0996654835257154,-2.2406448278944926,-0.7300288704925219,-0.523419497494938,1.6025945746192825,-1.6848860622972546,-0.8849146091548389,-0.6588465836457883,1.5720971222230913,-1.6333381865251981,-0.10545727069830332,-0.38315458888417603,-0.5003741297896522,-0.30025979364708794
2016-10-16,-1.175627816335412,-1.1317064367051388,-0.03441248585744231,0.03567283746585009,-1.2212647541671742,-1.2236404230702709,-0.25534266534732686,0.16531412201451556,-1.1412729458224338,-1.2602464893082195,-0.7213407055489283,-0.0917729475745883,-1.1899774074502412,-1.2888820690933604,-0.7752939176126693,0.10909757068137671,-1.0686492895332487,-0.911623068461465,-0.8434415091612522,0.18928173466381773
2016-10-23,-1.3676725899486981,-1.4565840262788754,-0.6093990143266735,-0.26754628099387595,-1.3911489420160879,-1.5047705805949594,-0.6361111493469854,0.034223804243576156,-1.3091068153308956,-1.4133178367888166,-0.689137124082507,-0.04963949235217091,-1.3792496345928922,-1.4677184748464815,-1.0109932647266269,0.10735611515867775,-0.4987708216977919,-0.5907826357719264,-0.7074173414353618,0.17294950195168188
2016-10-30,-1.5028723465716316,-1.532060406803342,-0.1072170295385,0.6599474931182292,-1.4070966008623906,-1.2946030291778683,-0.29273089807023994,1.2932500599002845,-1.4912262157714213,-1.4761746816889125,0.18309055678907238,0.5626164948226448,-1.4402555993963129,-1.2282896953242477,0.9428502307814135,1.2529787843010582,0.17476872971793606,-0.1471235135991064,-0.3440525170659409,0.4486904051672342
2016-11-06,0.7387273185062485,1.0878432001631693,2.356140045348223,2.581910943886652,1.3201708898565006,1.9011865909946661,2.4446482734375428,2.6207877756988984,0.8253374752477395,1.3257011216739651,2.7088333645013467,2.622587034488684,1.4739253219260529,2.126188427988438,2.8275959122110446,2.781881322567851,2.3642313660632155,1.447939143995864,0.7549165046967968,-0.33020414805652065
2016-11-13,2.0929162810230935,2.1254663832129053,0.9048443551612158,-1.1511055588041583,1.9944718985109389,1.775928292164168,0.5470572226287808,-0.6426350291907589,2.056899960461508,1.8662646320141312,-0.4113980194384323,-0.3089738683435484,1.9047057284474165,1.6351804029143078,0.2078601986224851,-0.2843032242400587,0.0898014776890204,0.13746940797544646,0.01740838722041658,-0.5092079528706203
2016-11-20,1.5167169114915928,1.345024388054199,-0.17421207103541644,-0.6404387842034797,1.4031512129159587,1.333902416176077,0.4465136139189441,-0.9933374506413886,1.3547146867586495,1.5036802534751734,1.278536929781843,-1.6386468910334682,1.1748135419457464,1.0284239865638474,0.9143064331709558,-1.4725508810519574,-0.006459803842070282,-0.1189157786012108,0.31890860909984486,1.350366293474996
2016-11-27,-0.06858310348124604,-0.027405493168071476,0.27616217738752563,-0.6174744332285499,-0.0008840431691109207,-0.034054374325880356,0.14881466055662518,-0.5256171160811516,-0.13281434430380024,-0.003369273639623328,0.08295025478589717,-0.7182104665045476,-0.12307409658020267,0.04135647846365031,0.3075439828586061,-0.5064956757719219,-0.1911105321107314,-0.10004324012292275,-0.3528469512714298,0.8092298633076668
2016-12-04,-0.14190048259384655,-0.3567049425180282,-0.8173490478223902,-0.1740635323438061,-0.17804756096077648,-0.3266140739382923,-0.649816713316463,-0.2779429349087809,-0.1177094879362383,-0.29504268451715676,-0.7359265628888254,-0.10856963930405182,-0.0638414959129962,-0.1241626676767022,-0.6021708949294423,-0.38921842878133833,-0.5312230019833819,-0.6473314072539068,-0.8672926034819338,0.4837249538865113
2016-12-11,-0.1972001192566194,-0.4202239543915537,-0.8899082715401381,0.511781281163139,-0.21007892429301647,-0.20500276286742675,-0.3433974094121954,0.873727661597401,-0.04699933325381916,-0.10686989581710464,-0.39522605612087763,0.5889696532765172,-0.082867423168259,-0.2501915626593689,-0.7355844780737725,0.45291284280905864,-0.4308108095062741,-0.4819457261133354,-0.6293855342046215,1.1119100778723268
2016-12-18,-0.12207782936251153,-0.28452967868791623,-0.38962269393455645,-0.4969735690707542,-0.1999974614238642,-0.31743585103920824,-0.5755585994238958,-0.39643001617304185,-0.05042588045230687,-0.07426180402150807,-0.1459249704058814,-0.457824686711058,-0.1477289010438905,-0.27886895886855156,-0.42654105081455207,-0.16628219864210886,-1.1489811841313684,-1.1411951934199163,-1.0106768783013689,0.8741595001917953
2016-12-25,-0.4677975728635253,-0.5414822342478406,-0.7280226376412504,-0.1461354737294269,-0.5398403661270693,-0.617419051526092,-0.7373915342996994,-0.23670140374534576,-0.3808452226272571,-0.5305016442180638,-0.763773802427601,-0.0970407138666657,-0.4985943000799824,-0.6933486007237523,-1.0161836686673331,-0.0754566011516387,-0.8652127490363926,-0.9940036232329865,-1.0197528943142402,0.36111469385563355
2017-01-01,-0.12837511740494825,-0.1251878488197136,-0.11229513488192523,1.0616472461707018,-0.1092100755222857,-0.1641310637781279,0.10994239713015211,1.0832741392291474,-0.013466722288075382,-0.008885258886909834,0.2374492485856214,1.0460379628026104,0.06320443686958538,-0.04596500964782546,-0.19088184092192467,0.7936374135271189,-0.12412793711177891,-0.09583203931112676,-0.11652028577095293,0.115809444128354
2017-01-08,3.3048202974901817,3.3260590578024543,3.3277130289924135,3.326887641076823,3.302963364029671,3.3257811304017997,3.327836633814392,3.3270747156590295,3.3085819351309858,3.3266027782764303,3.327674351743394,3.326979990229477,3.3054656419081128,3.3259395639226303,3.3275397197675076,3.3268059024220005,-0.4947660517710165,-0.10692681430054089,1.150694698496525,-1.8561607494450634
2017-01-15,3.215426482801742,2.2564188998556163,-0.033384736611378016,-0.4703746482133827,3.2105320232964942,2.2091804113036466,-0.11911260705292329,-0.4190036937592922,3.207331769147852,2.1995062964735514,-0.07054257407328944,-0.4535552246969882,3.2106746043873238,2.2037711771582837,-0.12530451240606078,-0.43461369095903424,-1.7763391559096098,-1.66049865394302,-1.2828156877278136,0.28261591406315567
2017-01-22,2.157410522763506,1.6382648902532115,-0.3048576784612677,-0.25776073209993167,2.168616322422057,1.6735800707970512,-0.19152278878400403,-0.2748292440538639,2.167062299739318,1.6606036113275338,-0.13929983006299404,-0.32062197143986054,2.167434649824277,1.6587967520336477,-0.18952005578712905,-0.3429790108070613,-1.496692492191807,-1.435935789943247,-1.1862753884650787,0.31560221921920856
2017-01-29,1.6765530407772327,1.3947878528210118,-0.12528150214320607,-0.06030313356663362,1.6931443738858536,1.3804722816101807,-0.11462091875441714,-0.11687290385449772,1.6916022289665225,1.4009778380557467,-0.09317389531336269,-0.02018615400797939,1.7118478508280899,1.4142464596776758,-0.0891647867916422,-0.06156358080503356,-1.2082296410617914,-1.1256279537117506,-0.8964855697874514,0.07537653504281241
2017-02-05,1.4438798084931397,1.2044973012564886,-0.19683537705870854,-0.34698167052283296,1.437213138640638,1.1737718090531546,-0.2623072624102151,-0.34640244524642455,1.4469493427327413,1.1896426795648791,-0.19854301612848246,-0.2907226118653268,1.4397917247192455,1.2145214288685342,-0.1827323859279248,-0.2285965446070419,-1.3785097190568811,-1.3308572035439052,-1.040569925324456,0.22903859304954105
2017-02-12,1.250060267889533,1.0587164176191315,-0.2154817634566792,-0.19576488909569356,1.2454863632618267,1.0428610417148259,-0.24727183202562011,-0.2234883331561545,1.272547243412371,1.042099034453396,-0.2810896124107997,-0.2012023219482262,1.2731153967151592,1.066803198623351,-0.28397255827677015,-0.27163084562835915,-1.1749310947501834,-1.1494273484872386,-0.8973652509030771,0.040105028105888174
2017-02-19,0.9907126769362384,0.892246908348369,-0.08393588691284719,-0.5342831559202943,1.0172507946961662,0.9137027337089599,-0.02612101175748076,-0.22462500776114228,0.996469070831007,0.846587651752413,-0.20427269872466933,-0.39691002940822045,0.9983993080299874,0.9243724813552003,-0.03688724930153485,-0.07914207206299394,-0.9874740301075061,-0.9207128418135674,-0.6838502634691657,0.3812481154312184
2017-02-26,0.979212878170668,0.8303642077327692,-0.27657221831679457,-0.17163476529085903,1.0064777426286384,0.9331101466216614,-0.026646512007195367,0.0655410865559133,0.995546319592624,0.8447839431799464,-0.2267801170012581,-0.12318648186701628,0.9997939371217973,0.9098620654033024,-0.11172199281159893,-0.02797827668119468,-0.8233621054720256,-0.7931635794329517,-0.5702883192703728,0.3873770568740881
2017-03-05,0.8111046866392437,0.7618678021345036,-0.09202734177967714,-0.5366347047548798,0.7923388704175329,0.7150468741884876,-0.11427007857289131,-0.5884846370084728,0.7789142849627696,0.639739471001595,-0.26006950923430416,-0.37202620388063684,0.7618716031544377,0.6077071568064094,-0.25520994371887645,-0.42598419979782115,-0.7297100533357426,-0.6635049121543548,-0.48200815990173534,-0.05052932984337767
2017-03-12,0.6137538779284095,0.4967665715885834,-0.22916017375107517,-0.15311453689166757,0.5951113515989963,0.46063598692545227,-0.25647593974066996,-0.2043941422116718,0.6075064713573415,0.4934746456758666,-0.16909745781205202,-0.19632340978793836,0.6196262187931053,0.5187654037018202,-0.17683834799114337,-0.23894851869722766,-0.5820333261901323,-0.5287894981320141,-0.3637394914119034,0.25320736992255377
2017-03-19,0.404342158819039,0.282420944158327,-0.21317622217257248,-0.3163981791986649,0.40799183404929634,0.24632330301822436,-0.28117236868988144,-0.2972558289276651,0.38915583539961446,0.2685239643811144,-0.20264408595744465,-0.15002331799496627,0.4113304782309605,0.26906516981456685,-0.24783908129410365,-0.12741768286847427,-0.505998830521669,-0.4861404566117434,-0.388389970852283,0.13954613687968623
2017-03-26,0.5031209770896605,0.45895178813287313,-0.06576583967148698,0.03872888129762218,0.529370026870529,0.3960327035109722,-0.12649190346041744,-0.06103577100319254,0.5014621645100902,0.41113516816855694,-0.15582636738067399,-0.13254737300534133,0.5274031622681623,0.4525399497501321,-0.1419437447129728,-0.27295049416329453,-0.3403644461895901,-0.32319120936957557,-0.27102585151731495,0.3267780263205936
2017-04-02,0.14556752152855332,-0.6952907968685043,-0.274002831286122,-0.39872180478283153,0.11409928960626217,-0.9190052745813123,-0.3497369400154273,-0.4362156031262254,0.16471911735671396,-0.8892076901470024,-0.3140767210533429,-0.3767225475838251,0.10963998838020464,-1.3500821616268515,-0.42553891651133485,-0.38455976074097864,-0.3438530147840066,-0.374979494605844,-0.3437504036317695,0.3020926160695513
2017-04-09,-1.2540084261442983,-1.6167440694614008,-1.3780037189710583,0.16023121628200226,-1.4937736545801599,-1.6172616396263457,-1.6456678489258216,-0.2140070936770308,-1.0785166379197935,-1.7980721971082174,-2.1293877512892014,-0.036765125066709474,-1.2611301907862114,-1.474787409894738,-1.4564334383830386,-0.6951205213803023,-1.3268941216720924,-1.2656418272657022,-1.0970561878389942,0.37638269210548353
2017-04-16,-1.2411126676879427,-1.3463517435147456,-1.0063296813215084,0.13052230182370847,-1.4120248022131463,-1.3924763524547121,-1.114456379377613,-0.28321112232472734,-1.0393279662306594,-1.4072505361612075,-1.2024859250372906,-0.6656265099014109,-1.2660409113263014,-1.3529464710070138,-1.0811654036307892,-0.8224755141526537,-0.6927983644366041,-0.8857563157222251,-1.0971325006994206,0.5239262122026241
2017-04-23,-0.6429802323384912,-0.6822700063504169,-0.04271138833879974,0.6713063645739309,-0.6977661549473095,-0.7887720556834105,-0.8447133052567419,-0.16730516060494,-0.41124719770573953,-0.5235156660170915,-0.45502211846486834,0.055650706490564694,-0.5086280616517095,-0.6619773804570014,-0.7334249531833833,-0.6418317641625054,-1.1675422982452979,-1.044866791292332,-0.9158820892590871,0.19704119757281577
2017-04-30,-1.2588061302883942,-1.274811448083926,-1.003282445025803,-0.3507961411635222,-1.2953067564652814,-1.2007237060428597,-0.7060219253995332,-0.5489364629243779,-1.281277614550705,-1.3152487882996087,0.1826159095675894,-1.4943245347377911,-1.4429231679403063,-1.1326414401832383,0.5180118867824807,-1.4392911337496346,0.5441564151402798,0.2641718540562143,-0.0301259321936939,1.2460577433595963
2017-05-07,-1.8716392534676785,-1.6855431728390984,-0.6518776014426941,0.6348538811417549,-1.566701504005504,-1.2176944821884617,-0.09600910286681628,0.5256782481268066,-1.9031495194996915,-1.716634514435605,0.037859395885964924,0.28972435785181455,-1.589659993194744,-1.386982240082652,-0.1989753944200627,1.4736319753402812e-15,-0.367166346438191,-0.1152780492699622,-0.08420755175173458,0.12496706630312675
2017-05-14,-1.3815279630257926,-1.3140093425878503,-0.7213556559013625,-0.3580628860337569,-1.2651005027956295,-1.1782584158198954,-0.8152394834763612,-0.433599160634298,-1.2605055276016774,-1.112469279066922,-0.3199558996173284,-1.2243810978458123,-1.4108082532512296,-1.2150900098460873,-0.5688348221012983,-1.0648957918857849,-1.0735822180794536,-1.0303107784560448,-0.9995090547519971,0.47306842178009173
2017-05-21,-1.3688962125610353,-1.3525070377314234,-1.1431103480932645,0.016412812830909018,-1.3040549164300321,-1.202717420311039,-0.8103242010729884,0.3145476426511312,-1.3189562333342697,-1.499201425862687,-1.5946986207777085,-0.13427870264371,-1.312056463572056,-1.3527672256910424,-1.2564359224569723,-0.2730640367055877,-0.8041756311594351,-0.8517743664349315,-0.6882169405637579,1.0754252596127905
2017-05-28,-1.8511464256600345,-1.3131571035813694,0.771558849904239,-1.133851281737155,-1.9094014711412495,-1.4508133871630524,0.46440994979472483,-1.1999737583516576,-2.1069067424387864,-1.680214933938389,1.2954073853432497,-1.9975317378788093,-2.1279204430972163,-1.6838736898882745,1.334421600402576,-2.024447418960602,2.726890835920783,2.0869965617911204,1.9678363249838131,2.1474188527005227
2017-06-04,-2.7906116744174603,-2.2995245590256563,2.2998104310786758,-2.3896591897888917,-2.721612616588916,-2.407697104280121,2.0748284651002478,-2.2532616362462736,-2.8578543043272013,-2.793450848208916,0.22466815942279927,-1.0731782313869547,-2.789271836675864,-2.705585262137516,-0.017330150654579213,-0.3876654124270441,1.8831508600601155,1.968336118499842,1.9692900240365774,-2.456811280444984
2017-06-11,-2.1689948042251186,-2.4207617503126366,-0.6852219421743325,0.24264102435752075,-2.1287633369700996,-2.3725950225753416,-0.34808244771119057,0.6690492337951562,-2.016577984961586,-2.125466105841586,-0.9580215697249284,0.6854827296735796,-2.0069604802234635,-2.0623498626101155,-0.7854402122424433,0.938558366928628,0.26511591163507237,1.3187247405623737,1.545563043295785,0.057878200325509
2017-06-18,-1.347108470583768,-1.3292011890951407,0.7239173153419952,1.4712321425695885,-1.279846819544201,-1.3697486975356274,0.48727183415681946,1.3144298970286472,-1.236173545933551,-1.1478074480134088,1.087451580989108,1.8307156726087033,-1.1843125395979226,-1.167055036184178,0.5912864519128451,1.9462165835887246,0.024575655721885505,0.2450287930059649,0.3451190055880356,-0.4306392244747551
2017-06-25,-1.1335065891565397,-1.2710908819157447,-0.21282130205121827,-0.47668996351893317,-1.158552337779107,-1.3055472161450468,-0.6434641957345121,-0.2230782667930752,-1.1143162405185114,-1.2022706807279497,-0.8460061335667031,-0.21253436868750053,-1.1086491700388987,-1.1627331636581044,-0.4446551292369343,0.7916857565418024,-0.9824793174104444,-1.09863227631863,-1.0935998267791769,-0.18486427876847517
2017-07-02,-0.9699000574975936,-1.2119306993319992,-0.7703104030771761,-0.06278142633415576,-0.9950775523298353,-1.1692421763698786,-0.5719063718825709,-0.2652566163717814,-0.9197900366069963,-1.0762880158238175,-1.0728774544110264,0.005845646346168567,-0.9615506751036608,-0.9509319596301442,-0.08983661784975396,-0.6801829303234187,-0.8275100068619092,-0.9058732112180912,-0.8628471516869692,-0.3273941130971006
2017-07-09,-0.9120457257359869,-1.036278663568823,-0.3229808381475894,0.22870376736013867,-0.9270044217507224,-1.096349335591427,-0.8391066682697279,0.15374625828368846,-0.8607335320852582,-0.9223911370927138,-0.2692278332343544,-0.18947204500092682,-0.8673819875061257,-0.883351908093831,0.2494878310469434,-0.6984084076791627,-0.9451868280728403,-0.9857990393888775,-0.8241265002303376,0.08066039313407553
2017-07-16,-1.0741505775798392,-1.2659418874732107,-0.8056506422374643,0.018004354204414666,-1.1125059980148886,-1.266543664217772,-0.920217280855241,0.2779587512409094,-0.9842821122641526,-1.1109717338502632,-1.3476836960175815,0.27591122999161577,-1.0296616054683339,-1.1190368438904943,-1.4634968475674233,0.6208045428925303,-0.8660396058108708,-0.9542622552395568,-1.0083460827390358,0.16481842134121935
2017-07-23,-0.999624009525446,-1.138413705536673,-0.26223747711234435,-0.19129764902238675,-1.054361146849099,-1.1551151489160354,-0.5570384773327356,-0.2563690382009689,-0.9407979260299962,-0.9511675470619801,-0.2977574056358693,-0.3008029548110275,-0.9978185807021666,-0.9578346067283757,-0.3142564845129682,-0.5046949386828385,-0.7184301667140348,-0.7185733127790352,-0.7670964006023366,-0.08162310344458318
2017-07-30,-0.47562870696946785,-0.5231627050600866,0.025891187912688147,0.9488316173617534,-0.4420239000366161,-0.4044876117447362,-0.04605997821612291,0.31953868657124535,-0.46898437229405465,-0.40586250067896307,0.7189840569912336,0.952163159494285,-0.4133758970306849,-0.3608096597357094,-0.2065988308850699,0.4114480394130191,0.009987565488252793,0.1483647528402187,0.3295040154056668,-1.132714963968508
2017-08-06,-0.34738236024940733,-0.11150832128501835,0.6134216610521023,0.4065014796839872,-0.21232531222149295,0.1831956239722456,1.4809472539589703,-0.41226155064859904,-0.3943997090855714,-0.3226489986003436,0.3492748298247175,-0.05822118216417226,-0.3469461512519279,-0.27176686298401476,0.13467649020528608,-0.6859943405700327,-0.308694345051494,-0.17285525360218928,-0.1810422461912108,0.08268279345149827
2017-08-13,-0.5713295632458435,-0.623150115022829,-0.08386893140689214,-0.5635769325366343,-0.6968801899355236,-0.6944771742838295,0.218772908827761,-0.7699633603429334,-0.5085380609366977,-0.502112319219046,0.10417805345517576,-0.6621996269181682,-0.6166954373912331,-0.48918036865403774,0.2684824125858068,-0.7512917273930072,-0.8056928066408406,-0.7402338010154945,-0.7444380976922318,-0.10583907776003386
2017-08-20,-0.8268196779329218,-0.9450117719724527,-0.7139621409943792,0.6314406896303609,-0.90850237044333,-0.6864649009317865,-0.04568775635111932,1.2636806791751658,-0.5900696748803488,-0.658839534338294,-0.7315468531338049,0.7177492308679951,-0.6759884654357429,-0.3772007481004193,0.31751198702728267,1.4394257368755194,-0.45266874777469207,0.026149910396245382,0.17308854371981114,1.332633897889713
2017-08-27,0.27002485585082486,-0.46442733326279223,-1.0497410946853267,0.2605970144268621,-0.007594880195530813,-0.4863935692147287,-0.8404652940614095,0.48346945277686554,0.5968949561280726,0.2121836827007904,-0.7687969429914785,0.5285152750067539,0.4402598875642594,0.28247697971357644,-0.8768677474706916,0.7999739551166142,0.05968646531961105,-0.14236078055296716,-0.29582201646235784,0.008097386789601332
2017-09-03,1.5857766966080655,2.0087260818903543,1.697890888064222,0.9583480689516499,1.588502901137244,1.6328762840758504,1.689917021789899,1.295031769333824,1.4781303391321026,1.4598236481278903,0.40583449359147256,0.9844178653828211,1.712788989723556,2.190214091348014,2.4168801404489613,1.5114607034514647,-0.020194270648967737,0.3368299482316198,0.6249449347045134,0.43893318661918723
2017-09-10,1.4147617331537659,1.1140277587901715,0.17162196590272313,-0.94515706543388,1.0234637558793245,0.7666362721308652,-0.41112886409638627,-0.8156960720039006,1.4910102746081482,1.6202157085455473,1.0497893652541377,-1.0589243682292724,1.2883238951225016,1.1111414770177006,-0.013477260302931938,-0.9680283925153382,0.5619064592726393,0.38204181511573737,0.42021712716728066,0.7640677984604444
2017-09-17,0.6249093965509485,0.9279820175049814,1.1733160740521111,1.429584815539025,1.441426780510225,2.6488934455075857,2.9383769118727234,2.90810649981375,0.9221498780826798,1.434684466601902,1.3974394719189758,1.4055385843520036,1.5116386605231118,2.623928525534139,3.009653331703556,2.52181739270421,1.8663753056469479,2.5534398452456624,2.5535379321397413,2.6272367098233147
2017-09-24,2.671808381087921,2.487938689137002,1.512732618033732,-1.4130125315302262,2.483865120459133,1.7810343456423505,0.25957524154892164,-0.5219255498673377,2.6871440555643966,2.6027648431493264,1.4121962329905378,1.9024992326095427,2.389535387480229,1.79382864959337,0.4855326062372816,1.0513897879709047,0.9923175601111575,0.27939760034016026,0.0031652433152305755,-0.6540318335589809
2017-10-01,2.48442530379297,2.1582193810731036,1.542415841803574,2.177101939096539,2.5252282204284513,1.9518323900183159,0.19630552622076128,0.8454237745145636,2.6679255577494225,2.554657367662789,2.2307748206976847,2.110699843760104,2.6089400827213343,2.0895407787188196,-0.12576806858356504,0.5523965647165217,2.040311163506598,1.5508944220449286,1.3534700648788756,-1.7227766141536476
2017-10-08,2.025447603620398,1.7707228777178676,-0.7827401698746344,-0.7498828399586702,1.7867849662524262,1.4288244482240444,-0.6692282559728355,-0.357189726529144,1.9661514818905204,1.6897096887532492,-1.105159243525622,-0.6039207763580939,1.8773858956804175,1.5684159246052727,-0.8039843566972181,-0.6525753536850553,-0.9793188177310355,-1.0291482841681943,-0.9976388602481431,-0.14722267076202794
2017-10-15,1.289611697718667,1.2336212540987368,-0.10974742697538062,-1.1399199257928436,1.0888007289096422,0.9451151498598385,-0.19278216179860683,-0.9789282792758707,1.0829009286139342,1.1511977141914154,1.746494411106487,-2.0542304422140583,1.0573117535953205,0.9446646946887585,0.25804304186408955,-1.275467159332669,-0.7669491712203902,-0.62725545571734,-0.5094496334838181,0.5010243180388599
2017-10-22,-0.45608226779056016,0.047505960964579284,1.9591811980598772,-1.9415285665017217,-0.5173545344670767,-0.2290784361115458,0.6694765739035796,-1.199247022939646,-0.6632282498828492,-0.3288126979870294,1.167726830527647,-1.2105969999158108,-0.6133718221326251,-0.5813654121483125,0.2733461424364283,-0.6286570345170084,0.08310646588013387,-0.8641609134337518,-1.1841147692093494,-0.22700041448188238
2017-10-29,-0.7260374389159752,-0.814913939924459,-0.03809696588797224,-0.051229607312159725,-0.7610679477600574,-0.8904209753777124,-0.517955591807317,-0.3624062338068478,-0.8927846894738539,-0.9393914770997942,-0.532932173903334,-0.4405880104094809,-0.8538481184878157,-1.003180160037059,-0.4037920094850493,-0.49291125664138985,-0.34001025879699404,-0.7168525373966979,-0.9011524114320025,0.24412060452330742
2017-11-05,-0.05875519218193107,-0.08407479818810393,0.9611890903120126,1.5257446424062588,0.17446645330816163,-0.14688343648579724,-0.9565068994640805,-0.24910514503695916,-0.017932255136468355,-0.0399893259745625,1.1420271006507536,1.279207948589688,0.18621634250692168,-0.06785239929290753,-0.48641471866614555,0.3372379164073516,0.3503944725639531,0.14244743729320822,0.03487056590396991,-0.9713216053771918
2017-11-12,0.4359697256038634,0.3268501546117192,-0.46958856320586884,0.7520566434617783,0.4458726273544545,0.4585715764436315,0.10132329243460164,0.3739336621913401,0.5414851185366105,0.5070685744983756,0.10353083054405483,0.6968691604322436,0.5370989947353524,0.4505113462938623,-0.4037920094850501,0.091162475266611,-1.2219024795917,-0.7586163342053266,-0.5094236527366159,-0.1974461027385527
2017-11-19,0.5369066430132905,0.2837176632956996,-0.8948548890537429,0.1166416939772473,0.5539882311886549,0.26771431116938454,-0.6869075246658776,0.20169521749420546,0.7284040780660147,0.5911632199759008,-0.8451826525216646,0.32087092774565507,0.634515527023329,0.46193891261794207,-0.5450883578037163,0.2708200869279709,-1.691528037385491,-1.2832839342756928,-0.8808619545212037,0.13514279609201327
2017-11-26,0.7756443847971464,0.6055656339742117,-1.1656283168781192,-0.09161260573211609,0.7684725386972919,0.42310717619770094,-0.7952275058788479,0.028160229404302548,0.8678180990069186,0.805530774527372,-0.9428043982818126,-0.3728514069565596,0.7429936603681273,0.6155314911257791,-0.7294439776481162,-0.5083505526326219,-0.7985531147865352,-0.7753956703366007,-0.7365378328090793,0.2714900826891505
2017-12-03,0.5890836288486846,0.6498179286776213,-0.22901787616073588,0.7550614022471434,0.5814882142689429,0.5370324231836923,-0.14612744240127615,0.5013704605987903,0.7006136971746706,0.6850901668591378,-0.25563762035253645,0.3041071505021348,0.6166212862759467,0.6570578078434443,-0.08800728232995503,0.09723207389376233,-0.6737678285058402,-0.49028747247081816,-0.33535888248662293,0.23467631955639026
2017-12-10,0.594375890709574,0.3095437966865316,-1.2857480306989406,-0.09665970387261531,0.5429175590742353,0.2267353601327397,-0.759335479938823,-0.3230730294674483,0.6156814448024094,0.38500280206594273,-1.3256895686705241,-0.46579323949668455,0.5700238714240738,0.31152395965674357,-0.9405222303900669,-0.31498017390529326,-0.15127591970304902,-0.31999638914145095,-0.33421909258894444,0.05536609719840551
2017-12-17,0.27683599830565575,-0.10666049286196963,-1.4069371488316245,-0.19634825278971726,0.11539538818055244,0.06610640821757698,-0.49127837609084957,-0.7476165201029408,0.257212325026174,0.26216210477462903,-0.32769241790449083,-0.8932441515442822,0.22583431316790917,0.08186919337089647,-0.896605449870601,-0.9009632486674989,-0.276683018925457,-0.5769369407169999,-0.7880655538008745,0.12705729267826163
2017-12-24,0.07933813908808345,-0.15994651429165327,-0.6369368959179246,0.37760725274295237,0.10424146622918264,-0.164687152453383,-1.1632233601765471,0.24076276109509953,0.1915154740726711,-0.07011452494216897,-1.2358359498867277,-0.0027896574646465565,0.17852366305456688,0.08997701977141344,-0.7806828359051596,-0.7114551346909107,-0.794350301746298,-0.7916393335557443,-0.8149648170075584,0.5609581233444245
2017-12-31,0.7354876496979214,0.8642659107074647,0.6893152151211565,1.171280626890991,0.7715956863678263,0.6384911379916155,-0.0421516855564127,1.013996825309339,0.7680549976514005,0.8973126910782435,0.4777593839762346,0.7812647460616591,0.8120198958175706,0.8983591037074333,0.4106731062917883,0.4425874987577654,-0.36746187511424294,0.16499661816459504,0.5772358457002268,-0.6744826764149758
2018-01-07,0.4068119894943522,0.5333061100091878,-0.26098715532635447,-0.8077047340145718,0.1652537794376664,0.26567108305097925,-0.019380397273772554,-0.908745231225062,0.2071726498638439,0.07214028114095926,-0.6600159712165162,-0.4304000286267258,0.10088040598574548,-0.14435518985620396,-1.3689103543059709,-0.4821042397182786,0.9223426893525875,0.1931047429690607,-0.491337906683866,-0.8118355527132816
2018-01-14,-0.3477204445856841,-0.6433753112550834,-0.8774451315384445,-0.3434074885010061,-0.4436042565306405,-0.6250870651163367,-0.46128249177533337,-0.31605485140561296,-0.310254716122572,-0.3575229269132732,-0.4208219287005522,0.7043041034795505,-0.3466739868451138,-0.3572948005052476,-0.052003143396121436,1.285404816653685,-0.6354252972557441,0.2508781203630372,0.6441800176545182,-0.8346658207445383
2018-01-21,-0.07765607637344038,-0.15585730003983836,-0.49007546389847323,-0.21180361868361833,-0.21936682010079123,-0.3640195615447514,0.01658961877362185,0.19351600935966284,-0.18086330735405878,-0.2966032710152181,-0.29838720171550875,-0.44011876854438886,-0.1117581551221767,-0.25795824097265707,-0.9114112135932625,-0.2329493328627302,0.662446352786654,0.05033575870367112,-0.411982370764753,0.702622294780268
2018-01-28,-1.0972414043419534,-0.9736283322325843,0.486339270797689,-1.6901283596668388,-1.4528501370493105,-1.1149584415438925,1.1324802176735376,-1.7545216676594584,-1.1853285502468451,-0.9836147750610709,1.3349725027761128,-1.9782103057861335,-1.6723172334487855,-1.1814731520629924,2.596956767198192,-2.404251343448515,-0.4749420273254634,-0.6203541102790053,-0.9354610537120444,0.9904376997881308
2018-02-04,-2.779071324483908,-2.6999222784420054,-0.014474271028477474,-0.9529449008424261,-2.7178725159240025,-2.765976005136942,0.6393597741670131,-1.0252850792905088,-2.8159739113690567,-2.7910670248802,1.2120086277731195,-0.14498986913448259,-2.754318224482437,-2.6712244899618436,0.9878163553838659,-0.8871449799436462,1.708114925301867,1.3035686652385985,0.37243296562939354,-1.7638518383242823
2018-02-11,-2.432144390737443,-2.4721466942183654,-1.131725481360564,-0.22165033794339398,-2.4044937637988952,-2.495655298684419,-0.7026052468285506,0.2915626478620462,-2.2637748857718036,-2.329771226182133,-1.2211270757630934,0.5284228188016193,-2.3350140803779165,-2.4666460732379063,-0.9981009909492353,0.4739202429029477,1.3158832892160766,1.6604091873458873,1.1281774981715702,1.772177612011559
2018-02-18,-1.6569669021253906,-1.6313850933592127,-0.544692621220175,0.17022410430496623,-1.6661434175658378,-1.6957741470744594,-0.3444600704935828,0.4556239305734344,-1.574929036048787,-1.6577116893247839,-1.2278902922650252,0.0967168560377324,-1.610371767690018,-1.6778585380271336,-0.8861469461982107,0.5814872020710864,-0.6980995598416023,-1.3876795163461855,-1.0298427434065076,-0.9016624179700662
2018-02-25,-1.5547938968515524,-1.4747579049882542,0.4593126974389576,-0.6395589796919997,-1.5294029839089849,-1.5195618902896642,0.4378077848908634,0.05769050366126549,-1.5705255226175614,-1.54227990569051,-0.4353387469802034,-0.14265603711470087,-1.5159760313858386,-1.4221313425526716,0.6711311740834933,0.5269984501564591,-0.19520315537245597,-1.0600636055232664,-1.30496358669397,0.6740534263562481
2018-03-04,-0.3320798681125684,0.32716542843921453,2.8061031870177895,2.5363350146141492,-0.20062847875905282,0.22524447747492427,3.0623437704327676,2.7780817942636427,-0.35110255071948215,0.286128901319167,2.633578663316435,2.5819361535056173,-0.15063681645123866,0.28953328985102167,2.687697695807096,2.6363954619123,2.8419154693787254,3.1526701605089693,3.167253968912624,0.5301425659498682
2018-03-11,-0.31552395283953105,0.19184919928916147,1.5390323810652224,-1.7849147419557867,-0.41328741866726265,0.18009650399935653,1.891393734784765,-1.9221657581495888,-0.5871908085046355,-0.49570650332117305,0.7251670902161829,-1.3931122894081671,-0.6710587862864951,-0.6013514914225793,0.43171116731397874,-1.1001545973528408,1.8028363755619794,0.4784042630930393,-0.4759680252439506,-0.45457320893423325
2018-03-18,-0.9266228298412845,-1.0762816407431774,-0.7849822626416011,-0.12340151302410225,-0.8878509277780429,-0.9762956279494213,-0.40596486339657417,-0.47497532247711827,-0.837418455880721,-0.9220192750996101,-0.43631116855665214,-0.4722820244629677,-0.8556625723726327,-0.9567271223352196,-0.38857104623885463,-0.0906519433156273,-0.11416800611334976,-0.08083771994085441,-0.17625648612499137,-1.1110299964875685
2018-03-25,-1.0505524900603338,-1.0558602068819853,-0.419207134856492,-0.3381063040028059,-1.1077589262852423,-0.9812301704876505,-0.016599737778575076,-0.6812498959696195,-1.2102539225716213,-1.1062808207532486,0.541027996302012,-1.192157327841197,-1.248423738661675,-1.246687557438854,0.4383659574040958,-1.096325080234078,0.11963821437338994,0.0814915337766474,-0.08146921019716521,1.448836483376488
2018-04-01,-1.7974167204020184,-1.5792522292045759,0.28009532104496415,-0.7884276172160863,-1.762050735675316,-1.7361349398894483,-0.15071727936363777,-0.12389324767370885,-1.8463542311282863,-1.8628971674361794,-0.6931515905321646,-0.20185019904928944,-1.8009608727458044,-1.7328222533070756,0.11737271256260966,0.04563000206210035,0.6725096929917173,0.052395235206803004,-0.40921412708216304,-0.257555643591887
2018-04-08,-1.9671619349759986,-1.2471266193874808,3.132703795328337,-2.8712595669363608,-1.9961834282937285,-1.3219549798633563,3.1561091526601217,-2.899876877504655,-2.036673079346352,-1.1629104426015084,3.2058469828924543,-3.0071727666131345,-2.0014707766292856,-1.1971203108321053,3.22305828246675,-3.0381809015112498,3.2177526349655103,3.305020938507587,3.309129088651797,3.317760978436386
2018-04-15,-2.9510791399019767,-2.996419795580191,-0.4079619810477029,0.09852425325456385,-2.963328036692115,-2.9884944965439697,-0.24518550558324917,-0.1126690638108076,-2.927040267809331,-2.980627982160799,-0.3110169526885507,0.02104965516470443,-2.9401373041491574,-3.0233851809060948,-0.4152893579951385,0.08104980379959391,2.5832272285979125,0.767692341455394,0.3939188984016045,-1.0115678318766212
2018-04-22,-2.1343820894750585,-2.143590315603611,-0.4365635033107897,0.5785676636803813,-2.140030205631063,-2.192512188878632,-0.5076934020986804,0.5359306961559386,-2.120485636761827,-2.180458245829048,-0.4908607859812522,0.4680816137915236,-2.1028718230450485,-2.1596004187813533,-0.5063816585730491,0.4000646508859108,0.751043408725368,0.13415548151042975,-0.054487779721116285,-0.30314013415307556
2018-04-29,-1.6778165168766455,-1.6946695655221204,-0.4540783082137996,0.5966939964261314,-1.6662029036255115,-1.7083496395756028,-0.542425589037855,0.5440784344085289,-1.6462468473481802,-1.6892970629464839,-0.4736115672607295,0.44333636580135144,-1.6436409884953886,-1.6994649241792874,-0.5682195566328848,0.30749746706966746,-0.20901556134954255,-0.2986069604094231,-0.328072124943688,-0.21273574786740504
2018-05-06,-1.410202496925117,-1.437078464543144,-0.5797644581504806,0.2318218649385602,-1.419795917554717,-1.443626560917424,-0.5568282074009749,0.23057810486948427,-1.4020099451581165,-1.4463292235977645,-0.5426825779789866,0.2718611350576409,-1.4131482423175887,-1.4330201538446505,-0.48712937409133866,0.18707937644812142,-0.038347244821392346,-0.2863861572765732,-0.3695252668492465,-0.3058332809390577
2018-05-13,-1.23876205983115,-1.2588898575529799,-0.5980424450947022,0.2047497668727375,-1.260105829454505,-1.2833401917279454,-0.5959335791184208,0.21564756047502984,-1.22688824217785,-1.2435755996414677,-0.46094194958850965,0.18401579173762292,-1.245800207083798,-1.2713159188071124,-0.49120891342466205,0.15670869316893413,-0.30100012876912136,-0.3696975420291068,-0.37738357679903467,-0.09786393436046104
2018-05-20,-1.098226448248854,-1.1183482736691361,-0.5889396053976618,0.2525842294469654,-1.1053843729224309,-1.1232022237257802,-0.5624477633331486,0.21482993127275737,-1.091163661104558,-1.1109185810739215,-0.4974707874288068,0.25184892435896855,-1.097810080657539,-1.120802308916456,-0.5303220804530305,0.2133635188628291,-0.041759902744898596,-0.20153264899220694,-0.22883924692128696,-0.4309458432189411
2018-05-27,-0.968047093875226,-0.9785619373480116,-0.5376165125926176,0.26343648763045513,-0.9828153088769463,-0.990409360448826,-0.5477124596686977,0.2665792701457889,-0.971496326627851,-0.9772341070610304,-0.46359077162654067,0.24773313342455386,-0.9855284053511416,-0.9950564992298369,-0.46122671213092337,0.25311352124508735,0.4130667883941034,-0.026943603051704394,-0.20304126973726075,-0.18028556550776176
2018-06-03,-0.8115576280704235,-0.8254653150387129,-0.4558722746486685,0.5624839103839459,-0.8215449465347501,-0.8326693486474901,-0.45044558630358383,0.6501628525117829,-0.8008399195171192,-0.8186717921254095,-0.39725825062939263,0.5610243357733201,-0.8029840002314182,-0.8271140399903589,-0.43915604887911464,0.47305504249080577,-0.007662667007628904,-0.2029326598541102,-0.21774999381136717,-0.3287342863600016
2018-06-10,-0.734760732087088,-0.7208745845806525,-0.28542707161236575,0.12159806565537475,-0.7476060117388549,-0.742005963502367,-0.3368361336210473,0.2126656727425533,-0.7288894078858468,-0.7187492312400614,-0.3201715259617727,0.24649759001457933,-0.7431836654418938,-0.7253531102382271,-0.3108768041719735,0.22548869633583485,-0.25902995064447404,-0.3178233538836722,-0.24467028563409296,-0.009272860791118472
2018-06-17,-0.6919586131498494,-0.6889163505369156,-0.3270560125486842,0.1782928153810841,-0.693271855696682,-0.7133270640031438,-0.4178370519871308,0.3177242666744594,-0.7014170222385706,-0.6761008844178413,-0.23816272937708238,0.13485944055907576,-0.713306562371998,-0.6931462571703637,-0.28143664572759597,0.1840034456322092,1.4418380404513618,1.3911414453379158,1.2056926322052246,0.008427031336546573
2018-06-24,-0.7260609583040375,-0.7156594628042687,-0.43465836501051314,0.3062783509356702,-0.7274491613910745,-0.7174720709345395,-0.37373591458957484,0.2801102918298383,-0.7237453856142815,-0.7300937480699204,-0.3938632385875844,0.37319296600764906,-0.7140205473373432,-0.7187166960475528,-0.4045813325967096,0.35290007187705585,-0.5914130431606303,-0.31048496965680306,-0.25897926394632736,-0.5321530733939339
2018-07-01,-0.6438491798108187,-0.6285272803900426,-0.4039397645632427,0.3598876985879272,-0.6645944796458938,-0.6592391792418003,-0.4290792472263006,0.37623839639812406,-0.6430399330973567,-0.6170538127017983,-0.3789733138730856,0.3525027594768719,-0.630964730164196,-0.603756844478931,-0.36066334144678464,0.35777053416414356,-1.1117235472115343,-0.7204919930028743,-0.5804229205082706,-0.07535715961336707
2018-07-08,-1.278380140629004,-1.3211238760969117,-1.2281702193968127,0.22274688846657803,-1.286692757336271,-1.3386997935738678,-1.2594872952927971,0.3356431422508545,-1.2056193924704532,-1.28918063270801,-1.128113309933417,0.33981316567928826,-1.2397707610637985,-1.3223715758798773,-1.1686446736358485,0.41639532312913036,-1.0406422362068877,-0.7523801374425709,-0.4921883972091875,0.10256815137997448
2018-07-15,-1.160846320327864,-1.1425689553443625,-0.8443985747249622,0.28076064109014415,-1.1067806347054157,-1.065781473177041,-0.7019276477369434,-0.47042007693889865,-1.0968354372969156,-1.208326193821512,-1.3741896498445465,0.19637556830221506,-1.0938927185371772,-1.1632939240409712,-1.2436983102629782,0.1918699204723552,-1.149130386046894,-0.564478745514853,-0.30194795754234766,-0.594199650158778
2018-07-22,-1.1982772899609802,-1.1403997617046813,0.14546657902311444,-0.7531477582052193,-1.1483638611520137,-1.1485089706295426,0.45525879957700144,-0.8282224723183096,-1.2444131215035865,-1.2040563803903699,0.4887484542841032,-0.8732758261971554,-1.2394675258801782,-1.122403372806643,1.031954056882869,-0.8601429920433282,-0.6984585404643338,-0.5812192055318315,-0.5422667942659399,0.7217945331073459
2018-07-29,-1.4750993323026573,-1.3146089647323962,0.4840988616882504,-0.01187063472785457,-1.4744036108552026,-1.373571871938798,-0.12447299625813484,-0.26194107046996973,-1.5237259907308802,-1.4934857497247906,-0.20178907666444326,-0.28384742180251055,-1.4859608427898758,-1.3713788970698486,-0.1349552128946437,-0.29729194964935934,-0.9623342122201738,-0.6431253450419963,-0.5174289401572043,0.10732037171033007
2018-08-05,-1.3322922689153183,-1.1864811502625134,0.7617674949976229,0.3996375409770313,-1.3354975902164998,-1.2541721451885846,0.6193088864001968,-0.15493602078013471,-1.408612517173943,-1.3460548075973795,-0.2687869203141682,0.29901346420940667,-1.3271514486363838,-1.1378187159895568,0.9906265156767068,-0.45851386926482685,-0.856406176765045,-0.6445531695551991,-0.5377363359061264,0.05577140109597253
2018-08-12,-1.410962671554195,-1.5032306138752394,-0.9872026732095831,0.7801301316125211,-1.429046878912503,-1.4857052621048092,-1.3991845655457427,0.3855885779565239,-1.3740862708631354,-1.3986683373632485,-0.6466678468369783,0.2178779601460103,-1.3900232531361865,-1.4754083919586514,-0.915664428838905,0.28882051278253906,-0.7535699879181889,-0.48364401596993717,-0.3329480302906522,0.5653296645229496
2018-08-19,-0.8707156773180172,-0.6005428365518395,1.9379434314601431,1.8941530216617444,-0.6377323739096782,-0.4495428278393499,1.8847490059816463,2.060857894447771,-0.8474170945540471,-0.773992626744042,0.6514742153620151,1.6247588393329133,-0.6177964997672305,-0.5264752052546462,0.8671375603949226,1.9714915912870794,-0.11607858621111498,0.11038573818364182,0.24509389792018565,-0.04819199286051246
2018-08-26,-0.17294286358062022,-0.30394931114704943,-0.9360593073385253,-0.17711093626670443,-0.24207537736644671,-0.2947337820533441,-0.7585386620243044,-0.1600264195826849,-0.17348691833986452,-0.31194099893107785,-0.9259074270375705,0.12742505693164283,-0.15442002672312696,-0.3731800182868672,-1.0689893944574302,0.5967563688148978,-0.7873331416556428,-0.6396637100303101,-0.5958025660876863,-0.07240587185448111
2018-09-02,-0.43651299501326063,-0.3889782770743409,0.1053359340367073,-0.4943923920174467,-0.4830118714413345,-0.44554680796159846,-0.027705204269772687,-0.5469289113693055,-0.6150883757013279,-0.4754696237104348,0.29465453668656777,-0.6537125902441181,-0.6477256485217104,-0.41623264378579866,0.890545184881647,-0.6638307404998437,-0.3055771939729769,-0.3761899192888541,-0.3533267834551898,-0.4399914009348919
2018-09-09,-1.473850658080034,-1.5447263755339098,-0.37155780623664353,-0.27879117546965293,-1.4500558543922966,-1.3885074037757765,-0.18670188185256695,-0.15895479132629994,-1.328706071788134,-1.323650213397087,-0.7863137146796795,0.6633234118724122,-1.5084695025791255,-1.7444104119947073,-0.9105411459461072,0.5109111967357518,-0.47395109338436453,-0.2560689887192262,-0.17250287748535215,-0.9125910989658756
2018-09-16,-1.2964694712593614,-1.5914930367205444,-0.44245728624033637,0.6057696683226006,-1.2164891509317541,-1.1943271668113893,0.07568995210239357,1.2375437659241457,-1.041189736879739,-1.1073217960795854,-0.4185480638490931,0.7705453523898567,-1.171919011069639,-1.0496960884752529,0.1742611080626241,1.335599016062008,-0.27194589234634337,-0.16891156409264718,-0.06192686841542517,0.5602794607566339
2018-09-23,-0.31112801061830353,-0.13068111886141162,0.1516763117537201,0.051192377681145707,-0.274808842145546,-0.29385415132161224,-0.14933654326377557,-0.44213233375309,-0.27585772738886083,-0.43907394372622477,-0.7654233589788383,-0.1565987252915653,-0.39092302030599935,-0.33135386974503367,0.018431328750898472,-0.7737680797728973,-0.09208354351709139,0.11146969057226268,0.21266318679451895,-1.4977956822749154
2018-09-30,-0.6086738446138058,-0.998776548743031,-0.8978259098970138,-0.1954406674254351,-0.772764747543879,-1.0705472566415082,-1.0433174834869419,0.3122176603566549,-0.5705608462982258,-0.8176365552249826,-1.1442642484113044,0.3076677241024302,-0.6413748820765961,-0.9174499828443279,-0.7529530280956818,0.261265500546675,-0.46857593401407904,-0.08733492074543484,-0.06468037226549726,0.7034564838687488
2018-10-07,-0.9699677615855015,-0.5901818585985598,0.7251647963690694,-1.226553733991231,-1.0924044073324886,-0.8188824507524464,0.19571711919046705,-0.6657528873903967,-1.1020752859212333,-0.7942228454888379,0.5960095018680672,-0.7477587520028584,-1.167770071979824,-1.170436826650334,0.1805187460117204,-0.16542737864283574,-0.20461859789859554,0.42671961425240734,0.5713546771240707,0.5940377296910268
2018-10-14,-0.723120146069677,-0.6238302955531565,-0.056975510913960754,0.25182713397522705,-0.47170389727104994,-0.2509558802170353,0.9560205256010958,-1.0713731429809112,-1.3551276253247215,-0.3285932366117666,2.7605074420824587,-1.9261617818323684,-0.9763412764646315,-0.3806291833508252,1.8228091509369642,-1.8808464617037335,2.8268936997054737,2.268168040667696,1.807226418489138,0.6801978299324077
2018-10-21,-2.4809577766729083,-2.429394905664842,-0.7284842755310406,0.14300587443959914,-2.481241170192875,-2.5184349847318463,-0.7417005863273365,-0.19918371692578205,-2.4484804338753716,-2.630956305137559,0.0037077918185547576,-0.5670015323130895,-2.4101018798847975,-2.39117612236583,0.28667713077987533,-0.6390036711115179,-0.0870193159199778,-0.2597576960982584,-0.49850918150742257,1.7956478110602196
2018-10-28,-2.063353399491733,-1.9426932057656259,0.3723593318084093,1.4478706464582711,-2.031607249036163,-1.9916866080913735,-0.12631199121698267,1.3307288172186673,-2.2119190124044823,-2.2278836316824178,-0.08340202910461787,1.0252291892601122,-2.109684316128109,-2.1029511761352886,-0.27069923749656305,1.0141688190173175,0.24443218052410257,0.4188470013386423,0.7271087453298083,-1.419753605414088
2018-11-04,-1.3911806672625144,-1.0788950388919691,0.9726780956770826,1.136509422914536,-1.366859566843085,-1.1571696470395567,0.9899152241225595,1.1133949035945707,-1.5430997349601112,-1.29939731496476,0.603309518140331,0.5573915332764573,-1.4410708428186874,-1.1725802609682416,0.7349012407662918,0.4817982683018248,1.2813690384298198,1.6390148309714878,1.6086540382753465,0.7283904038715963
2018-11-11,-1.5230407400177386,-1.723741068394891,-1.0589248888918201,-0.31153226148650726,-1.5708172378349252,-1.657188887443602,-0.8007664110810555,-0.4419066985223105,-1.4045844399240361,-1.562943974539878,-0.2438992633598086,-0.5205698013251843,-1.4697149203712692,-1.6087520801807635,-0.7294581305830179,-0.3717050641762745,-0.6657265805782089,-1.1231104763515884,-1.4335811258023732,0.4396267367550925
2018-11-18,-1.6014225489063774,-1.707102469499147,-0.9890181933572767,-0.08309069905728443,-1.652885748486586,-1.6799090917171617,-1.3204656333365137,0.04422820178917282,-1.465223520461109,-1.536352335767426,-0.5723027617205224,-0.01900237744115438,-1.5802484009880828,-1.6577078724510699,-0.8284592144503671,-0.05089506982568545,-0.6660720661283454,-0.7979940469909174,-0.6184593750723398,-0.011713093559111853
2018-11-25,-1.5473706445755326,-1.6494184168371142,-1.5812480088979384,0.04547028427886637,-1.5062518172833477,-1.566102369225555,-1.326127037823418,0.5235456122666421,-1.4938079723964715,-1.5215177660733818,-0.4763378525258191,0.565293021676784,-1.4804699445673903,-1.4341941620817924,-0.4412643166666013,0.0435297205406366,-0.2645221172764824,-0.5960368278403588,-0.810500371045101,0.3997971489414173
2018-12-02,-1.6272391296451492,-1.5645878071399963,0.23916504416172896,-1.3305296636157713,-1.5653817840993733,-1.5093220139210306,-0.4390212811271154,0.4720701325370977,-1.582396182779324,-1.544179247716016,-0.14273888328227385,-0.5222980886283578,-1.6237119505853865,-1.6596807563149611,-0.5516951090852094,0.2422024502615547,-0.17910028699355177,-0.566989839389016,-0.9629621889562126,0.9628142756672351
2018-12-09,-1.5133717484417681,-1.4167082144335514,-0.02992461840743865,-0.8125588512401047,-1.4635447160283748,-1.2681117815734029,0.7114958035221761,-1.0029607462782943,-1.4768573657791624,-1.5090647528852323,-0.3472794481039401,-0.26408769167286983,-1.5229380172155025,-1.4766018799943943,-0.27370048704881955,-0.2404986689903367,0.12178991882036468,-0.4511298501064798,-0.7525179910484638,0.11544506549204109
2018-12-16,-1.6079947452937078,-1.5024023119021297,1.2166606584807185,-1.6799130301935983,-1.6096752973608148,-1.5368357067614602,0.8259285713971201,-0.9786422275533112,-1.6383191421779346,-1.5875509442492424,0.24031530365784876,-0.805497277477637,-1.669456542228938,-1.575529736862896,0.5428356883743596,-0.7585071681532456,0.81988812774927,0.741071441448703,0.4950126118723156,-0.7953952281152336
2018-12-23,-1.6920352660654892,-1.709614979114513,-0.2748997943799525,1.0594681981254002,-1.676914035600156,-1.7375273126547661,-1.282552573614675,0.24390900761557555,-1.6680347118342467,-1.6848150416640186,-0.5586719326850829,1.0763315877965494,-1.6546430352601298,-1.7456624925900697,-1.3911893701172102,0.7091049720331197,1.2414076463624824,0.5780005997311015,-0.08814587527888688,0.8829600549751414
2018-12-30,-1.1171214583616471,-1.0568846394997573,0.9480646849831807,1.5053624776962915,-0.9813755879171776,-1.0093882839617272,-0.7979305834848452,0.44426219080440743,-1.1266970627367696,-1.0689625340224158,0.03296213162120172,1.6190038288159265,-0.9084764933778391,-0.8536703767689264,-0.2182816121471858,0.9011813341991853,0.3285543189891866,0.09886333470561104,-0.04178450741915771,-1.5640997410539577
2019-01-06,-0.5554422237059586,-0.6986383749391772,-1.4199424445717517,-0.05804155269289152,-0.6508359428380212,-0.7123721638525162,-0.8952796084053911,-0.0857825121314205,-0.5693289687728375,-0.6723552163576988,-0.8541944984639216,0.2234740560731438,-0.5500603778847112,-0.6475137802446452,-1.1966965330913664,0.4717411221033864,-0.8687378744050795,-0.4757632189358024,-0.13142023810696285,-1.1617530702867647
2019-01-13,-0.2556164217060491,-0.028346240876363685,0.7263381980970269,1.1659915364335434,0.2215120857748671,0.9606288435610197,2.774174454511086,2.7280466409280413,-0.13662836962516567,0.13963699287510223,1.5638892853677484,1.8288341196629667,0.09749427485290593,0.7405714217249667,2.375802903650135,2.6532188479582675,2.8381225834090094,2.9237887112910528,3.031394897012315,3.1845237682507888
2019-01-20,0.8757431178654898,0.8731033339330341,0.38566273628347814,0.040866443902821875,0.958733668959385,0.8032240172539968,-0.4506029358365575,0.0825243251153079,0.8612441953439355,0.7037192511020952,-1.0279568316269632,0.105589986676076,0.9704425078750112,0.8990237497110273,0.12163943252481232,0.238506520741972,0.5853568114356676,0.5152868349237864,0.3304392738628834,-0.6462694958273479
2019-01-27,2.322338930433665,2.8568846644789727,3.1974496488850424,3.054284694908535,2.787290533456632,3.1024023196731054,3.2382413649031667,3.1920353390038185,2.4589840482065597,2.95248799321306,3.266956918796282,3.161650573131264,2.7225239121275013,3.029248174043657,3.243142638228481,3.193367923626545,3.0788908079724258,2.9098590253977696,2.919935413091255,2.8887312593591563
2019-02-03,2.5217158481409303,2.524719375219485,2.7401127654011055,-2.765800068840804,2.2268250150504234,1.9505996731233028,1.6065094091473129,-1.9571959727214416,1.8491063146301283,1.9581228715642618,2.4136448552591574,-2.2763211044361498,1.841403164093495,1.7128524978355788,1.7911244497214605,-2.0831169401942042,2.5830947822632075,2.3365117977601066,1.8987999351755616,0.6638128183883563
2019-02-10,0.3306475008004612,0.15705392793258466,-0.22282179778048347,0.2509073651013553,0.36800630771959497,0.1531074618483988,-0.13847349155335395,0.2989802093927385,0.5047751815427524,0.1856868704794488,-0.23341155064008803,0.34798193283289536,0.5523060101909567,0.3198149715984895,-0.15152238553700817,0.3595888912405873,1.873202276454917,1.6765616146194302,1.0850619969567226,0.31609230500059915
2019-02-17,0.7764205800975138,0.34773936364513247,-0.44603061470770394,0.10821790990561926,0.6123202717574361,0.28320358671519846,-0.32627512059436564,-0.21029991670948428,1.039094622729922,0.5058753252420555,-0.43748394241235766,0.08475882261703789,0.7855940460076075,0.3349857128114133,-0.4969409523689689,-0.08864142206661357,0.2562728621867498,0.013218401862206882,-0.2068722975817987,-0.8756315905591051
2019-02-24,0.5273563414760815,0.218598619786995,-0.41452818557077115,-0.18422053560638282,0.30602804064772154,0.05805427234073398,-0.40234577825994944,-0.31749578980189047,0.5874763770065377,0.2934519097354931,-0.3026293545364585,-0.018618358244269596,0.45154057734988484,0.23584839146214986,-0.256405916507962,-0.45640125450190167,0.11956041996642101,0.9993397280030281,1.2265057249688163,-2.121682341764389
2019-03-03,0.023836281666814087,-0.13891841883280873,-0.33294251213858617,0.03114855889280442,-0.03241779899028488,-0.1959421540039471,-0.431020811293267,-0.10703150545038459,0.08069965595379579,-0.005207780872290109,-0.25590249258994396,-0.34017036005357254,-0.0037282230586261874,-0.16608388690217363,-0.418849661480545,-0.1742166200722008,0.3081426729392209,0.9115147456934146,1.144410818019207,0.4469315616299406
2019-03-10,-0.08261186769627488,-0.2758733681283319,-0.6157944300300695,-0.023174836827319842,-0.2368899793537083,-0.373130234888222,-0.5779559173232629,-0.12707087279305873,0.08426041561260585,-0.19195422952081548,-0.5924278487604306,-0.09323909286718103,-0.10364038513029884,-0.30732207320786625,-0.6169663409636686,-0.1361969082494863,-0.663182377961985,-0.8385269421759124,-0.9490983668766761,-0.024086136952705988
2019-03-17,-0.12653027093811622,-0.21300918574635425,-0.41365455052287925,0.07633459127975033,-0.22335337309294612,-0.27811554725486914,-0.3825624950652111,-0.06710741971738193,-0.007574993587327004,-0.21467461156572037,-0.5147183604159533,-0.06137356932930218,-0.12155895446742956,-0.24716289585623305,-0.4262518008118629,0.010729943565102516,-0.1318051706794345,0.022445823692747648,0.19424848113290202,0.10054948950093992
2019-03-24,-0.10067747782988498,-0.19761716714285635,-0.3825816449329045,0.037020891339013325,-0.20865245280646122,-0.35023845032805695,-0.5041542759854694,-0.15194597074307514,0.03908246203133576,-0.23568759544472664,-0.5517133498680119,-0.09153113727643732,-0.11374021368646103,-0.2834957874188448,-0.4892876480184728,-0.20672839387179454,-0.5008886825580139,-0.5524422603968056,-0.57847642355036,-0.07069751349960209
2019-03-31,-0.7075468079534001,-0.6042705248730001,-0.42219437943671645,-0.15532595133266922,-0.6535274795741179,-0.38301767463944375,-0.14794208253099955,0.14849658204058827,-0.7618509098931789,-0.6638338505330801,-0.5103483602607377,-0.20345392446943145,-0.7200890617003116,-0.5223896459113845,-0.32827294849890887,0.12569875374517375,2.040773976742606,2.989563736081286,3.0713913540139535,2.713926054423249
2019-04-07,-0.5927248102412839,-0.432571862812028,-0.18588597878141042,-0.3500266078391162,-0.731713028957643,-0.566682809610632,-0.3019911328604238,-0.48495907865163224,-0.7159306319666107,-0.518579142398121,-0.21562672873210786,-0.4711974837108232,-0.829512842213526,-0.6536778162353271,-0.30682389778661867,-0.4605916368576227,-0.17257502961453,-0.08437634084011492,-0.10419640633861406,-1.1282769532439165
2019-04-14,-1.2224474402716246,-0.9374666002283927,-0.41442385140321,-0.11346629216664356,-1.2072302563004254,-0.9491543635973686,-0.4779964842790183,-0.23859324648507,-1.5484617110711145,-1.0561299104042279,-0.39420030988937477,-0.240411775951355,-1.3913394680819366,-1.0465532275562472,-0.45807983816069675,-0.24534823316587612,-0.14628266130672116,-0.4681070650553537,-0.6081721891857957,0.02713259105578091
2019-04-21,-1.2583717941000299,-0.9530052780945779,-0.456092609309021,0.17310647852502445,-1.1724835593406289,-0.9334987137405785,-0.5236955434416138,-0.15956223119957533,-1.492312013507656,-1.1326979829804162,-0.5406175678482859,-0.011331985342823285,-1.272347354233242,-0.9971257095981632,-0.5232861103521416,-0.09445693089617833,0.1880549030692998,0.09335390990691335,0.12036697318764293,-1.3340001712772667
2019-04-28,-1.1114250524369675,-0.9536894219602131,-0.49503526656200864,0.28774521508854023,-1.0986674584706768,-0.9877315848367216,-0.5674309504468958,0.41081051789593015,-1.381889886746223,-1.1525009102612807,-0.47714679541021093,0.40399553968110946,-1.2330536396252911,-1.0685094911084996,-0.45988297116822896,0.5599961702075144,-0.4075340956880854,-0.3685883281852632,-0.3437865945635222,0.1653399503343827
2019-05-05,-1.4570936306373727,-1.3573720652372996,0.8418086908210229,-1.2973635396139855,-1.5104418047583572,-1.3125212697961361,0.6925567660712538,-1.2858703003903538,-1.5029475126574616,-1.2415351042260148,1.3650363408764445,-1.5790618175991855,-1.5573755121116502,-1.4067436335024186,1.0415942147041988,-1.2678545553572773,-0.16401966094338488,-0.5352181119685318,-0.674358518486534,-0.12643957298881855
2019-05-12,-1.6296900804859535,-1.7147994993432818,-1.0426177951840898,0.5799617491113407,-1.6238273402258907,-1.7227775895513144,-1.0258002965751376,0.12080679462836025,-1.5795388901971483,-1.594358189014212,-0.602585151623062,0.3484029961425244,-1.5988581923131213,-1.7108553604618766,-1.2493251420168394,0.13877085815558585,-0.8880399309938343,-0.7026438945576001,-0.6795117761703223,-0.11839614125203467
2019-05-19,-1.4570006523063561,-1.5471060446510452,-1.2259047746471827,0.7221408698896161,-1.4595981185539681,-1.5292641143849266,-1.1592409680336198,0.31064476891839515,-1.4163791856664218,-1.4862769480647209,-1.1033489326906365,0.6456367876313096,-1.4263160630695775,-1.5074114837800525,-1.2586534948369206,0.3346926865511468,-0.9656139859935537,-0.7213708928545789,-0.6721666907015877,-0.09272083646753909
2019-05-26,-1.3697563624076827,-1.3986887240785941,-1.0196726605653412,0.19541154205009775,-1.3845414785382038,-1.426761405721519,-1.004959318326842,0.08064901326961114,-1.46626581611871,-1.4242558589328485,0.4621613997759853,-0.7749925449899298,-1.4612091116073875,-1.4866727694205972,-0.07111449584134327,-0.5775490256765117,0.368878530860903,0.45126735478481256,0.4462301969632528,1.0963083353569
2019-06-02,-1.6638178988485202,-1.672212314868588,-0.874237241895151,0.31775414179500927,-1.6330356636327052,-1.5931941665806173,-0.7657441509447234,-0.0060609400058941176,-1.6483443756451195,-1.6311368612236121,-0.29382671323970944,0.1490926273257629,-1.6430628774191292,-1.646540113130814,-0.989541391990585,-0.07916248232565684,-0.195667360120558,-0.33756604559559905,-0.3371009502829059,-0.4324862358253478
2019-06-09,-1.5054053915764403,-1.4962112228521098,-1.05059262204792,0.4360119702419016,-1.437208468080761,-1.3299489314498918,-0.4989349110882691,0.6300443975964657,-1.44560380614711,-1.4992445227423077,-0.9204706995341784,0.49283150324628516,-1.4483533751287299,-1.4148815757148985,-0.8861679058502052,0.7411478070654207,-0.965652769824418,-0.6100165396850006,-0.4597075539311641,-0.3534257094813217
2019-06-16,-1.1336116008119204,-1.0787653111168964,-0.4767891032442993,0.4196129107942673,-1.1412167821885868,-1.1140035340081855,-0.6133122543699644,0.1336922922662747,-1.1062376881124267,-1.1417134317040125,-0.6298400574816913,0.37796062821445026,-1.142273143654034,-1.1027044160329085,-0.6486500504638884,0.11860190495522394,-1.0455258682382789,-0.7055619099830328,-0.6157771825837922,-0.17513268440439603
2019-06-23,-1.1118835905335462,-1.0413683073598803,-0.47794523215284035,1.0266859196518252,-1.1250123820578832,-1.018600032251421,-0.3958363265259977,0.593194987439944,-1.130559082973927,-1.063388404964741,-0.35162174413011754,1.2509224763818585,-1.1271926410141972,-1.0846693980361233,-0.6801243897896964,0.863550431085713,-0.7081528945576102,-0.3093537003893832,-0.21820121921835514,-0.668976067180548
2019-06-30,-0.8255864239972626,-0.8604598380535806,-0.9329494824705712,0.8822221286143039,-0.8610582088312364,-0.893558406018683,-0.8648081217658224,0.6750189851759407,-0.7802855552582916,-0.8786164707686988,-1.0814237691796196,0.6295346034801369,-0.8070274201921259,-0.9063049275654673,-1.2972237589057976,0.5656256242628309,-1.5865656612172425,-1.3261512040076662,-1.0816010424683296,0.10963911164024057
2019-07-07,-0.8477754686328873,-0.8925769252453879,-0.8307342788137299,0.31515183005875164,-0.901493699185823,-0.945175481456185,-0.7764816750699025,0.09305440864238079,-0.8412050405575723,-0.9225519716112809,-0.8007873789718868,0.326030885501705,-0.8660746675429617,-0.9215921583534481,-1.0242949860961434,0.11379812366648655,-1.3245449233870215,-1.1135558829835264,-0.8714901740349122,-0.059076077369301414
2019-07-14,-1.1380385713840588,-0.9793876058964347,0.28330685056942284,-0.8326042656858517,-1.1536485608897462,-1.0494044071388167,0.0047069378677380615,-0.5699050799283363,-1.151127188408468,-1.029866424890054,0.3788036515184241,-0.7211712178384584,-1.2048221362371467,-1.0910211549239828,0.2592625008017034,-0.7214937914689653,-0.8263656131042151,-0.7158696435374958,-0.5555623529369638,0.3452802440714655
2019-07-21,-1.4451184899166953,-1.4754018205291546,-0.36474295488467623,0.5613544196433201,-1.416486891889743,-1.460533241816112,-0.9447328471432618,0.5218480389669503,-1.4644061556360175,-1.4657595464392872,-0.4120163078923162,0.9997045115646076,-1.38561052914466,-1.4076305931393875,-0.5138687062631421,0.9127833873324804,-0.9167266305139,-0.48288241337572707,-0.24057532513826763,-0.7108088688915661
2019-07-28,-1.4036601738513586,-1.3758196292018752,-0.6924777967409825,-0.07785207279725048,-1.4180447892182526,-1.3342991990071302,-0.16412369355238154,-0.17830213190251246,-1.3697086996940617,-1.2774230514734806,-0.3701056887081948,-0.11540573561458103,-1.416277832532177,-1.3911322651373867,-0.5580733146011446,-0.07260103662531438,-0.7799979805307806,-0.6231323429123455,-0.4642093329446487,0.04430450999338668
2019-08-04,-1.4222566117333455,-1.3780574202554585,-0.5243499584278375,1.3711458729871067,-1.3015747448300323,-1.3600722489568478,-0.062048399254159635,1.6180028586771327,-1.3802139909249356,-1.4642411124416825,-0.8424207511555598,0.7490720944319397,-1.3003485885842139,-1.3443206828736045,-0.7703775168587941,0.619395315585036,0.14660083454990752,0.11770106951260956,0.15385727108227237,0.6892036755840165
2019-08-11,-1.131681756479969,-1.1986098837099701,-1.0653592206197768,1.196050199339086,-1.097468126571649,-1.1779576360696478,-0.7445807910499419,0.5156043616243279,-1.0586261826127379,-1.1409359461419588,-0.8929571742952329,0.8530214941592303,-1.0405073349374747,-1.1004571239554495,-0.8845422147467052,0.5414603409760216,-0.276900416681167,-0.2538075435474075,-0.23559340618295246,-0.1208667622987349
2019-08-18,-0.4475367888847976,-0.3875345163299846,0.6643189984053702,0.9284949907161713,-0.4885229796491594,-0.5209565437231568,-0.2888154513374854,0.3890216816560156,-0.4297935632891419,-0.3873377436239804,-0.27902984851504864,0.7022917799768157,-0.4584317672633498,-0.45987539590871,-0.624477095926008,0.4419611227372453,-0.20943435782925482,-0.4164561475677702,-0.45995603632719745,-0.40927577702230306
2019-08-25,-0.9767770627487333,-0.7068011374371538,1.5585730003983933,-1.0974499890810032,-1.0796510996624742,-1.0068697814665006,0.2927423537824464,-0.5468764680462368,-1.1369699028805926,-1.1696879186150593,-0.36287479955315405,0.8389845814173514,-1.225370722616464,-1.3123002157914678,-0.9146485022911524,0.5086606057708201,-0.48655714464686883,0.33000952848035253,0.6862429494462674,-1.2866728893284352
2019-09-01,-1.0406507578547883,-1.1959455008460769,-1.6304789291682191,0.1587585542056948,-1.1403762830344746,-1.301057354203915,-1.7292486321869691,-0.11563109815498068,-0.9562220382973919,-1.0762632809739248,-0.8057006300627362,0.19684292120473948,-1.0449085428239822,-1.150651921118109,-1.138577539564253,-0.14271391830156355,-1.0010458845081378,-0.7389100388066979,-0.6793114396235622,0.5460447896794574
2019-09-08,-0.23280800606220695,0.1150200399338897,2.1193146310764015,1.9744151883848016,-0.12954855395807505,-0.0549794852076682,1.270569572608253,1.8212990593845149,-0.13478678552637893,0.02049893862612603,1.7412047500723908,1.8493422967532875,0.06078241027926253,0.13239371932687335,0.9562762364921589,1.5980270299466097,1.2723837860161613,0.19954560806409752,-0.2314857652993901,0.337208358544228
2019-09-15,0.7243569410228601,0.5185174702521324,-0.719091654924408,0.22855215015550376,0.6120810081554015,0.5225454618018603,-0.6377799507297877,0.09339255761256324,0.8163733213167385,0.5675016595215657,-1.0805727655667645,-0.08238794791775865,0.7507170448834677,0.47425753736914056,-1.4026687687393475,-0.1800511953868356,-1.0219396931008722,-1.0363142648078967,-1.0167677102262158,-0.0020914751136047035
2019-09-22,-0.2457695347389559,0.3193225011805535,1.4635452436158929,-1.93809581828224,-0.5529905402757825,0.0925810915186007,1.8817397792366706,-1.8559978003002067,-0.4109992973027621,0.10776890386389575,1.2139086620144768,-1.5245429946767524,-0.552478748466103,-0.11240464873361353,1.147638083514008,-1.4049644163319766,-1.260358188023393,-1.195633410683023,-1.0397354874576648,-0.16412533409303628
2019-09-29,-0.8060930897375426,-0.9044771234582738,-0.7475058493392053,-0.04790330990213056,-0.9356377453803381,-1.0595957471067068,-0.6306371152036411,-0.08065876254832598,-0.742776221729438,-0.9772940686237235,-0.8695059247727563,-0.07570352662158122,-0.7862575796276802,-0.8228179391379248,-0.685697822578842,0.1743000967629901,-1.2808377915203246,-1.2898405743505892,-1.0488239934222838,-0.21731347616831007
2019-10-06,-0.756285614491615,-0.8107432073799454,-0.7360107399470764,0.11974636798708035,-0.43501467237887864,0.2926480052299877,1.5266268576599602,1.7386241491785945,-0.5027329693280653,-0.5214496091172444,-0.51335143448716,-0.0355100512048348,-0.3013681042385437,0.14043855558820267,0.5349715881258398,1.2444130801777666,-0.5981539272241891,-0.5813276308076516,-0.23304770319014495,0.6736601115434878
2019-10-13,1.14783652753303,0.5533736892737162,-0.9582872123068863,0.3798436714953855,1.0929658932612865,0.9018105858248981,-0.40240845491752636,-0.6582115458276158,1.0992242372619156,1.147803851990693,0.5506255232006183,0.5872571671370447,1.1672798670027553,0.8192610680953145,-1.3681269250310204,-0.313018950555579,-1.0954229564253755,-0.8233410289158476,-0.6162840756662065,-0.4851479858175413
2019-10-20,0.7736400394118733,0.3400603010871809,-0.9338374177610922,-0.2786426490382794,0.812740481131587,0.34032562035456826,-1.2540170455569422,-0.1147966551939207,1.0172578644451127,0.5809262281667745,-1.2619809625704788,0.01863473858632734,0.7738753772100987,0.33666185446274643,-1.2765149094651758,0.012926832216115477,-1.2622069085516427,-1.1348162384785092,-0.9915007077428725,-0.19386610941834254
2019-10-27,1.021409498690929,1.0930893134021005,0.4551728467758031,0.8751068310851909,1.45310956243287,2.2855204911904545,2.1969336875939875,1.715143340857972,1.0661249868089469,1.4458157188101073,1.5643538583910335,0.7828553808263532,1.3652216647198847,2.5286798070088286,2.9149661519951686,2.2067343972738263,1.5344040220797612,2.818223137045487,2.954337720051461,2.7547594524586083
2019-11-03,2.341113612508203,2.334474905877197,1.6085833898814184,-1.997096564411336,2.3882678181986607,2.5073943153380753,2.4272979657836107,-2.3851526820877704,1.8223559686172206,2.0978374476561945,1.77583571638748,-2.1471885676051934,1.7952067103555827,1.8867663816105502,1.5132998766336376,-2.166021244092909,2.0001433220447096,0.9873574300241919,0.767209335847045,-1.327371219848064
2019-11-10,0.308625164947871,0.8028212810246871,0.7664899114977889,-1.26187208590047,0.04588985958695407,0.25701176212687,0.2839177384531788,-0.7543207705909151,-0.1629234744532549,-0.31726003061875757,-0.049264803175583134,-0.7708886401431266,-0.3366006677565955,-0.37971200526304455,0.14193308029276122,-0.81313826951297,0.2685419825204159,-0.04826328261656353,-0.11408641665962103,-0.2975943674172665
2019-11-17,-0.7381846392096062,-0.7966367673803517,-0.3807799409783741,0.6528297226740605,-0.5943492443159525,-0.5525629094148445,-0.18767892309914205,0.8263383020450958,-0.565579044832115,-0.607554629507417,-0.35147645720420745,0.74068568797521,-0.5030371737054631,-0.42950371161929646,-0.009829384602394796,0.8186726787841733,-0.13329429587714686,-0.22695934598613313,-0.16406201446422555,-0.05058504639762009
2019-11-24,0.01163327949910814,0.11998025695427249,-0.012318562707962057,0.8318852868410631,0.2529862458589682,0.4162316625190301,0.45629095664619695,1.0833886495724674,-0.058381107093907585,0.4602081029009687,1.3831348851324559,0.9284766908852594,0.623240004334393,0.850512992222253,0.7651533586732358,1.2947964498676936,-0.15488771081911074,-0.18772768955830413,-0.2464625856406259,0.3943957906226213
2019-12-01,1.1849671601869902,0.8491963767698565,-0.41596168129508376,-0.5286200960570224,1.0611271843722723,0.38980026349958646,-0.41063154649749245,-0.6101012056337203,1.184184018278982,0.9004901843330133,1.0163511282434963,-1.356560205466131,1.0381603151395473,0.5351847504257029,0.3032681035358243,-1.0687389131047087,0.5224037461883024,0.3297776072443661,0.10850539630607232,0.6564139699561815
2019-12-08,-0.6302347197418937,-0.6189615953065094,0.059420322681763754,-0.20558676388221186,-0.7886959824580937,-0.8907593753311465,-0.6802452041904934,-0.3041060511094012,-0.584934747161578,-0.5941106022441169,-0.3279434333061065,-0.39192885898679986,-0.79851406695112,-0.695118736290808,-0.3070906621087089,-0.4532369064670671,-0.37148007384686305,-0.5066395595062358,-0.599801867602961,-0.04010462079465609
2019-12-15,-0.45381433670809423,-0.6771583207141721,-0.7973284851307092,0.6976464156810364,-0.5034002286931512,-0.6657775233412773,-0.7050786075896256,0.3233471396653654,-0.20562184580857792,-0.5591765687145699,-1.0571207617072396,0.37634370558451813,-0.3576362243756316,-0.748404247469937,-0.9826826731206283,0.231201367945473,-0.21979724285034782,-0.23306433852095695,-0.29014933274971433,0.21733793265209972
2019-12-22,-0.3313543533842919,-0.5928920606322288,-1.0382656032933302,0.004895387588818279,-0.6484823046321178,-0.8137297464154228,-0.9613620348711455,-0.23828134806773682,-0.46675705165461673,-0.56638182099915,-0.7348314528619458,-0.3105217545809428,-0.6232532419786903,-0.6633092121846955,-0.6432675209026798,-0.4938530195750047,0.40174055225640654,-0.09924291017383075,-0.1764143934769179,0.2222158946846664
2019-12-29,-0.7354798988860735,-0.9614088808864488,-1.0506711925541505,0.47493885063492064,-0.6132571624217176,-0.5602332022569623,-0.41058407245386325,0.5939505356614745,-0.5539152470209261,-0.8109355710892476,-1.182855302079485,0.4196037788221234,-0.4255893139801247,-0.3939675396633898,-0.41699856367576854,0.5497240264007474,1.2929500860701422,0.12749447312924264,-0.5934482651149724,-0.544243815803887
