Date,GRVYStock_Open_average,GRVYStock_Open_max,GRVYStock_Open_min,GRVYStock_Open_volatility,GRVYStock_Open_change,GRVYStock_High_average,GRVYStock_High_max,GRVYStock_High_min,GRVYStock_High_volatility,GRVYStock_High_change,GRVYStock_Low_average,GRVYStock_Low_max,GRVYStock_Low_min,GRVYStock_Low_volatility,GRVYStock_Low_change,GRVYStock_Close_average,GRVYStock_Close_max,GRVYStock_Close_min,GRVYStock_Close_volatility,GRVYStock_Close_change,GRVYStock_Volume_average,GRVYStock_Volume_max,GRVYStock_Volume_min,GRVYStock_Volume_volatility,GRVYStock_Volume_change
2018-05-27,-1.207648493894519,-1.2542044534750805,-1.0831847041683829,-0.9661440148818984,0.5993878885350954,-1.1649063068463423,-1.0748858010230928,-1.145165370841928,-0.45704987837462757,0.9956281407034665,-1.054473640388346,-1.0419400963564687,-0.7970598317249593,-0.854487842186844,0.7322249002368948,-1.0650492317934375,-0.9493613405677241,-1.0722087023136158,-0.30774131052251835,1.1274711264536603,-1.0534344013800698,-1.185022949281272,-0.48930513539086407,-1.3980287963336553,0.017661995253060454
2018-06-03,-0.14520094755310176,-0.055280546101890635,-0.3241521715599192,0.4845169350329572,1.399592114006543,-0.06773375543951811,-0.08888838411544121,-0.28073903106371123,0.5246984586004093,1.3350656585817235,-0.04457423033787891,-0.05426023856304106,-0.08863896673137474,0.050819657682924256,1.1245143841923746,0.02473908080943208,0.014190182823714852,-0.23456311729482976,0.5296521850869697,1.5383354868367287,0.2907721376227326,0.2919147261208326,0.8751973371424528,-0.019610399378693823,0.9498942852591714
2018-06-10,-1.0078204062784433,-0.21136252919530193,-1.6409898316370801,2.375158381480402,-2.048432813744892,-0.9236316936601848,-0.20786636077661902,-1.266005921651119,2.5980362491308946,-2.382801033964344,-1.5245185851586565,-0.7773622235365301,-1.746980273525402,1.808777642018836,-1.9242325227065613,-1.4497519746190248,-0.6998951860536748,-1.9713700570785226,2.3036959327080364,-2.414646252472586,1.7234410010585948,1.175896131177101,1.9100335035678422,0.6319363428173563,1.3036977577858382
2018-06-17,-1.8121111827263638,-1.7653485460992846,-1.8489200244811599,-0.33015644186058263,0.7056196141613061,-1.6970776812204802,-1.5070364829407565,-1.7103135258688198,0.03046419615733693,0.40335935573585596,-1.9279602427052713,-1.8658555228612177,-1.8553812087117683,-0.39581230231659986,0.5155816203223802,-1.7463620866134444,-1.7038068169830045,-1.7131756808676593,-0.4450583632305844,-0.15535054564644646,0.30647119060469663,0.23210664273206788,0.03590009115831497,0.3130681482546217,-0.9632330546401451
2018-06-24,-1.8389137098102857,-1.8366106926389465,-1.8787221683302289,-0.5429453544875343,-0.04923752536306547,-1.807902728632091,-1.872730902460385,-1.751187253020054,-1.135549253883134,0.1450462585153544,-1.8348333163774526,-1.85174526539571,-1.688311201519732,-0.9405771904104537,0.4230491158116043,-1.8242168465529516,-1.8286615053644866,-1.7018047993521188,-0.8960440115919434,0.4475488111818881,-0.6058129478168319,-0.7295172799282648,-0.21644710523515723,-0.9575852029271864,-0.241136607154952
2018-07-01,-1.6693348937400612,-1.70917277919248,-1.586209039947197,-0.9736087893812239,0.2817106738132169,-1.6342767287568096,-1.6419138820751042,-1.6067283052684522,-0.854740876348577,0.15553678984749872,-1.612337209762706,-1.6511906085685946,-1.436777839387832,-1.1299439691181072,0.2955190597230934,-1.6268649123076993,-1.6584155437017674,-1.514831737782896,-0.9889889188683476,0.41787259485876704,-0.8877283784760576,-1.1042079557771962,-0.5207195196986891,-1.305848101508006,0.004752486946384785
2018-07-08,-1.5319371007351645,-1.596624568245907,-1.5505146660362632,-0.8781587409209598,0.15911295776536846,-1.543181076279228,-1.5685007645627322,-1.5002491980312713,-1.0594704997868534,0.3199727263112479,-1.5925565640162913,-1.5240763138863125,-1.7501243501498243,-0.002277998580420184,1.1159543096177416,-1.5310258303997015,-1.529052814470434,-1.531778095411923,-0.7049113154711111,0.6689689049468325,-0.7484879137516458,-0.6112584965594312,-0.6642630359202352,-0.4761584413931643,-0.4159951122371127
2018-07-15,-1.3403810427746774,-1.343641260415101,-1.2983092226223256,-0.8121567660546458,0.34658128326860443,-1.2977565995830604,-1.0890307353411472,-1.3190655289875464,0.27680276227086903,1.434696165151656,-1.3059916791838342,-1.2159499064241717,-1.3142635651314216,-0.16888370318084844,0.9883221412666546,-1.2617381569935382,-1.0556939970266184,-1.2563012926716952,0.14584728631328056,1.3969249296898334,-0.7647397958718943,-0.9389191985040938,-0.499474776240622,-1.0879582122874285,0.18703281833558372
2018-07-22,-0.725388584610664,-0.6667498002494087,-0.8824937882569417,0.20074550956276446,0.7736755047069691,-0.6834103992742129,-0.4114718572279176,-0.8634299008836491,1.2258343598173531,0.9343770895545573,-1.06264800676216,-0.6771962527491293,-1.8785560578220182,2.5607971440784736,-1.7378892848595981,-1.0118919597405187,-0.4951140337835179,-1.896460402312505,2.8523158929159496,-1.7662502420370298,1.0975231695308074,3.046182214043739,-0.339656290596589,3.5906731425785905,3.2376765097483604
2018-07-29,-2.041223759248176,-1.9600153792965276,-2.1470404513973684,0.006715072833116496,0.09299884907608041,-1.9644747197873837,-1.8686818332972164,-2.0776947461188877,0.5069780546976116,0.9019308600549065,-2.039859978696139,-1.9095135722502639,-1.8763485648525422,0.26152302562194024,1.2029047387423226,-2.0037478091150773,-1.9413914902772749,-1.9418582542553335,0.23803089472182837,1.0501240862720551,1.4216299931768468,0.7739753168426844,1.821785822107706,0.24177698354475186,-1.033313323326677
2018-08-05,-1.4240424342744349,-1.3796972564763028,-1.3648903783179946,-0.6150117929834842,0.24550606828448998,-1.342640078605062,-1.3907590200711542,-1.3087860018920565,-0.6006686334696847,-0.47683707476217513,-1.3489323991640776,-1.456011864667288,-1.1244917642736558,-0.711634690417593,0.11399976000075819,-1.376254025949265,-1.45873021470397,-1.1789167799883402,-0.5611571720792914,-0.193627709024959,0.13655155449421097,0.8200619406977113,-0.6237189736825874,1.1348636612240655,-1.6728014869519159
2018-08-12,-1.8924616742811338,-1.4851314728596086,-2.1359114723188473,1.7155863381082204,-1.732372217141214,-1.9715050941966197,-1.6998857068526823,-2.1207021056767243,1.263092739357585,-1.6980432439623043,-2.0062025469445284,-1.7994930248033627,-1.9591815477123167,0.8493944495123406,-0.9690282329843124,-2.00639810868591,-1.821358202689064,-2.0451204218889054,0.8431586256814118,-0.9184860013962104,0.9677230130531547,0.7748323802360677,0.5994438973378635,0.6649912804921115,0.6461599345068991
2018-08-19,-1.9183261112083254,-1.9391864636163714,-1.8318223980708341,-0.5734840354963101,-0.0639471526078479,-1.9331433830193092,-1.9954669342233724,-1.8441528606752475,-0.6858608508557029,0.3783112885953527,-1.8483979781486415,-1.9949099137194264,-1.6222393717841719,-0.7328616570832964,0.4159893976219362,-1.8827852432456829,-2.059612548861298,-1.6796323379532205,-0.7061252159559996,0.4188235406177803,-0.049580767431379534,-0.4917032738779509,0.7867796080009057,-0.8128461335537578,-0.04517991870250422
2018-08-26,-1.8002777893632407,-1.7171203505565307,-1.7702009228950768,-0.03477942927140147,-0.8531096545544774,-1.8687235945396148,-1.825553919119319,-1.897507299250995,0.10307356993432464,-0.9079210586829194,-1.7985673095654862,-1.806660956266256,-1.7205356194329091,-0.056799626864915055,-0.6598930550677219,-1.8813022107560515,-1.8883794819030846,-1.7992624774560424,-0.08953717682054056,-0.5623132080071989,0.07954597193416381,-0.30064064556321984,0.6922257866352821,-0.5635855076119745,-0.11671728068032569
2018-09-02,-1.869429993621984,-1.9321851292132988,-1.7822532780243296,-0.7639283819330578,0.12218096971377852,-1.866641984794415,-1.9340179011717098,-1.8172085289455175,-0.6416118602259181,0.5300211966131619,-1.8068708316750342,-1.8710753591489622,-1.6491387780190376,-0.6601027071492903,0.5063718299867465,-1.7829963786105776,-1.845291161730187,-1.6168280891423201,-0.6369112862746461,0.5945788933251646,-0.44428126036307086,-0.3890723924866612,-0.5674804543258047,-0.2325162864590047,-0.595791833749225
2018-09-09,-1.5924650886296436,-1.5105589024485677,-1.5816141404230553,-0.011261882047313633,0.47177943816205214,-1.5614199230261905,-1.5154507375306652,-1.6529141339287448,0.29633838240244514,0.7872520910616674,-1.5285222819763553,-1.466409446141721,-1.4906583382169163,-0.03684563116060122,0.7592920276292773,-1.5258196484613422,-1.4194375876861338,-1.531055985681442,0.17838067907896163,1.0634647885318957,-0.8848786037753581,-0.9463449994989058,-0.5169095048510299,-0.8595869343238868,0.07162996050219608
2018-09-16,-1.3051260411184777,-1.233833543405109,-1.3147848154986086,0.0416938050728692,-0.9769410760929499,-1.3801723621259636,-1.3599560776223447,-1.3753858338798308,-0.20218658652879373,-0.7085941005241598,-1.317220085829404,-1.2814011383343205,-1.4870770496580406,0.6094993743204397,-1.221274232684198,-1.307451518925942,-1.345122975640619,-1.2140126782142893,-0.460680308757033,-0.20439259109001265,-0.807995942930843,-0.6026187170637229,-0.8532388050140833,-0.37611918989985454,-0.21340474670636184
2018-09-23,-1.273943959922095,-1.3312493019693874,-1.2025599978665207,-0.7630763296786637,-0.31413823009869657,-1.3139361247287467,-1.4348427230700342,-1.2159536463487717,-1.251236141913578,-0.03799809080611634,-1.2103249252480435,-1.3437061611146406,-1.037756789101975,-0.9283770445063132,-0.010544458921022388,-1.2593409525542478,-1.3606966775985887,-1.1353488838457773,-0.7641692260295875,-0.03704290181589984,-1.2845080231004582,-1.0231839602476904,-1.2256102423912585,-0.7228518902971194,-0.03698226429514866
2018-09-30,-1.2378444432490578,-1.2670352662900595,-1.1796200657908904,-0.6625447670682493,-0.22559429756176633,-1.279632646860141,-1.3513292233000567,-1.2345436002671684,-0.948728337052279,-0.2041040040689312,-1.1697324526681192,-1.2577237520427063,-1.048683067499134,-0.7347741280063206,-0.14695011777575845,-1.2252904694038451,-1.2697788309070852,-1.1364894642907624,-0.6197921409042849,-0.21811215210239368,-1.0871755721159124,-0.9446436254654014,-0.99232849550673,-0.7235364125417687,-0.14112307855191822
2018-10-07,-1.2385168622355096,-1.2517125739364883,-1.199322169538287,-0.6679304398585432,0.17139794489534196,-1.2308057635304077,-1.2591671582691224,-1.2110046134494046,-0.8014551826943381,0.3029224164469254,-1.2202270284978871,-1.2699336277139086,-1.147237534991533,-0.6174913486621895,0.33188484638106597,-1.1895726051210793,-1.18970399714582,-1.1693906867676171,-0.4380086469907611,0.5191428715927227,-0.8795171371207379,-0.7772665985920056,-0.8843902831063198,-0.5727955164881388,-0.2575812930720156
2018-10-14,-0.8419398912521137,-0.7866776324737849,-0.9001371367262921,-0.021507556517399343,1.0992232927012546,-0.728905003459582,-0.5061293320963758,-0.9499036413364016,1.3100714448234396,1.7469463077876313,-0.7990115467792844,-0.7379738221018806,-0.7846499876350004,-0.09941165261468052,0.8865141507017347,-0.6901579883386986,-0.46565350034927816,-0.7954465266074559,0.5900954861470625,1.4597327131653106,-0.22013136712415282,-0.19404877276203844,-0.8737313254009854,0.08887923109294375,0.7425329277408358
2018-10-21,0.20025564053082237,0.28915707761689124,-0.07927880829893634,1.0749713875072777,1.3857257515623513,0.6141634792226355,0.9797732603962708,0.3529307135469394,2.1018404341555033,-2.1638138511505196,0.11689184714058451,0.15795912085200378,0.11065153155859102,0.15080692479805438,0.338380587869167,0.36767687393464293,0.32994341488275014,0.21783444419405376,0.33032851869759067,-0.9799539845260086,1.6275950634571403,2.6444275684448577,0.017985570429839302,2.8139223630843615,-2.7204245324915597
2018-10-28,0.6983758723289073,1.315950879475718,0.2308115364676329,3.028253829216138,3.065802964115659,0.943189504196052,1.2535714074534678,0.23621529922792184,2.6463754670637782,2.5710561720757905,0.7321978142885864,1.2684020442410422,0.1378616349977627,2.3185482043920387,2.587918853076524,0.9437383479594235,1.2593438113825508,0.3922158841770747,1.8941534537393927,2.4153609309293302,1.3008358965479063,0.6333875082446543,1.4072847384284202,0.3881023692938728,0.47961368959903566
2018-11-04,1.914270540599947,1.9140435958151327,1.8330985818390995,0.7303179380606944,1.096634076562169,1.9256156227948151,1.8379006833528142,1.889868051886203,0.5763758784023219,0.37143062135209476,1.9048172263702297,1.8702875068993092,2.0370565444107935,0.16120519015430831,0.6356876403682901,2.0095343351208785,1.8673672899390883,2.2320141897685293,-0.229196524890037,0.02564842331163761,-0.04554631410930769,-0.3100600426980342,-0.7925942720323199,-0.16950369017955055,-0.19207983462016726
2018-11-11,1.8211733402458117,1.8843773623194402,1.8473385453712199,0.7452050992921846,0.9879915333612338,1.8044422256345791,1.7155845980904298,1.754556498580707,0.7045398115589652,1.1506919799393656,1.9377021340988791,1.9051901472620094,2.103480685360343,0.1653474936781329,0.8303435041052234,1.8787981862404721,1.7981833472654174,1.8670666142767152,0.4405062103319541,1.0090078484558276,-0.8650786654238766,-0.6825502068387949,-0.9409665919590106,-0.5302829590412741,0.29415066707421655
2018-11-18,1.5994822888335882,1.59822528979437,1.681456570248238,0.4061639408118402,-1.4322518991761646,1.6153456337929313,1.401698818042106,1.7840429916004938,-0.3789758480192535,-0.5984513638172432,1.6040612834398653,1.5610281211211403,1.6192974410495522,0.5024222529254183,-0.7573128266639075,1.6494183966733815,1.4458439760692974,1.8382057606591813,-0.4231947081961681,-0.1459264345363975,-0.5094410019757202,-0.3656885509701438,-0.42390862759422787,-0.2991903928617747,0.011285552034482497
2018-11-25,1.7030092482215122,1.523915452334429,1.7783030384714693,-0.2156739187862227,0.12208664568952522,1.6910019593148216,1.536882110451395,1.8094020190916529,-0.11756531330616654,0.4376310904274959,1.7301509045198713,1.534947065419361,1.7848325039450685,-0.013250455120188282,0.7746982408594972,1.7034761613444802,1.5156924752818333,1.7941786331706822,-0.22568564157257842,0.4832682239169001,-0.49851219111652706,-0.36532862629050916,-1.0540169671825177,-0.1659916140479046,-0.03864548571570338
2018-12-02,1.5717243325957797,1.4491707317693212,1.6305759062745455,-0.04073800375339945,-1.1005366539962171,1.4616568125095195,1.2298431514928942,1.6357855498402925,-0.8192285216086751,-0.32082625404828913,1.6694185719629484,1.5271467852809728,1.8912012492505572,-0.4533120548223684,-0.6824988114822543,1.563822509009277,1.412082249877047,1.7361480007459122,-0.5075610289855517,-0.2999271175106385,-0.8396388368024549,-0.6539436060529822,-0.3619238789624496,-0.6141116886262347,0.03229778837074554
2018-12-09,1.6486518321692156,1.5206557169446504,1.700342997949199,-0.10353194602354221,0.7827941702427779,1.5754337031565384,1.5026776142107767,1.6437256705845493,-0.011751043906392188,0.6831850184455562,1.7270572944710831,1.6525308015492381,1.6749720855350365,0.46744947525445685,0.9638966915035359,1.6614093468791151,1.6987775377318175,1.6715254482240938,0.5158883875431497,1.0151433340392633,-0.7528536329994331,-0.7089722069310532,-0.5433387508051464,-0.6330340328337213,0.3035247574041299
2018-12-16,1.9639691490204856,1.862367444297185,1.9233896181250594,0.45098390966539686,0.804658594280039,1.9278469426757592,1.872766996396371,1.9928157764918948,0.07428810674007909,0.7132722932813184,1.9071939952779686,1.8794968653701332,1.9425033068705895,0.3793342737508606,-0.19372319730408225,1.8509707982496244,1.8373395143855054,1.7679436869917475,0.8654850381057658,-1.0714361307934064,0.2187110365833782,-0.03858906647719244,0.02532309598701799,-0.046503080583768924,0.2155665116726344
2018-12-23,1.690501039116157,1.6829856887488286,1.7790401094166417,0.17587018931060172,-0.02636347953924344,1.661792510052654,1.5581622607338863,1.748277065515561,-0.44461625017247713,-0.6781526963606086,1.705787842939824,1.5544707764566172,1.863957812014156,-1.0847028591869496,-0.07777523106769846,1.6659734087392895,1.5233698634429895,1.8488793678852742,-1.3275851810537194,-0.208745177265984,-0.471323348410505,-0.1074183702539801,-0.6576758274100075,0.02597444322520903,-0.6009046378872964
2018-12-30,1.584181884657983,1.5536877164559961,1.6019780847023186,0.4496492309101807,0.6499144687643494,1.5672348649676442,1.5280774689022372,1.6188821874647117,-0.06831848005714349,0.5349690995844464,1.6903007280849907,1.709798247592211,1.6906888238487323,0.5747752319761773,0.7888445436760831,1.6484728677934781,1.7369133678709625,1.637292751672775,0.9835342180512034,1.2379125716276882,-0.2389725454322101,-0.15917634789100443,-0.4204615448176558,-0.08266276973603082,0.9041495127818587
2019-01-06,1.635487240940354,1.6323516418003357,1.6860859700323128,0.3955580707290751,-1.3596723434486133,1.5248539891940227,1.5092056723856877,1.4808537096664056,0.46992324219752646,-1.3617966244425919,1.5738216503720548,1.5508580624517063,1.6401153681660363,-0.15432920718289178,-1.1425631380997034,1.54287416939296,1.6133059882124436,1.6033260773799218,0.47355156992507996,-1.488056816129516,-0.22601415248561615,-0.2923355070873929,-0.12236022093557773,-0.29252933959681465,-0.25910196524391776
2019-01-13,1.3652181549050586,1.3042219728093516,1.4056024853927787,-0.09378941390822085,0.3146408494420726,1.354711718918251,1.3077060072423787,1.3793503089148234,-0.09773470049578355,-0.07577533008841633,1.394999383956688,1.3572217945408924,1.3586018554363422,0.2948325727812176,-0.8554371904211033,1.3351002187545102,1.287071064706872,1.36220131657959,-0.13413199944887963,-0.47841687811353667,-0.34824248038973565,-0.3544274634265116,-0.7760372703469788,-0.2649026250062522,0.7519992565644332
2019-01-20,0.7884205137224464,0.8288131224096634,0.8365684883106907,0.2377186049181553,-1.044756637046504,0.7360442522776254,0.7039521571982621,0.7519200740206571,-0.14031858780351325,-0.5382055812754152,0.7297696365336437,0.7075346382827662,0.735301934788638,-0.041653499153528645,0.6579748144412197,0.6715844072917383,0.5917771919836783,0.7463239907339972,-0.7994502775161785,0.1990299571968528,-0.02973522181784263,0.1822322925750545,0.054857959084407215,0.18919042806367656,-0.7032159230717256
2019-01-27,0.553116206971713,0.5810481656081329,0.5812912832317612,0.19052733531223728,0.031581728381839584,0.7084146195210966,1.0605584932248786,0.5705882742639466,2.214306683831085,1.019518299997588,0.502608673513167,0.7235985162977038,0.4575428954287585,1.506503334404038,1.542203000397087,0.5925429804175012,1.1073656886233039,0.47552864119200283,2.8468762125438705,2.0947139167717554,1.1320211743824973,1.6822756848017155,0.5356805195920281,1.7444788820386752,1.9638996300503457
2019-02-03,1.0958768346853687,1.017894940946317,1.1256696892949647,-0.35653989874596154,-1.0823562378539673,1.020234476715725,0.9680503165810485,1.0640443341224857,-0.22566264186785087,-1.0556827905664192,1.1028210547515043,1.0819587781540985,1.1797424637640814,-0.2456359738196104,-0.981796100556336,1.0737625415517211,0.9956019846287969,1.1401193955772093,-0.4079093136366571,-0.8217291590379169,-0.506788743974895,-0.5237348014184371,0.2394891279051826,-0.5991031400307092,-0.14679249617472445
2019-02-10,1.1692583214653212,1.3917904556972178,1.0091299170629056,2.370483310044798,1.777906430835846,1.2695153755522015,1.4361522824105755,0.8978067291095169,2.1304251789413993,1.6938959457948026,1.1384652930062948,1.3225082496199587,0.9908323675062563,1.8404176305814532,1.1810245898945573,1.3137441968865256,1.582517665936411,0.9776494486029116,2.391564773584872,2.1927438265175105,1.9185689292981616,0.7186021695012582,1.1368058202818605,0.6149472920260255,1.057739653088375
2019-02-17,1.443936877855311,1.5053580293099016,1.4722146499289324,0.48249069997223465,-1.5660554181908497,1.3079283568878746,1.3370529665290112,1.3431723094268258,0.03643205180050071,-1.3006673709601242,1.347819300780026,1.1939718303076712,1.459446968030336,-1.2180419978879922,-0.6763744956694334,1.3237870123201017,1.1886896749658127,1.4035774087809996,-0.5735803342767425,-0.9865768500251088,-0.45392694099995645,-0.4962182204746451,-0.37949123484566016,-0.48126481614452493,-0.3455573685054271
2019-02-24,1.061669252866636,0.9705651100408547,1.1235003150589578,-0.8098569657141238,-0.5155333113400205,0.9950085759032737,1.0336431004423472,0.9800297009953303,0.019111241716349675,0.18665109707773586,1.0391787250512274,1.1289792509133894,0.9657993251700135,0.5421774250479222,-0.07269308155927434,1.0158242543587284,0.9749639212589066,1.0469887082422378,-0.21944958535169143,-0.08268936876988497,-0.24719321142055056,-0.3169524579167119,0.998969245367625,-0.48560112469496736,0.05047738583153817
2019-03-03,1.645321484505503,1.8177467262633173,1.532096312671577,1.1574554851624557,1.3118295011451542,1.762951999084987,2.0109869574950117,1.5020300646547513,1.3683435579578127,1.5557716012167166,1.7437203178806406,1.9551397796703158,1.4855075489487046,1.5585530995637586,1.5698160638679775,1.8818908025925525,2.0619075255141874,1.66517466441423,1.3301646006562775,1.4297876086147476,0.1304017778415314,-0.1844972532782932,1.5299878258816937,-0.4312500927888869,0.23979925654968065
2019-03-10,2.6009436881006764,2.819098434721653,2.184158389676027,3.138018133184992,1.7997597429972123,2.753606997445287,2.6941603586308975,2.594345645498138,0.9169322955496403,1.0408512727448307,2.6015931170030764,2.8000322806974696,2.222041128349433,2.4687380310121916,1.8102668402387552,2.661510273078173,2.734356372048069,2.1722422574309563,2.3935256757195646,1.5562692887510534,0.8960666707384789,0.3183950947750126,2.151468817044753,-0.29665662940967097,-0.23462221611635897
2019-03-17,2.8480790024059175,2.7492225508989945,2.8172969038441313,1.9004296880217735,0.9362031289164724,2.8381555881234632,2.704142413915726,2.931901758892444,0.20498753589139643,-0.6116831422992626,2.8046673261297905,2.7564751963100385,2.8347350179701825,1.3739826685657777,0.004295411223724342,2.8538871787518643,2.6983809657990534,3.0638604317462517,0.4332863760138477,-0.6697264752853619,0.8545503931691146,0.48517003050485674,1.4425326223272172,0.12468338385555947,-0.8389274348055124
2019-03-24,1.8043320142656234,1.8279772444096805,1.9767143769432116,0.9042842218481858,-1.4032253084954882,1.8081166362881942,1.7542780602839296,1.8823930098593982,0.1434439595843539,-1.1185505254194408,1.8767952213563148,1.7589372013602123,2.0348553367459914,-0.2076251983175517,-0.8816514291927569,1.7719139449078902,1.5810015349997324,1.8348303719221508,-0.007531653149081833,-0.6110038843797246,0.9068573588033653,1.4200160517757388,0.4448683035230396,1.408678384599229,-0.5278205308210427
2019-03-31,1.613857250319485,1.3861536515249442,1.8751107933845208,-0.9501784645883918,-0.7011506340427732,1.5872044871330664,1.4296840656835295,1.7594211485987519,-1.007305612506091,-0.43253249632038027,1.6465598289009757,1.4717313961727496,1.8076565070401647,-0.862874915080668,-0.7591303182610039,1.538825576962991,1.3351735414401682,1.72507801674332,-0.6751758194544316,-0.4988304556154005,0.2795308827425069,0.7923160662284171,1.0809926714258908,0.5688352389096906,-0.05091680794687607
2019-04-07,1.2351117788568793,1.0224118855197826,1.3153247745995633,-0.5068497782145818,-0.95140033403701,1.2682944348461123,1.0878410055810053,1.4106248840687525,-1.226421238255729,-0.39660748640696253,1.313824196592499,1.1849059777456523,1.3581096572949531,-0.29720661746405097,-1.221258636920483,1.2736373835341734,1.135596495504568,1.2895470982948163,-0.10501330612388854,-0.3616707801722881,-0.13938541581984584,-0.1569783111164669,-0.5093700536513545,-0.035637892665261975,0.8443701940636484
2019-04-14,1.3550984289128452,1.2486005151905015,1.5458072901820592,-0.5586224929108832,-0.1179030268431271,1.336443523491163,1.2797761999086128,1.4089833904628672,-0.4793785842432914,-0.2152649302107811,1.364873687244246,1.2807682498565225,1.447576759773863,-0.31493090809957264,-1.088733226511618,1.3080807264711194,1.2300840663198762,1.4323739092233423,-0.3184196872188892,-0.767200722924312,1.3723223296597844,0.865706736815626,1.137678069712678,0.6484170434953196,-0.48793911279120405
2019-04-21,0.9547451158475078,0.7387516829012193,1.1017675646261873,-1.081359835204366,-0.3508308898415714,0.9729069575712482,0.8595089026927909,1.0713639561849364,-0.9882237446649971,-0.41970348864143814,0.9586141128373479,0.798261831989736,1.0390218559704665,-0.8549747480515351,-0.916487662260867,0.965371872213839,0.8468827884086474,1.0543682755482444,-0.5045059339275231,-0.12453628807256446,-0.26928837174739867,-0.3270806636451715,0.6060622980075621,-0.5033852725287064,-0.02432479095474433
2019-04-28,1.0080106568656302,0.8183038631503571,1.1510467058573257,-0.9842999220491654,-0.2122710123200893,1.0005912130653993,1.2174727216085646,1.0076926221330518,0.8060732038871485,1.2618895026182682,1.0645626556641403,0.9943233204401759,1.1319963205713455,-0.39219465156190764,0.537066882633762,1.0540884027978128,1.184283838121366,1.1450239809914773,0.34416344774766267,0.9467345490575394,-0.9212445568749029,-0.8730022569977289,-0.6019809455980316,-0.7731072254517213,0.5754335646491238
2019-05-05,1.215216361982744,1.065250641106545,1.337522582282522,-0.7751385390022117,-0.47263848587421947,1.1855375924034004,1.0862783735774049,1.2883504172237197,-1.0215600403176133,-0.05113554404043217,1.2659207739334848,1.1822444720337497,1.3819329407307503,-0.7083218158022062,-0.5482669490747244,1.222592635289059,1.074253119748647,1.2728115085384124,-0.4721211555296657,-0.4544176320245193,-0.41968595735639885,-0.7169277211230022,1.006529621877599,-1.0066969187701622,0.2805436678537348
2019-05-12,2.2188225406943327,2.375798911096292,1.6541678726738016,3.04679034093071,2.870035584237839,2.357445550219324,2.4196499685330513,1.9924966461266926,1.9915235781576983,1.893726584636306,2.211448239368837,2.3692282960589215,1.6365640579019936,3.197707934158467,2.92957768386506,2.392195081290092,2.3690011383473233,2.1552026927726264,1.2851743814160892,1.5003173635489238,2.9254056911521396,2.041508129297591,3.302204173877621,1.1057117734241946,-1.4863241734125014
2019-05-19,2.2235275080035337,2.260988865759823,2.3285001250849513,0.9116079906763654,1.1750007318701072,2.199295528591876,2.4205818211482777,2.06700723531171,2.180218837908174,1.7121260002780687,2.22993992707385,2.3554323953642533,2.200185714480956,1.7078414173551517,1.6069220669213986,2.157446295024495,2.251642312476764,2.081700776727799,1.419092792483649,1.2820466157093096,1.2380815230334397,0.4026722876580445,1.9387098316363156,-0.3392503692213734,0.6317301447614032
2019-05-26,2.080743518708089,1.9269304032425358,2.2508775801722933,-0.417782618832978,-0.2680648341275095,2.0143154466343995,1.9014002424254974,2.1440057499879406,-0.7844427451013155,-0.5383915851408905,2.0410741724724817,1.8868922878438308,2.2728243124672405,-0.8341807988081815,-0.3075228998118916,2.055263564733033,2.0040539357860836,2.1690860606017828,-0.19557369028293495,-0.9840698395889206,1.112356360005423,0.23006809818172852,1.5477688344051022,-0.4192486923165251,-0.29534224185519453
2019-06-02,1.1972255980075834,1.6752710911185706,0.1653474333437998,3.535491343619287,-3.4814890985616844,1.1675189511640944,1.575722572017416,0.48731237062577737,3.39353892494581,-3.4212749920150594,0.9793417716131574,1.6003602873212497,0.2082874989277998,3.490819592360676,-3.5259701949543585,0.940240686243511,1.4964771184655425,0.22340600465995902,3.5279697937865655,-3.404367561439841,3.07166352430252,3.0721106890015175,2.727353208664438,2.6560769629165573,1.4935628291458118
2019-06-09,-0.0009623115522070354,0.016453353397646708,0.025832726938865,-0.01092998640527107,-0.41527032200521946,0.005575943085272722,-0.08141713097161789,0.13189781270839632,-0.565462934895983,-0.513634810277428,-0.06526598546948643,-0.0734280032978492,-0.011118415956099,-0.14831323083690207,-0.4795767670371714,-0.03113954706325354,-0.10033736218952767,0.024299901787308564,-0.314160652222417,-0.17462277432098203,1.7931000162410857,1.2107829920610973,2.6726991382540746,0.12526321694323486,-0.8273545965095058
2019-06-16,-0.1702110172500219,-0.20621187789396628,-0.06061495712089378,-0.3160215086920369,-0.2875658844844569,-0.21563420564676367,-0.20690775279935336,-0.20545267467806042,-0.06792736879385107,-0.7530608577773351,-0.21824428882921998,-0.13517073010390332,-0.179971607831893,0.03178514967646603,-0.5896242894625947,-0.2618930349764793,-0.21597531215336116,-0.14764091718652997,-0.21394221534193936,-0.7830726481560394,1.1025827054010322,0.789228869954939,0.46463529269793524,0.8401370814089492,-1.6560458389198198
2019-06-23,-1.0570352553383053,-0.6378335150796189,-1.2927205748733048,0.8849337204719888,-1.0867661311685557,-1.1026157511184995,-0.7194891096448663,-1.224721845259113,0.9909425837239798,-1.4413240425004046,-1.27134270830338,-0.9064742811011935,-1.3604990361828797,0.5537353862878776,-0.865873293586626,-1.2300153837080994,-0.9631854473443376,-1.267034226584745,0.41800642588563086,-1.1479140069522025,2.670846912436654,3.1482361222474005,2.023157598334107,3.2974659748964195,-0.4033183022049367
2019-06-30,-1.4542762580686166,-1.4940723957125377,-1.5218311387341117,-0.4145228026408816,-0.3029761935996456,-1.4632628768725855,-1.5134555079375247,-1.5213777175330923,-0.435424659543315,-0.23077653147342733,-1.4937294556085228,-1.5279931024787594,-1.4660228038309473,-0.6184754492059742,-0.25018470634934675,-1.4543049865858486,-1.4594081642072834,-1.5086703979375857,-0.33949672913207296,-0.21623894586080614,0.6100020023800475,0.3519771300068461,1.0853216242474517,-0.022409142201209546,-0.020392036277044768
2019-07-07,-1.5775592984513587,-1.587209280745229,-1.5000352411995568,-0.6669507600912444,0.12007885120772643,-1.5507380284725107,-1.6143162868553618,-1.5503826136109404,-0.6722729974750585,-0.12092339165683154,-1.5064249736364466,-1.5401799081919538,-1.4279674702924048,-0.717146899249221,-0.038687361597611186,-1.5238767652225629,-1.5869173881021255,-1.440067587579199,-0.8247211704378663,0.04962845421577794,-0.32487800979476067,-0.5099713999662023,-0.12276689713682706,-0.6215636902723473,-0.5145531266058714
2019-07-14,-1.566987308192318,-1.5831107658702093,-1.478271208824452,-0.7117581729058525,0.2705399881060949,-1.5425230415334445,-1.5761534907329389,-1.5109057845265585,-0.7105735849760204,0.020815490459206984,-1.4812302675225542,-1.5227850443485187,-1.3928531648901734,-0.7909895728342521,-0.0008633843441201367,-1.5318505332002181,-1.5987497167287874,-1.4640831083810733,-0.8356206531338944,-0.06599280323534135,0.3734726815676148,-0.0011013051934118932,0.4693104585628527,-0.207547738621426,-0.6728996650626298
2019-07-21,-1.5332867259884022,-1.5414726916984887,-1.470009405711649,-0.6925881539113973,0.20661927930864588,-1.5314820153143285,-1.5506048506424852,-1.5110776823005763,-0.7362561572707157,0.22513291439662428,-1.5123805436721456,-1.523140512014445,-1.4762696341423287,-0.7014819131796122,0.22512615806398936,-1.4822205028824706,-1.5199016796619724,-1.4536714288133696,-0.732105338435015,0.2426442953517097,-0.17260157930892558,-0.43508807193982013,0.42205544852165955,-0.7498120442138011,0.8413325994466999
2019-07-28,-1.4179175687911234,-1.3761703063340593,-1.4031771036772656,-0.4888714726035682,-0.12232053667940625,-1.4371523050876518,-1.4291661236624231,-1.4333639914709313,-0.6111274949110684,0.03037994932861832,-1.3957407599611165,-1.4136994438118395,-1.388523641951971,-0.6626228517785315,0.06260489788106774,-1.3789132488762925,-1.4365652816430847,-1.336417943903191,-0.8730634445256902,0.03989027863783171,0.34318648258006396,-0.013312603391963261,0.23914665745482042,-0.12213736949801701,-1.5604235445401162
2019-08-04,-1.5364853072060694,-1.3525162391533911,-1.857591647595875,0.6207572233022168,-0.9355176027224897,-1.486469721150419,-1.3421624365557503,-1.7096431486118373,0.5002788686702603,-0.8871227139268859,-1.6155417160263057,-1.3504985715668458,-1.914645146937371,0.7816986067958445,-0.9093116783258812,-1.555316740326706,-1.358159022718122,-1.8308262952507353,0.7808992039614966,-1.1140285429070065,1.5083889066183014,2.1284608925362836,1.1511780006396581,2.260473938967363,-0.5880450009322812
2019-08-11,-1.669887910558631,-1.6369485241843893,-1.6333573886030297,-0.5333386242082888,0.3662733612777029,-1.6296373303054787,-1.645707174217084,-1.698509772700876,-0.4740665001578147,0.2331154634004784,-1.6352902036331964,-1.6093539026117862,-1.6221713460890073,-0.5317655421302492,0.3800077516482195,-1.6006737197932723,-1.6079117576628026,-1.6174940014455392,-0.5518742055159858,0.3603338675157742,0.20380520351692924,-0.014194105538718416,0.83363934699151,-0.32913951343055553,0.6537217436216184
2019-08-18,-1.368863981347698,-1.387382182757924,-1.320411814681104,-0.6570189015759806,0.3632299167044847,-1.3593386256685096,-1.3696944449485826,-1.3419335373710974,-0.6637697534436218,0.43437872285423923,-1.3492308926233727,-1.3821540826395442,-1.3288473606419942,-0.6688414585571903,0.0693877418581758,-1.3466091866300876,-1.3618351862835538,-1.366555213388776,-0.5191531910042181,-0.010739780620932308,0.6652635586089075,0.198612635324002,0.8361166794090078,-0.058740499881788186,0.5384714533659618
2019-08-25,-1.3181871988193476,-1.2769428233445816,-1.3019789774608646,-0.4298834979661606,0.11791800782321676,-1.3111194119543705,-1.295246165624152,-1.3375497114451742,-0.44415977455286465,0.17792046139337767,-1.3113368695510108,-1.3266217493723331,-1.299133065263229,-0.6276442060609966,0.10570173347277549,-1.3019072334619535,-1.3104288022028483,-1.300480449780076,-0.5760060582672721,0.20657083839196444,-0.2769613704298866,-0.33498993695906276,0.19102359575909192,-0.4793225924497758,-1.0521730664671904
2019-09-01,-1.2275081298851067,-1.2359477314891643,-1.2339740535224064,-0.5185548113378681,-0.022010071772066202,-1.2478684380546567,-1.2297488054929122,-1.2606389562026974,-0.4806078299758401,-0.13682519447345914,-1.2186596990195673,-1.214973146524823,-1.2184943933072399,-0.537923798461018,-0.044875156927478226,-1.237363527154243,-1.2622250940656574,-1.232131337092906,-0.6665156907281483,0.019888967270891778,-0.6993666338484616,-0.7557606435071987,-0.3764678198281301,-0.8085612875764464,-0.3081840851191618
2019-09-08,-1.1821373175869043,-1.2074879437449608,-1.143614680309936,-0.7142497054568778,0.24881820419669143,-1.184949581555926,-1.1979102779194037,-1.1843278766662153,-0.664644945136913,0.2507974442477933,-1.1584327798048528,-1.1773723375537462,-1.139944028474641,-0.6715749761218299,0.16501263580126369,-1.151433489472914,-1.1893861776789347,-1.1182149940388841,-0.8157792715684818,0.20523719055552794,-0.9544266909002784,-0.6368666125417028,-1.055422143469624,-0.45299323469558733,0.4649345106003231
2019-09-15,-0.9909714331732808,-0.9125186573598303,-0.9848669519812236,-0.25649504135070383,0.6954688215932205,-0.9524644046866737,-0.8457410628295859,-0.9928617747856967,0.10122822618286166,1.0510524589884946,-0.961162447804395,-0.8834145011989832,-0.9636762898844613,-0.22939836528812368,0.6648100741614539,-0.9466448423222147,-0.8980492948692572,-0.9635472014858283,-0.2325804426821056,0.7203643501955486,0.14239457407806125,0.1440599137449104,-0.6995911633739428,0.3611297734690705,2.2610373025420247
2019-09-22,-0.7787553636924809,-0.7686020010629974,-0.7448931958452021,-0.4678519336735648,0.44876509213242183,-0.736214905059586,-0.6332693486618641,-0.7805055707145596,0.1936687107756786,0.8031649225429848,-0.7445468444351465,-0.6992226012756623,-0.7553769142218083,-0.22794027233821113,0.5339355040167615,-0.7287181275586893,-0.6473128341480803,-0.7393361779013352,-0.036058566820830265,0.8898048518185413,-1.0753848990890493,-0.4442107898792641,-1.4200386747904585,-0.14170962787681826,1.52718907055826
2019-09-29,-0.6367354474560547,-0.5340634756178272,-0.6406921926025546,0.0295808261244858,-0.3902324077101892,-0.6674456838386622,-0.563652023794399,-0.6765434059063297,0.11181486409093234,-0.5420606351306871,-0.6654121604885769,-0.6638228304072528,-0.6323807275020085,-0.4094426348113546,-0.04042652041982384,-0.6727052519031378,-0.6960002488757047,-0.6328722154366262,-0.5527181986613562,-0.015909028131895705,-1.2856637734328047,-0.8492054363742758,-1.8423462523807985,-0.4685645747255888,-0.9581290794592161
2019-10-06,-0.6507001394140246,-0.7056762921811749,-0.5820472645120638,-0.6232419294236782,0.5766991719011952,-0.6265173706331804,-0.6539033000330742,-0.5733572274956796,-0.5311981993747485,0.7083333487159235,-0.5944726202394384,-0.6403199393125752,-0.562772777937194,-0.47830351431934787,0.5062698713843414,-0.5815976334761297,-0.5657837404631272,-0.5441636769189679,-0.3421478637662793,0.8015785850844632,-1.2617267622194652,-0.6453822181774433,-1.7222268791339421,-0.21835095926147668,1.1745064972466361
2019-10-13,-0.47668942244050844,-0.5043467263554366,-0.45826349782000403,-0.42467738074585837,0.23923697299682745,-0.518360144339081,-0.5548065583610614,-0.4882997790190243,-0.5134511014293274,0.16679902265733615,-0.47224400648895837,-0.5135232947511602,-0.4284248334245547,-0.4990933159440446,0.20491944512235036,-0.5174779448787645,-0.5662253810538954,-0.46896261171506215,-0.5665425629464852,0.14132711895007766,-1.4892975180317458,-1.2550774666753648,-1.40175111388473,-1.0626686387816133,-0.018273065576595963
2019-10-20,-0.5373934249809232,-0.6418907370792907,-0.4415829441835221,-0.8553416125224435,0.2524470828191257,-0.5761801824266426,-0.6944919480456391,-0.4822020282036466,-0.973869637508414,0.2822990538580355,-0.5089394168416902,-0.6106679314945735,-0.4316135240345573,-0.7983011141917954,0.6599770421275909,-0.5433820519169095,-0.6700932886906189,-0.440637890795753,-1.0722197452915332,0.25289931227879797,-1.4845729086677755,-1.093338641072159,-1.6419811402903504,-0.751860814992212,-0.2722819490394868
2019-10-27,-0.44006783920251513,-0.5227159381557692,-0.3809169628156077,-0.5563046688420854,0.35631429756757077,-0.48945512237100586,-0.6287531030580171,-0.3761888571025629,-0.9807313462154708,0.29363458453694746,-0.39317671387233905,-0.43028162108166423,-0.31339708124417964,-0.46845326013749367,0.5336803938466349,-0.43371149731716463,-0.5187112695640802,-0.3757460899778755,-0.6152665242564981,0.6876059754395129,-1.307559782287572,-0.6691088267546279,-1.6877073889895673,-0.2285595140396851,-1.2356743573027567
2019-11-03,-0.041122705698182785,-0.2082398324302466,0.05140593660371473,-0.547255995380283,0.7771469480354005,0.04068958860968487,0.12398399031062665,0.03910503959923329,0.23170035511427386,1.1739219716428997,0.03655437637663643,-0.027495659817466187,0.10983082998616682,-0.2788214431006825,0.8037748293523492,0.0764637101044957,0.3054981771322327,0.057146952753352,0.6408632869433706,1.1758584370566427,0.28499698254907896,0.22266111103487787,-0.2385089861373399,0.36269189011695274,1.7732761842450355
2019-11-10,1.105248068014918,1.1783817308000994,1.2214317464980224,-0.007798640218116369,0.8837518921107731,1.400266550238793,1.3605958725725866,1.2834797120591364,0.2139325082893007,0.25087367846508146,1.1048119363942572,0.9847431796828893,1.0416185087971983,-0.21170074873614148,0.1268665519417558,1.1340170924125423,1.1928595435317824,1.0317156943533008,0.4873818673497991,0.35703380832646076,1.0628242164042614,1.1653977024164113,1.1022900327005942,0.9881833326162189,-2.123054369626277
2019-11-17,1.0844958649322267,0.9402341043685337,0.9063730810559774,0.100553360577429,-0.7197341930092291,0.9051665970542473,0.8489334028736529,0.7373704285841246,0.2706527651855166,-0.9274298529693885,0.8897424952314777,0.9528022523760761,0.7739335348478166,0.3236832854288733,-0.4881444425740868,0.9773112974336879,0.9810767741656081,0.8622200755632289,0.298599150732819,-1.260279611751896,-0.18575617271298858,-0.4494574961042402,0.2097938430230278,-0.6547533185180195,-0.27658819479640684
2019-11-24,1.0492875535578383,0.901975804452961,0.8910139206255607,0.0746622310838467,1.036516192772821,0.9480816627841113,0.6370142499595542,1.1631072693314202,-1.2292103467415434,0.151789733475715,1.0254659937959187,0.8819657195970928,1.0385918820298794,-0.39353602946099336,0.28622448321932503,1.116596126450345,0.8284255931801425,1.2181095357574274,-0.7906694906017695,-0.2515686959754663,-0.7865021324971807,-0.8469951228507453,-0.7252113771274123,-0.7580805155532866,0.019276165575477556
2019-12-01,0.6744338872133042,0.6589945861393731,0.48155779492352735,0.41140252873396066,-0.9190772445093909,0.4324615972726162,0.3850936948930659,0.32148932748513626,0.14302025477084454,-0.9143055727348025,0.5701618573137175,0.5726414507483211,0.3880212227725452,0.32949793906890107,-0.9887814864108885,0.5203931058106732,0.47002032113127556,0.4254895717825706,0.1231149741132517,-1.039463631018001,0.16664222004406296,0.18633083248809548,0.8529203766980097,-0.13665329334638482,0.019430341207335573
2019-12-08,0.5721628337250071,0.44461799973409993,0.5231064818373848,-0.05674611434058778,0.9855712571914911,0.6877427589269318,0.47151329996436736,0.7231621373333338,-0.4572307346205332,0.5453401648918859,0.7564881653441691,0.6033738177669385,0.7547358324307525,-0.2524256652602088,0.8307461791201913,0.7426181828038655,0.49268238686116783,0.6574149603219034,-0.2379852754525169,0.8051352886468358,-0.43671824949257476,-0.30422608765621273,-0.4479439612671092,-0.19163548810513578,-0.33523544451633774
2019-12-15,0.9758769879700395,0.8365360702807778,1.172206227916008,-0.40082082343604003,0.4231691680938997,0.8391655308100686,0.6247581759069022,0.9030286943595204,-0.43926177139039047,0.3958063038862579,1.0414187931245202,0.8989682521335566,1.1629050012087032,-0.38947003825026505,0.436630264394511,0.9954080621012864,0.8443592183433476,1.092144130372655,-0.24810056669490047,0.09597868229011124,-0.5670443491104105,-0.5869768953102186,-0.8132673367497544,-0.39246666425065413,-0.2576936026173403
2019-12-22,0.8106023507010216,0.4968860946124262,1.0972253597580301,-1.5809293037669876,-0.20059784171875816,0.6136328245918089,0.24139951512799368,0.9367478943401323,-1.5082765563408855,-0.03963981033381991,0.9256895982760224,0.6802668613052146,1.1648438945176594,-1.7122489370337601,-0.09370821074127782,0.7637112628929809,0.43346906205424396,0.9637294318238716,-1.3169901338115715,-0.15574132459926016,-0.9082438572040044,-1.0967386541175688,-0.7183663780696029,-1.0662481924261997,-0.17382864265126022
2019-12-29,0.9143128437613992,0.7980636988399968,1.0873171032589046,-0.6854092773875363,0.6180467400289856,0.8547835458396665,0.5819290094658065,1.0581293506649192,-1.0176161744893073,0.08944094546520598,0.966914409291844,0.7993685112769531,1.0940728324071793,-1.0375037430270349,-0.1781928093859357,0.9673293823709419,0.7959997774530589,1.1247066075948102,-0.7068416350317812,0.21533126854056384,-0.4650488636732125,-0.2272921737390348,-0.5241796497037329,0.0263829657276662,0.2953891935725124
