Date,CERSStock_Open_average,CERSStock_Open_max,CERSStock_Open_min,CERSStock_Open_volatility,CERSStock_Open_change,CERSStock_High_average,CERSStock_High_max,CERSStock_High_min,CERSStock_High_volatility,CERSStock_High_change,CERSStock_Low_average,CERSStock_Low_max,CERSStock_Low_min,CERSStock_Low_volatility,CERSStock_Low_change,CERSStock_Close_average,CERSStock_Close_max,CERSStock_Close_min,CERSStock_Close_volatility,CERSStock_Close_change,CERSStock_Volume_average,CERSStock_Volume_max,CERSStock_Volume_min,CERSStock_Volume_volatility,CERSStock_Volume_change
2016-03-27,0.9330538272831709,0.47588621740470005,1.3302987006817428,-1.0218267703824386,0.5012311342122993,0.8416527166825497,0.27613143670959595,1.0407481194234363,-0.8676844544048102,0.5836006347793713,1.0448280560791743,0.6939993411809869,1.1856021080830739,-0.6658487524667561,0.49946111460690595,1.1745627776589076,0.7902548889202228,1.3633234235602676,-0.7019772796320173,0.41144915541760024,-1.0129918605185135,-0.8592599629628687,-1.2265099605412721,-0.7809464925079845,0.23417484100589034
2016-04-03,1.9958761639832505,1.7445059269345882,1.9696671759129913,-0.2067922616719959,1.149356136392922,1.9999457961883014,1.6434410929322192,2.104778121575801,-0.6241844342341756,0.6340807571312829,2.090239600777342,1.9703205147456235,2.034763157698631,-0.11360452648721743,0.27516558359043436,2.09757550775857,1.9254276575349083,2.084946646801761,-0.44760847204702636,-0.2642870737906192,-0.2845733776476944,-0.5532830861892795,0.3992068184493709,-0.6555721059918143,-0.8487400700586568
2016-04-10,1.7425228908649715,1.5998224853493783,1.841724182542563,-0.4178926977940647,0.5497124245949715,1.688746668573347,1.7385811342297939,1.7534791048539915,-0.07136010827538752,0.9286289188263201,1.7558170700801428,1.7110726363983153,1.7462313339685067,-0.10094695823320667,0.7984489668279777,1.8169257321266632,1.8852588529496659,1.5765960489608637,0.5305782003498065,1.0318673928912399,-0.6380998736422258,-0.5065745096938394,-0.9604469239523676,-0.42693020051246916,1.2122040380118175
2016-04-17,1.8320447820623698,1.8013738963598558,1.8076359136252527,-0.009526009872595,0.14808909821000552,1.7890888302264016,1.7640651298600396,1.7539716194195403,-0.04862584056706988,0.45136345880589246,1.8312516127327616,1.6776498620411704,1.8474997213883553,-0.48026650706699947,0.39420791929947047,1.7730591507323814,1.604590436497922,1.700911010300233,-0.25535961466083046,0.2399122245033862,-0.6747568424228143,-0.5913637010446767,-0.5264799623482179,-0.579361298603716,0.043734779454881086
2016-04-24,1.4430269891673635,1.3868831468575575,1.6113270944104123,-0.5996956348386588,-1.1564139951582344,1.3274567023504498,1.1475192714152878,1.3970577403640387,-0.5913123959890809,-0.8698454996248616,1.3694474340601903,1.2078008097249808,1.3385931264317348,-0.46167305040679557,-1.13084538184174,1.297686000592274,1.0697301136966781,1.273143182443197,-0.5748108140629311,-0.9506478852691072,-0.706605784090702,-0.585509506821222,-0.780535057905852,-0.5394388746729031,0.03064198297015938
2016-05-01,0.2488584468931402,0.3793767193452587,-0.09893597179138142,0.8866451860678314,-1.9473987457508628,0.06678285084546741,0.23710598389175105,-0.2869706377658013,0.905823521387021,-1.7083044963472993,0.12070588788014268,0.4252827134274929,-0.11153208627970228,1.028435626669135,-1.7351326677205932,0.1034797332846518,0.4739049813720853,-0.19698669658531506,1.2698159349503808,-1.846222837584856,-0.29757994163621615,-0.23806556122073042,0.04664266048132222,-0.2741284053482514,-0.03086448398596608
2016-05-08,-0.7211948839268286,-0.7068995834041459,-0.8258088662414758,0.4693531740322488,-0.6615919202689505,-0.6282394692425888,-0.7153248199600517,-0.6648489176832648,0.019333597503685605,-0.9775793407033954,-0.6676927277753036,-0.638503873539078,-0.7434572531487776,0.43708356043282626,-0.7609786358163928,-0.7534388108483496,-0.557734737384608,-0.7883654829219106,0.6435092105646578,-1.1915080399376201,-0.7436693113670958,-0.509589290156196,-0.6516426273585757,-0.43221205299258153,-0.4345695563554256
2016-05-15,-1.2487526720237343,-1.4111803220571904,-1.052961456996601,-0.6635986071994081,-0.47328103052957676,-1.3390883110746064,-1.557993832476351,-1.1609607155172499,-0.6252854695397378,-0.5813578275995216,-1.2221437333451786,-1.3257543125547828,-1.1761251569200184,-0.13559978043295423,-0.9622294527394953,-1.2761012896460011,-1.2186180893930445,-1.1094897879593857,-0.07354390977882033,-0.61393022155485,-0.6547638797684313,-0.4967305007942095,-1.0267922358380777,-0.37376874994270437,1.1562793914374918
2016-05-22,-0.771504110857223,-1.0562407588789355,-0.5434376518995948,-1.1224857297663273,0.11857774025327383,-0.8345817265056635,-1.0403479434247067,-0.5733632528275923,-0.8427438509479277,-0.016122349201460977,-0.6648102047438789,-0.9179083148191224,-0.4349551828018978,-0.9879409258943451,0.3482057933692933,-0.7742900484251316,-1.0243295271299004,-0.5506934467049799,-0.7691444918351162,0.2125379492452337,-0.4100388638553274,-0.23662247303259368,-0.6108364408733867,-0.1542028795409915,-1.7261324560621516
2016-05-29,-0.7099512833321217,-0.8918997227960297,-0.44451597981009144,-1.3826809109708436,0.6860507210790878,-0.7978977058234804,-0.9509479235821443,-0.6000294830153429,-1.2024695417409037,0.5033208691919082,-0.524520952764843,-0.6820009304756975,-0.22862643222796572,-1.3349087769139283,0.2957809033048779,-0.6677057361594995,-0.8647637349516402,-0.4493019527913319,-1.030928142165158,0.004764140165023704,-0.6201769332246201,-0.44472650846475537,-1.2354657035212644,-0.2600948773131082,-1.2878593889173
2016-06-05,-0.14232790737641854,-0.09662662635744644,-0.4457629034999608,0.9472984477590096,1.1156332591929867,0.06679822720367841,-0.03264244067416722,-0.21943654719372335,0.5472008455780397,1.2765621828165543,0.013726675183686607,0.09056148458630393,-0.32694927583139616,1.1188936843700041,1.1637084457175735,0.1811924265097471,0.045660662824883534,0.005827136154160695,0.09676639012188702,1.0748687135855086,0.11057789047844417,0.23736190116667663,0.24934952722051335,0.21502861673236884,0.5443438905335076
2016-06-12,0.12019174408074014,-0.04273630225275343,0.352511229000352,-1.0593976833447216,-0.3572718051535373,-0.012085117632619699,-0.010881278772093593,0.07440176582286417,-0.2535154272117779,-0.7135748746083874,0.09622944030631736,-0.03735150510883591,0.14067403884411342,-0.496608544650659,-0.7374278181491979,-0.015389718328947784,0.025860147206720384,-0.0951765571846329,0.29982377662298,-0.9403800003166752,-1.0783258720899238,-1.218220613192466,-1.0196388198275168,-0.8795961028447227,-0.10415991094172526
2016-06-19,0.49157633943577905,0.607266894894572,0.5938226223469146,0.08808506928079725,-1.088799034491396,0.4805399969631611,0.3911057059139742,0.6208095727833114,-0.6306368323832916,-0.5522340122594912,0.45883925824800587,0.18457541056698507,0.6501385609779649,-1.2526332977973869,-0.2466591286310747,0.46641628149470143,0.48292138364407816,0.6755390457328708,-0.5371971581463512,-0.15258473590964636,2.208564797571439,2.8708257393925436,-0.47779637302871375,3.0171114698218924,-2.056544148432732
2016-06-26,0.31556041380487115,0.3180727653251312,0.3450132077896705,-0.05391965218342254,0.8973008154011658,0.2953857820532262,0.24767697724707366,0.2265413847075581,0.09097470626966914,1.0084458511070051,0.41146735042749566,0.4281956610084196,0.2750806707624073,0.3683323676438691,1.4002989938271888,0.4362840668803664,0.3771689708241927,0.26375466241176704,0.2669486069578695,1.234714631634483,-0.2887660633856182,-0.8751420846133869,-1.1117994984255073,-0.5920227674396412,-0.24916672566625853
2016-07-03,0.9386339381760914,0.7317619031572594,1.0978613194017715,-1.0712151685893858,0.5385739402141307,0.9486013006341376,0.6861544697591437,1.0794373693509827,-1.1342319582236866,0.5810139326265998,1.0972128551909472,0.9610828711117687,1.290716148150399,-1.0940253325328644,0.5947181799439508,1.0059290432484913,0.8203440986769621,1.1959269869040314,-1.1000356626447665,0.5746760318626365,-0.19259481586453234,0.04503934782964646,-0.19046725890624555,0.08143025775325843,1.4246514557971752
2016-07-10,1.063930770605053,0.9207188024665284,0.9927029613118981,-0.2555742720605274,-0.5268641345219923,0.9415045679288954,0.9821334694611431,0.830873653773776,0.4884252451680943,-0.6794541173243759,1.0374558620145289,1.0241816436864952,0.9953409590353836,-0.18219116827679752,-0.7359039359858577,0.9143531420172507,0.9893779949539564,0.9716414438620388,-0.19222301861997124,-0.38262011384204353,-1.4429615667642475,-1.0510257179794478,-1.4446916265840217,-0.8268726218578685,-0.46039438817304856
2016-07-17,1.1171517156218511,1.129563122028948,0.9890144736898405,0.2992574479705585,1.1461343739100405,1.3538993899153615,1.5551372465417284,1.0125873933677736,1.598325247968383,1.2514745233190627,1.1634020812533017,1.2152872405003998,1.0814249049839073,0.0962599602877403,1.3153870492062103,1.2158403980060066,1.2352214090455382,1.140769289645581,-0.015221139637155776,1.1943227123046618,1.0272007099570932,1.3079819733148135,-1.330833634088925,1.5726893223525433,0.4415498399919608
2016-07-24,1.781761595286947,1.8538652210703943,1.7785061546717549,0.24397677136573237,0.6703271740136868,1.872153248233522,2.252024551626589,1.8595602956005326,2.064053906122444,1.8322456933632574,1.8359102822995506,1.9490287683690157,1.8328274567986762,0.06289017957425326,1.0677575579326561,1.9214427258371707,2.3568412760260875,1.8133576479479254,2.027821124793785,1.8369092746046616,2.208667103334969,1.8963531292461127,-0.9379167926632569,2.0194198914191603,2.26001057783221
2016-07-31,2.083108279395358,2.156910490930215,1.9378668483072456,1.6745564917138673,-1.9073945594602804,2.0437431598455182,1.9043889153095128,2.195458993268971,0.09592638215614024,-0.910891155450544,1.9473622821524694,2.009839907988145,1.6676440285155292,1.7179742354346563,-1.7243905585851818,1.9961180993621213,1.7399137650931467,2.1261148806191907,-1.2045142589216258,-0.18792458182260055,2.399788721975601,1.302290037112788,2.8100547685767063,0.7841175867017474,-0.8674888216681282
2016-08-07,1.3656261860783288,1.5632110213270733,1.462563723794065,1.3883118018126375,-1.5104881423450265,1.3129074952347437,1.3813116720717593,1.3791103720512385,0.8609281122456849,-1.3907081141677624,1.314352524163158,1.089005432953389,1.4654198003244097,-1.3321540444909326,0.08080274500317929,1.2169241114087235,1.0317071144724532,1.340386329904228,-1.0326764566923352,0.04986786935676578,-0.17689039845887988,-0.028989148722052844,-0.022927725954834964,-0.025715781262887656,-0.9500460601258727
2016-08-14,1.0058300384353165,0.880282086449644,0.9716245303684121,0.21578226591162897,-1.0028559564584933,0.9171584615727018,0.7338532943145591,0.9825963407878615,-0.3104098019452863,-0.8781221219973242,1.0811802508217443,1.1406020939677384,1.0412832024877412,0.646622518718217,-1.2681828466143676,0.9471143630120548,0.9046446289382227,0.9670940379130419,-0.08912219225895984,-1.05221204342774,-0.8774105716810428,-0.9972460796677043,-0.8761629570632278,-0.8750837851248827,0.2263614227458273
2016-08-21,0.6585839819413454,0.5169864517344426,0.6608754507914771,-0.23779088001393248,-0.6038998060987334,0.6680310593555414,0.41791079330018377,0.7465425322973656,-0.7179636435323341,-0.1713960912474861,0.6580229779529579,0.6515688314695424,0.7197784320142441,-0.08574641929996775,-0.6960224172721546,0.6477384823249047,0.6117184241347211,0.6462416564361345,-0.06154574548966718,-0.6833524479706823,-0.39071011746245726,-0.4685218970564251,0.5306017267918831,-0.610738825689411,0.8331983152659691
2016-08-28,0.3130312242833655,0.6087831406845079,0.0018430781882976912,2.0379122698862924,-1.4188275466823508,0.26885048609905277,0.6663748000730803,-0.0017346808428080414,1.7520647729029888,-1.6719689000571663,0.23286370691608277,0.665969875811963,0.18690163147875244,1.3922383430687733,-1.2960388317369398,0.0708034756230136,0.5204672322744994,-0.0034777156976364965,1.337484361667533,-1.611355150798386,0.23847748542630304,0.21873467418494122,-0.4220664010193832,0.3218595125597497,-1.2805741101069674
2016-09-04,-0.36556270245564476,-0.5532550212402928,-0.14153375941825316,-1.2952237289087132,0.8218554364760977,-0.28239481720850124,-0.5579895031091007,-0.1530960315534936,-1.0080597101548583,0.6334072530284497,-0.4033749068452901,-0.4490475226076482,-0.5094449080886981,0.011084401602322276,-0.14607447992332628,-0.4597627288521079,-0.5468929043624635,-0.6927604748202382,0.3746616510735344,-0.7567629978793642,-0.5001622712826714,-1.0079629723392431,1.3079832236630404,-1.3012748124436238,0.3841832862101935
2016-09-11,-1.2724203032418029,-1.4096886465618355,-1.1048129230449781,-1.527083431141866,0.8264882692420716,-1.2626097216675873,-1.2716304104391236,-0.9699664147459048,-1.098702983243669,0.40143213523472565,-1.2635060613811233,-1.3899314317406757,-1.1036737805893884,-1.1939985935201416,0.3810450279873505,-1.184894051252654,-1.3370453030357459,-0.8839388032895193,-1.0753898062479428,-0.19196995578815493,-0.7748683741463226,-0.9282909617550049,-0.9495966291967282,-0.7508312229890263,0.3290335465345776
2016-09-18,-1.253655083543558,-1.2175596251427885,-1.2306950003101604,-0.798273180901324,0.5493807136876848,-1.320200352680061,-1.221289204007723,-1.1685312937668801,-0.6470065139413549,0.4578986377087328,-1.4250618138650277,-1.2257462353976705,-1.397686285804849,0.06067616987110328,1.0918218026086595,-1.2145615597975408,-1.1418402917184753,-1.090885572461727,-0.2082716103854784,0.5577096283956726,-0.5125179234221937,-0.4176058542469958,-0.44514809719895804,-0.32332936885513625,-0.8203218869154705
2016-09-25,-0.6461560779255168,-0.5439133012261177,-0.8279039572449677,0.17556556375399887,0.27822485248986195,-0.7114828037309598,-0.6837901808360103,-0.762257749707657,-0.18602974388314622,-0.04820549561704566,-0.7536756203563135,-0.6046948728644153,-0.8632511618406858,0.36711923500652255,-0.12224388178822089,-0.6891364971201966,-0.5135475139495723,-0.7679113118097872,0.44966752961858913,-0.2882641498023928,-0.6575295685192234,-0.956364501197512,0.6059941849269155,-1.1198741446894842,0.15892190046527355
2016-10-02,-1.0302974548146404,-1.0958973890112635,-1.115080528920093,-0.7369493271997863,-0.15736302484301395,-1.154439829006967,-1.162568679289932,-1.1813357153424517,-0.48952668688971646,-0.5552948851237306,-1.0425858738770224,-1.1193375471828477,-1.2702645839788889,0.04784632516160599,-0.5790351798786133,-1.1252646825088715,-1.1380803634952399,-1.2148968123496224,0.10061671714829025,-0.9661252060271874,-1.4245865160661149,-1.2027249866511023,-1.6197604710186757,-0.8351872045716655,0.3642626492116681
2016-10-09,-1.854107024625367,-1.346801458332606,-2.3116760376069774,2.0710864502962236,-1.5490460803356898,-1.9072055173302414,-1.3557907083094576,-2.2562774649786315,1.8294999484041974,-1.7595738111077905,-2.045990315286768,-1.5472256339964563,-2.3948112419318046,2.535493532777757,-1.9086678488012803,-2.0601140291136786,-1.354571922182149,-2.1993870589246445,2.25884089849737,-2.0206997670251807,-0.27064914705062243,-0.0453432540167862,-1.3723528109379068,0.3612079873284294,0.7047243766360425
2016-10-16,-2.11324761610841,-2.1126085188927823,-1.9208209890903944,-1.1153418830403012,1.023650673716611,-2.103068846719095,-2.1114746943419602,-1.8761144707487465,-0.9720548382738876,0.6218273263497212,-2.009796294417356,-2.2206135062899848,-1.7648823012197268,-1.1913260035976783,0.6831497285153798,-2.0323508117112805,-2.2276506286467503,-1.7608300079368968,-0.90876271285603,0.30159304719926683,-1.059567432919432,-1.1043621173375637,-0.5753293125328987,-1.0105902089230832,0.115199174823444
2016-10-23,-1.8151484856701203,-1.7125501695838166,-1.9440866503550687,0.44500600373372967,-0.7252309833352566,-1.7995203543542926,-1.7603293669852744,-1.7658418653806374,-0.139772411413425,-0.3215244636141216,-1.8338967938045037,-1.8670326287340075,-1.8213456038574614,-0.1892287887771076,-0.2952170369507106,-1.8529835732923734,-1.8866284678332894,-1.8015771300276409,0.2794391463045602,-0.028260536136068066,-0.8959627597709093,-0.8463971698277102,-0.7836121477795437,-0.6691455384408679,0.5193705978310245
2016-10-30,-1.950753010350126,-1.7966416999980215,-1.9688674184788006,0.730651634329624,-0.9224134052581192,-1.8207616359680514,-1.484514504011756,-1.852182204630947,1.3099769238720624,1.4665757242893593,-1.9926368885292882,-1.8542297785311437,-1.9996312390461097,0.9860564597683511,-0.8525989582718136,-1.967756964725052,-1.9713408963949546,-2.067710724572094,0.978559613926378,0.6063169571010701,2.4304111757599647,2.969606564655606,0.9455363681465626,2.932287068300387,2.6247448503144386
2016-11-06,-0.9065731095259458,-0.7027093715653048,-1.0428523042193092,1.2882482168832248,2.151048628634975,-0.7952499625430735,-0.62852484588861,-1.066573061958032,1.3883045511313792,1.8971423730237893,-0.8200306255503559,-0.6400805114888096,-1.0865244380550134,1.6241299861575154,2.2408136759740396,-0.6882457300741958,-0.5406292193131425,-0.9049245883470594,1.3581346584488034,2.266239499915861,1.0740235026707097,0.17747636745397452,1.6064892187976556,-0.1605064924433731,-0.8000484177602435
2016-11-13,-0.207477914595457,-0.36126508216194325,0.012233191704798196,-1.00328061776407,0.24532104538358657,-0.258164841936523,-0.44216677326963366,-0.02266752625235121,-0.9306949604420613,0.2558963313843872,-0.09481908465502166,-0.32489811294833937,0.04500903330522961,-0.9947384808712553,0.3224369142293309,-0.13359599143280262,-0.28733841715988384,0.04585434640429798,-0.9163612472371757,0.5521631515025414,-0.7607631947516829,-0.6542403447606193,-0.43499106509427343,-0.592331771011055,-0.2077397275277307
2016-11-20,-0.08467969249859827,-0.15649373801475586,0.12362192489385099,-0.6989909403863407,-0.05918007833428449,-0.1502537077686536,-0.29981073289418864,0.1006983148464983,-0.8262342949956891,-0.23399596892234822,-0.047502763198660286,-0.2779989531341548,0.16329152749372364,-1.0602937903761855,0.18851328775644852,-0.11060915150620478,-0.3813570048655498,0.16653785545798638,-1.3053648085678888,0.3397094560799532,-1.2242189833240984,-0.783953482962169,-1.681611746107004,-0.4356366735431232,-0.5512299089040132
2016-11-27,-0.5878811525622984,-0.3246432458875449,-0.855119591493018,1.461223770304881,-1.5012051247999008,-0.6622349073878693,-0.5893881011055122,-0.7683927611274971,0.6586831427646183,-1.2234240905226872,-0.7095347447076484,-0.5475551089331803,-0.7862822296794842,0.7441610029104163,-1.073098084253493,-0.8150635552673569,-0.7130004415031863,-0.8513499472499344,0.5438189159783346,-0.9931714901878594,0.052054483099002374,0.004252944526459778,-0.7940197713683875,0.20412048846202616,0.6187666589962431
2016-12-04,-1.0295986304497808,-1.170649678352713,-0.6863927835293661,-0.7129992210487767,0.740575021244335,-1.028776332075322,-1.1289928417097308,-0.700504831306724,-0.5053663568017764,0.6890247767183802,-0.9578239306262064,-1.0443251500725619,-0.6815744742853835,-0.514088900446772,0.6943053756320507,-0.922574190253373,-1.1239741872358846,-0.6641848437316109,-0.7724326462723834,0.55299390493448,-0.5202794616782553,-0.3325296363684671,0.10405926681863745,-0.3843935810391554,-0.3363948425597322
2016-12-11,-0.8896968265491731,-1.0349787303693299,-0.6701923199199065,-0.60927956340337,-0.061852986711148424,-0.9119036201782961,-1.1492142551392026,-0.7752638026547736,-0.5168124290060147,0.02036527270622074,-0.8655861800159717,-1.0830836255886678,-0.6349784654657946,-0.8201770843693972,-0.023586611322057995,-0.9250451688327811,-0.9462825482815175,-0.6806574770226635,-0.48358031133171314,-0.1892526517458251,-0.4436844357716228,-0.40391935992526457,-0.46510930353411717,-0.3323547834995331,0.2880140874617618
2016-12-18,-1.4478859319301587,-1.2835964762547154,-1.4136089506557437,0.5810700843320019,-0.7026816132709074,-1.5012058238940487,-1.4170767597905183,-1.4587342343237752,0.356378872413481,-0.6282944331711792,-1.4916145693463134,-1.310880443317272,-1.3261302326040996,0.195791646740328,-0.5268111262520518,-1.4815866924224288,-1.334098055369236,-1.3802159707137944,0.2323750755509416,-0.19027196615974082,0.6900764748149258,0.37319932485177376,0.6890800175956023,0.24650203909403226,-0.5261160729001486
2016-12-25,-1.6505462524855188,-1.5952799640153557,-1.4020501938627175,-0.13235485254228715,-0.31949456355019223,-1.7725429158279342,-1.794441867631475,-1.5276349820663118,-0.35562332365346666,-0.5048463147477316,-1.624274636730277,-1.8349704446044957,-1.464344966787042,-0.7395965808491988,0.16102586336558955,-1.6738319914519242,-1.8630902591930625,-1.392266345728328,-1.081062279507481,0.18798502445621942,-0.08250159799858231,-0.24704613716501783,0.1758434225994893,-0.3114369412946701,-0.6496160604278683
2017-01-01,-1.3948425916716565,-1.5068647968127151,-1.1641881450671248,-0.6828180997963916,0.9194608713481939,-1.4245732827602176,-1.5795681315107117,-1.3694885274656587,-0.43906432642644255,0.5439101295210786,-1.349461996665615,-1.5256680334655144,-1.1843759297643333,-0.7815669751879596,0.6385755784978762,-1.308130913418581,-1.3165171012074754,-1.1476620510023061,-0.5023476328579257,0.34319632095515784,-0.26718510516556654,-0.13394722514091167,-0.6281124055821788,-0.010030070706203313,-0.5341397858342803
2017-01-08,-1.3237170778688345,-1.4910001909163335,-1.20042529884223,-0.4851574563561755,-0.07602689293421035,-1.4126042400384569,-1.6138479562594512,-1.277851064370439,-0.617300374188243,-0.40837109105666725,-1.2983881650723845,-1.4086957197629009,-1.2535225823097924,-0.3104406252853512,-0.15790669005559513,-1.2828771954490423,-1.3002781813023092,-1.1179354101475187,-0.38672463319527867,-0.6273247040553946,-0.8146852554550785,-0.6921574483958446,-0.00810974483471418,-0.7604099320591997,-0.32110575062114743
2017-01-15,-1.371413882044091,-1.572911918409717,-1.1402817516652723,-1.1502712909914004,0.4967879523179517,-1.4160052530949199,-1.501919434489891,-1.2494980971623453,-0.6640283796223866,0.5375928131090157,-1.2824945455906942,-1.4206225364235838,-1.1337800049890985,-0.8529251764337893,0.4987516046665981,-1.2461731806184997,-1.281627982992944,-1.1201104287669168,-0.48131719526736183,0.6859828346425808,-0.2895848410246578,-0.5495811401059548,0.7856086575674034,-0.7641032532229998,-0.12296928942703471
2017-01-22,-1.194605528636479,-1.1924153058134328,-1.1545399613956058,-0.1826858147735138,-0.4691542179924572,-1.2293666671125738,-1.3297065623335396,-1.0796368061207595,-0.7849373150982119,-0.39128369204614405,-1.1940133394224755,-1.2514139241110236,-1.0802500021669512,-0.6412966308061829,0.03403531309036025,-1.1944922097133956,-1.2850278778939048,-1.1447677833662535,-0.5055016863846833,0.13369269769737138,-0.625976264638593,-0.4701373922745559,-0.059754725734019826,-0.49768826212005773,-0.4884877193931808
2017-01-29,-1.1144954425951175,-1.2029637518550738,-0.981331226274074,-0.8207314359072511,0.14007489876685134,-1.1466403238561025,-1.2455152926960091,-1.0323145859183778,-0.9079104180338943,-0.068403868449817,-1.105799319930363,-1.224418403340636,-0.9908473470401373,-1.0018824643893374,0.014775233006106265,-1.0967786592904383,-1.1410671098422573,-0.9728476874411738,-0.7781669674562122,0.11459374088346092,-0.6977918330057618,-0.8624485191048873,0.3624143569183099,-1.1689271573633162,-0.02586597174638522
2017-02-05,-1.0667381744450355,-1.2100498416397352,-0.9082065983126701,-1.1373668855442458,0.6213447728396757,-1.1221677221997621,-1.2515108552441596,-1.0074783833585554,-1.2403171751470012,0.45225094388639403,-0.982136578617555,-1.0411576161086382,-0.950911550507035,-0.6213059886647663,0.7043417669347471,-1.0365595415935032,-1.1600454172810575,-0.9126687965353588,-1.1902765168291278,0.4567009283847599,-0.7990374445393088,-0.5063564558615453,-0.7724562972963414,-0.17374454865100766,-0.7487980489271432
2017-02-12,-0.9701512774712907,-1.035404926722725,-0.8638294030942975,-0.8530638287261874,0.7394981266071196,-0.9052315413465528,-0.7854957666305791,-0.8546922419855235,0.01173722259780709,1.237991792616932,-0.8657693625161125,-0.9056561110167791,-0.870573575192927,-0.47161830568288177,0.6645356876297689,-0.873817479079763,-0.817712572753983,-0.7990020975863151,-0.2444186712006271,1.0390689328393625,1.6730866099511297,2.0225333618901145,0.6912444807005814,1.8602457742406373,2.315849560461695
2017-02-19,-0.7370712259765987,-0.7155258195819633,-0.8516891150197035,-0.1784086464347983,0.3689205098416528,-0.7517957123916971,-0.8804288550667073,-0.7989122403305351,-0.8274741931452236,0.1273337669615534,-0.7692677066936803,-0.8210109567776197,-0.7070125191343809,-0.8708259781525244,0.14439492302658544,-0.7276471781247104,-0.7307125446764318,-0.8535067874547465,-0.11778605229623376,0.7215833641410668,0.9664222999235398,0.3674592661213326,1.7726141779126083,-0.21457807055475314,-0.08423559435427024
2017-02-26,-0.3468834255082029,-0.3920976822673196,-0.19165854951837985,-0.6187331852359066,1.2062800824997033,-0.2780758820696649,-0.22738219457410017,-0.2756776164168397,0.046091841150688595,0.9671097930461691,-0.18197046492072586,-0.24491510164447863,-0.1499329575706292,-0.4315627996035505,0.9993267270216903,-0.20703546626284347,-0.1637287831580662,-0.3323027316287044,0.4678513971167649,1.0682593188810106,0.1778478585747007,-0.24890906952154335,1.3227854053227313,-0.6985807820652585,-0.1477476149880872
2017-03-05,-0.7073955008688886,-0.138840935139502,-1.1987630473403585,1.735871233326175,-0.8539630120953855,-0.46631123402919245,-0.03939224680830398,-0.7262802123758874,1.4517844088386291,0.6589786589330777,-0.8065692636502656,-0.3841457613542249,-1.3582009929877779,2.026349358576611,-0.36959748523652897,-0.6220338604473292,-0.038828690164694146,-1.2383208837010893,2.2245955764482326,1.1394801380030648,2.8470862929875755,2.7691987013219808,0.8821063611639979,2.72777674010469,1.7412054421730627
2017-03-12,0.030096428090561206,0.025503491680042286,0.0058754109106230615,0.031216217083171,-0.36706592323135584,-0.008727437970464595,-0.2845648800646733,0.18696582076265295,-0.7156691527391249,-0.7042641622332507,0.0490938796968483,-0.24481334445362227,0.10441268007891702,-0.5171579302630256,-0.33146708002660097,-0.07004145111480194,-0.2162008452878618,0.4094192496776482,-0.6920164265404782,-0.6389042568236385,-0.17149453723154445,-0.27143326375808857,-0.4514202318301071,-0.19854117758600207,0.28109493349346887
2017-03-19,-0.7111647125921909,-0.7979611540769768,-0.5688217190061641,-0.46727782194771084,0.01749275783469619,-0.9262122482329513,-0.9105503698344436,-0.8401680504168073,-0.6402523540941312,-0.6691936094209622,-0.6480072877667833,-0.5333650724270695,-0.4238519034299604,-0.1018890141581213,-1.0999382237418565,-1.055074063083643,-1.047293061289805,-0.6363002246066216,-0.504331570227281,-1.4327589854731537,-0.8614588591519403,-0.6642466492674246,-1.5034972675273048,-0.38561739180000476,-0.42740616569788886
2017-03-26,0.5886635904063986,0.7109513082403441,-0.6228727912222638,1.3039412619525923,2.158250097728239,0.9951204003490475,0.850124889575206,0.6735832603511435,0.6713232158133448,1.2139728148795828,1.1777235549568643,1.2187195163175468,0.00697161821719657,1.3334574787649085,2.3080871574424977,1.1794271528072244,0.7348575379593669,0.8204077441231563,0.02804193769871491,1.1476380835140119,-0.08578343080309624,-0.28881459798928133,0.4467641391785562,-0.3952385689043207,0.1074676564707993
2017-04-02,0.735255216743711,0.9249097254662704,0.11744404390293813,0.7446663047201726,-0.68584749968657,0.5362216303044811,0.975982699320108,0.4186793000014971,1.0065882434063156,-1.3459968860021299,0.3310970362834253,1.5073157900365093,0.08510715353136057,1.3672148352990319,-1.4623059042223612,0.27339778072637844,0.44243856804958726,-0.1243205399090322,0.5406356205007796,-1.140214609790088,0.18979304032276678,-0.0005703516042441146,0.8756200131817328,-0.17363380715628443,-0.693465214876265
2017-04-09,-0.3291259761758016,-0.28979533723053796,-0.11177453521144014,-0.1695848845000037,-0.8109045641797715,-0.6884480452323181,-0.6795622009381113,-0.17452343813490281,-0.7696335092155479,-0.9306619156718429,-0.07547112052638015,-0.3198010745334181,0.578280301292722,-0.7386220351605146,-0.778842201663759,-0.7557609532365684,-1.050699452873307,0.0,-0.9451032887264739,-1.3839336121089532,-0.8087230821718634,-0.6028777493168964,-0.8629829419184376,-0.46108000369848856,-0.2511337833379416
2017-04-16,-0.4361743081125802,-0.8936100493446751,0.09533823415840675,-0.810014959244739,0.9424809961124633,-0.30291135106522915,-0.8949785872530599,0.6033616531936976,-1.47518677184338,0.09677098576363916,-0.07335382121631065,-0.4790103611708472,0.3713471242371147,-0.6990358729354523,0.20404380043575013,-0.3008109037637382,-0.7371363378777358,0.27247970315103504,-0.8325006598887285,-0.9162053103816786,-1.0927793224719127,-0.914432763501982,-1.379896844838938,-0.6923840081683139,-0.4502484767946851
2017-04-23,1.814057584333441,2.057816316353707,1.3435788172288508,1.2665189715408487,1.2629658504053363,1.9201098834932577,1.8733521803005266,0.7122491325681922,1.8929244314798017,1.3507248035575588,1.692462307879409,1.640733860892952,1.1165116063775535,0.664749331907375,1.0041133835991145,1.7444407957305528,2.083029926415085,1.4319521799248387,1.1721893897276545,0.4002291529952526,-0.27648285245781634,0.727138960259186,-1.1151865976510933,1.0189876285051667,-0.12441245328255565
2017-04-30,-1.0857889339572013,0.07527099294949655,-2.9918575368580687,2.598810815021342,-2.4914278136456787,-1.4729745371955696,-0.11415179078967547,-3.1611292877126314,2.8308234875880283,-2.8439620856129877,-2.502804125649922,0.8561220559787531,-3.206475667908759,3.1895611565462905,-3.03792916316066,-2.0969130494902544,0.2114436382346991,-3.0812593834275877,2.910564471398748,-3.072801918938366,2.1012149748408664,2.737266936047311,-0.6243784450232653,2.816369376191518,2.097293751600338
2017-05-07,-3.1917012115922816,-3.068319176166239,-2.707941238379774,-0.5169164531041597,-0.41880307082988527,-3.13455717293038,-3.0748849802775213,-2.6920701683439296,-0.25876633977394403,-0.574740387670937,-3.0140952198483117,-3.163980133313476,-1.897666226229622,-0.5592754959834121,0.1342402256415816,-3.1015837453734743,-3.127480002050294,-2.4761282687199735,-0.7521595415589334,0.1190958313026457,1.1187785183921848,0.6705713407081687,0.9964366508152518,0.5500061629632871,-0.8186581479964586
2017-05-14,-2.348803993896303,-2.3881079575093884,-2.0815714097490514,-1.0888358567211023,0.26049062071123347,-2.3179791606887954,-2.3409046720099647,-2.053226726313437,-0.706380102684028,-0.04151614636965245,-2.2370991312754245,-2.294276714758595,-1.6453620381339167,-0.5647898642511118,0.05193836821493184,-2.2285831894010726,-2.2145351130449296,-2.0304588903250687,-0.43212663165733217,-0.37816500427690464,-0.48451808435352406,-0.48321836870044405,0.3137619240970366,-0.5205968776678105,-0.5811315166970294
2017-05-21,-2.4381492487229286,-2.0258488000424344,-2.6343500108021027,2.1602383195126365,-2.0115830564287362,-2.3913969138858007,-2.0224246627369387,-2.4560163445391767,1.7350144514159984,-1.62606286371822,-2.5059021972740925,-1.9392327135884722,-2.4349991374339925,1.5444014481972674,-1.9935067140282934,-2.4554722380214695,-1.9459227429386972,-2.537237520831722,1.9834534561605526,-1.4875389519359987,2.989601677068965,2.915065316616753,0.7215046161148102,2.9082749781922246,2.2043088145417093
2017-05-28,-1.992850512977661,-2.1903515254294645,-1.7657133864461652,-1.0225118394394137,0.4748456617417288,-1.9882060249532112,-2.1496845799519506,-1.838053250544667,-0.6767346739805811,0.6843344245601145,-1.8829223525002525,-2.126594029378747,-1.6742300112241488,-0.357835762680773,0.8991978433814012,-1.9033218955518558,-2.131562687019134,-1.69061230765202,-0.6692063155779815,0.6847494399254567,-0.2533746023254732,-0.28818302383832467,0.97204568542794,-0.3455871868678475,-1.341187199845874
2017-06-04,-1.4600136226410365,-1.4840304954082333,-1.4402069972926312,-0.0172232323054251,0.7791604333281342,-1.4070111460724866,-1.432113340532413,-1.4354225141444514,0.2314790787560156,0.9298720532383703,-1.397013029587501,-1.4970223938186138,-1.2590779689780656,-0.18615613253971228,0.6191683936929824,-1.4121027136744089,-1.500114278986338,-1.361810458337265,-0.08695588756760342,0.8171079400550143,0.32550142236660035,0.6387491954935106,-1.3330626089779678,0.7184005774042782,0.36611173029081917
2017-06-11,-1.3411416828502098,-1.38877906497029,-1.2640479895863714,-0.38061128135955336,-0.2792951880796599,-1.3655600046422496,-1.4138068198261906,-1.305329091083681,-0.2679210494684374,-0.3259825716236104,-1.2863575994863052,-1.4730809656959853,-1.1499021514393757,-0.5396533765107027,0.07746670967244054,-1.342288568879084,-1.4718143871340157,-1.2489888979649444,-0.49824899245341553,-0.015428111149532912,-0.1739824500026883,-0.29275299868818194,0.8506961279518868,-0.3443140833594703,0.37622318929934984
2017-06-18,-1.1198675821414996,-1.110297277899901,-1.1163361428344833,-0.02036984859962675,1.1142548029963506,-1.072969742529237,-1.1580832333306514,-0.988707813433437,-0.6241342629662494,0.853039442416204,-1.0361581475219477,-1.090460875191836,-0.9941288301418585,-0.16169892380249845,0.9268930646034069,-1.014254790517398,-1.0829771494232185,-0.9423075881559222,-0.383927582130367,0.8343195297321989,-0.05405128843506466,-0.3643869552906724,2.057665308956078,-0.5056194285805004,-1.0624273250683218
2017-06-25,-0.8444608650966109,-0.9628062522837493,-0.7036801637279115,-0.8821849057071541,0.18611793726633227,-0.8594762672433516,-0.985046158645018,-0.7466133719692672,-0.8875854549994154,0.32190841157640565,-0.7925506541824863,-0.9264318080343861,-0.6465929587159458,-0.5688155342876728,0.2293352794637848,-0.8276001498612369,-0.9302210820745413,-0.7149826803031674,-0.6299011224638815,0.23751684805727283,-0.6745123188223291,-0.7224601962206489,-0.20020784893085933,-0.7067786352289378,-0.3690554902333261
2017-07-02,-0.8371767423311165,-0.8481493629354634,-0.8187147550899224,-0.17116046925708048,-0.36056249376693045,-0.8670721619548984,-0.8892308226119031,-0.848107878850103,-0.25494475848059805,-0.24117451526009304,-0.8443073783195731,-0.8491088237745223,-0.7569270380038738,-0.198910510213442,-0.2430062083366862,-0.8757281487669251,-0.8390243832635459,-0.8615114878915614,-0.011977837548322235,-0.22384116261505088,-0.5429672498961109,-0.5019176585142222,-1.3961336424429753,-0.3994757360619742,0.19500868935091023
2017-07-09,-0.8528884962837874,-0.9818973168646871,-0.6874069276625673,-0.9899792253103697,0.24217118880473587,-0.8804494491357258,-1.013805162874158,-0.7409126849975519,-1.051385246155638,0.4371982939873688,-0.7948903661372874,-0.9577061434027493,-0.6431397680853884,-0.676832761752004,0.39360434004556205,-0.815371632722658,-0.950159886992868,-0.6701566060951141,-0.8516436972909672,0.4633847968401268,-0.7785408816054682,-0.7433924819509858,-0.9209884886504616,-0.677429079204615,-0.1882559696376953
2017-07-16,-0.7620175552561421,-0.8512157365644791,-0.6618616147365001,-0.7585312978943302,0.23508499181637085,-0.805744359992424,-0.8805898221961204,-0.7547806188324317,-0.7717405424690775,0.22002757441075657,-0.7750500131768027,-0.8789921713799198,-0.703055010355396,-0.5157826061592522,0.09853445309158802,-0.7745092936177402,-0.8340147251263682,-0.732660893300462,-0.5236349380886426,-0.004400742746694664,-0.46458574898216576,-0.593834304276109,0.09339700418855432,-0.601951703079308,-0.4881383292259322
2017-07-23,-0.7499114826999842,-0.6628900151091661,-0.6864332832204908,-0.254720220891635,1.0010578405442618,-0.6522917480058275,-0.34687187651700824,-0.7830031398488856,0.49427024756757787,1.069997676264398,-0.7512747697744967,-0.7980573162398671,-0.6566288850657299,-0.5259227695675628,0.5913082198124691,-0.7043129960783818,-0.6136810227748745,-0.690145471182384,-0.21313613942959328,0.608934116327103,-0.026956844510590165,0.3083568348736503,-0.622737922183772,0.3533857585279288,0.9091096294072225
2017-07-30,-0.702594931232499,-0.688385435513436,-0.6425846512543187,-0.06600534252362378,-0.019341999460726324,-0.45395416789260834,-0.33033877094940595,-0.5369717561199491,0.30041094572651567,1.3696954249518976,-0.6405303022926223,-0.7417956914124081,-0.5160501621251651,-0.2559279247507878,0.07417272692994467,-0.395531632020095,-0.43771355953754226,-0.46520481273753456,0.048767273531899434,1.1021317440910567,-0.27359675270120554,-0.39162814808983987,0.5182006182962893,-0.43111171348919586,0.05228169528716538
2017-08-06,0.30998912632719583,-0.04459446239669452,0.5323486898723235,-0.6168294756502622,0.1556753743321096,0.33413176134359196,0.0297953311821502,0.5116042093356891,-0.5615204643760902,0.023811316643735845,0.3838413487378322,0.04385290096535129,0.5384121951165524,-0.49746821995834734,0.2197551136482449,0.37328515098053877,0.005926045152542831,0.5142180551477326,-0.5091423402077841,0.11974006921814953,-0.45538642864990697,-0.37380040621229316,-0.18921303672775566,-0.3607475641041383,-0.4084009297196618
2017-08-13,1.3194050674493052,0.24718814100272793,1.687671303240536,-0.7285301925071737,0.18983159915050102,1.0737245457719047,0.2851109849284407,1.5770037583250553,-0.6061980834740999,0.21741393480700916,1.587113149851477,0.42857014029153134,1.3956646902056837,-0.433220103283423,0.08596562990523758,1.3827889057918508,0.22131333406899298,1.5735609776046853,-0.7099521330723624,0.1887722075342693,-0.5512569529509027,-0.43054978762710144,-1.0068041233439193,-0.3559434939068869,-0.736539182621859
2017-08-20,0.780712339136117,0.13093228855076822,1.234434953236158,-1.15016343674533,-0.06492867714645753,0.42609633191668383,-0.2836812545629737,0.964555360636723,-1.1185553522684055,-0.3864689530472156,0.8346781360152601,0.3396129495258624,0.8974236053931164,-0.7200728174451343,-0.5635569326363854,0.6019404071349336,0.09534625892455718,0.6574066507099341,-0.72642739132621,-0.796837472937045,-1.5686669362137282,-1.0661848125432152,-1.3657615439974118,-0.7907293933656538,-0.03158180993323796
2017-08-27,-0.26737939762583485,-0.6971985328030088,0.1342632142883884,-0.7955076512784842,-0.31045010915854254,-0.21705645783724228,0.12320081799043947,0.20526210126198535,-0.05937236724563719,0.8210284496574786,-0.24595494123950648,-0.5848604947114318,0.02134749238273132,-0.9379357886697399,0.22658132032590383,-0.024789767360277763,0.6568818113193479,0.013854522373618953,0.7671582868018159,1.3352629298253684,0.5787776656882337,0.1732880066579012,0.36548493511673485,0.10391133290774267,1.74207095177153
2017-09-03,1.6827255134676902,1.8107485769487521,1.4826044095363196,0.10327206250632397,1.0348336971951424,2.0303350575058903,1.752815930706361,1.6113948689508022,0.1457961090459643,0.9219949427280897,1.5936736094203419,1.9152661557164936,1.4404945381382492,1.2701380578133663,1.6224122626053712,1.913685374057016,1.7804023737277495,1.6234276848838267,-0.028544687195589863,0.9324132536698021,1.9006974173691862,1.6680765796055081,1.3089733569851718,1.4586359077557187,-1.477530367500978
2017-09-10,1.89979500872033,1.7672130829142214,1.9405163443132147,-0.7306992476952688,-0.4193287260863678,1.778501910101971,1.6492334964652258,1.9239918000359029,-0.45148822014812595,-0.9998521161442546,1.8723591592338187,1.4541256858015255,2.1033395704124143,-1.1797966696550288,-0.3073130734255531,1.754956022527511,1.582109062963055,1.84922190523294,-0.9064023860421445,-0.5874732849229939,-0.1798236602479004,-0.2958141463530206,-0.5985365746692171,-0.16507089933634864,-0.061130035282741337
2017-09-17,0.8619590178623528,0.8434778494622787,0.7152147995379595,0.028654501934116516,0.08027878384985886,0.8320694411028876,0.57250223736977,0.8928357666707883,-0.48675140484276985,-0.38933339740338685,0.8394204208137217,0.8241173808798012,0.7393702631016013,0.248013236724062,-0.08032013362425344,0.8372531628251928,0.7434641554462966,0.7594462833698391,-0.24959197900275312,0.08924961992758415,-0.4820953616594138,-0.6192242492089103,0.6302881404516867,-0.7856963241780414,-0.3232598680027556
2017-09-24,1.466933007275054,1.4542730451707102,1.1549995773661499,0.3438540232094113,1.2824345745682306,1.3754412744906153,1.0344318010260545,1.4284049953792264,-0.7364139403699395,0.2218824785298801,1.5465055810572828,1.4265140912713912,1.4388312906981275,0.07098976292974236,0.9872673888302733,1.5885579925461757,1.4316330912799844,1.7016343662284346,-1.1023096271736947,0.26342032284139055,-0.6910000827509523,-0.8329078705913942,-0.05416071389153267,-0.8841045244017275,-0.3245863748630311
2017-10-01,2.105558033755341,2.5417730242002725,1.7054536660492403,2.623645359872871,2.439557683378334,2.20918411783879,2.478014062990701,2.025249127100431,1.2263507100075683,1.1741987947744768,1.9424188744877495,2.0790311914374193,1.8697040121094144,1.5405163332581226,1.6864518982359085,2.0998632446834935,2.381129089633713,1.9117087172375158,1.1700487530470864,0.9434599435513072,1.6194198968510027,1.375898955402015,2.197916916791056,1.0305543483726414,-0.8347612022313533
2017-10-08,1.8629454294579122,1.923635976781796,1.8672597772410402,1.032511159820651,0.4830486011053025,1.9707695705871728,1.979291914455638,1.6296511847986523,1.127803560252134,0.22507034547616206,1.903698427635986,2.0687278030349177,1.8038509673696357,2.0700553960021817,1.7050379778635119,1.910451244389229,2.1790456584893607,1.675097768307792,1.7984966102741666,1.5058092929065994,0.3148068430204194,-0.12141343233874642,0.5699448307096604,-0.2683607732126722,0.5807026489096865
2017-10-15,1.6940518228469708,1.4340858841450228,1.8554559257725955,-0.5631879053567178,-0.7469823728432494,1.5356048673272458,1.39438562766393,1.6897973376450943,-0.5654737885412501,-1.303397427434335,1.707320853967296,1.5380046886062595,1.8101342118633903,-0.2827944530057674,-0.9694742469297017,1.631121061826749,1.5898149858017196,1.8122420538300066,-0.588797793975065,-1.4326100128276782,-0.6410699008414701,-0.7516551046036696,0.10116709725689807,-0.8540613955317219,-0.7651114438765542
2017-10-22,1.0030447105630365,1.1068120056155777,1.1050263953769897,0.4881395074215062,-1.4373943036623962,0.8867936630146398,0.9278685406031131,1.0355101928458388,0.03303923932982903,-1.1119608503267846,0.9912131824216058,0.9974216147050633,1.1217065370982398,-0.03445507761136767,-1.0426669955788848,0.9115226002171595,0.8218702757689498,1.0261054234014668,-0.4892867219323984,-0.9030772059704569,-0.835946470967218,-0.5855578509069422,-0.8686943840943284,-0.44757740557272513,-0.021869932867399643
2017-10-29,0.7290932544214278,0.5047464388959557,0.7118118770613359,-0.10480938749138327,-0.418318583567349,1.2210656150652377,2.146798161306899,0.9992754062511279,2.9078812888983037,2.7345207622625756,0.7776454102487034,0.6538485286949952,0.7989032146481084,-0.1496264004161464,-0.14735115021814543,1.1896114705548337,2.2433285779226546,0.6142873144385234,3.0425981069038435,2.690160224157331,0.9356277311009467,2.12664932209788,0.06952500433088914,2.3935737870956544,2.9611460305972983
2017-11-05,2.352410367580636,2.111490934842389,2.5256388462744206,-0.5814018997338128,0.05380597684195255,2.321590924136422,1.8571950306740939,2.469088096443515,-0.17307418596885407,-0.3116583531963685,2.347212244213518,2.263721137693185,2.304589521913931,1.0242051145475128,1.2266212188399863,2.3648353151377277,1.9016403872345644,2.503751918851103,-0.36904828789938715,0.07447697752739446,0.12638895432361844,0.29883878577463346,-0.22634609390744373,0.3885574330976467,-1.4517796809743981
2017-11-12,1.9646765805366273,1.841611913613907,1.9270515954324854,0.12255170467824168,0.1424143236974515,1.975931682211512,1.702882950294997,2.098895767753976,-0.3069210260387917,-0.5777491208860036,2.0236145646321626,1.9708986374934303,2.030916958447995,0.7646430691169033,0.4647786265540701,1.9978116643364925,1.8046983595006403,1.9480888016945892,0.200816020379115,0.3187831883812323,-0.8274902693735774,-0.8193246609495392,-0.27698671239329875,-0.8606131375041789,-0.3511174005168839
2017-11-19,1.8509981203958563,1.6995701882183305,1.9541754510371256,-1.2512333618929212,-0.19238412568690028,1.7564183028274603,1.507666289912251,1.904425168590509,-0.9112562587304637,-0.16960081573049207,1.8837922110011318,1.7562398714994532,1.9737036359438396,-0.7974134863647694,0.14179173144050128,1.8256992752981989,1.6045624121397741,1.9172006265788866,-0.5606113902250256,-0.3224067338334825,-1.2510611174043011,-0.9962439120386912,-1.6140110022916982,-0.7803830172797335,-0.227784147418434
2017-11-26,1.8081743947139084,1.8086777591188379,1.7544233475312285,-0.1245221028108279,0.6007287348193293,1.7290919564703282,1.5323692610825892,1.7679720957929996,-0.7238178968353984,-0.031097894115435582,1.744538581748148,1.7466823531591764,1.7502826466539894,0.23433388361720375,-1.0475757157369425,1.7860565569897005,1.5852141344746833,1.837580050198885,-0.5938619825632816,-0.45929439814077505,-0.5310730375986568,-0.6374126374827301,0.15652088150344812,-0.739077323016183,0.03435852002917544
2017-12-03,1.1924518809545712,1.4336700588185924,1.078644243033445,1.489731596422669,-1.6353656277109243,1.1662865638312474,1.3624020792171527,1.1096627413840896,0.7156825201431845,-1.635980341089609,1.1684449459695314,1.1459641320122091,1.2218157499111277,-0.27369874769254604,-1.1677484162422853,1.059281426392687,0.961348079016237,1.095587411500202,-0.36121586972788366,-0.9172243981982651,-1.028488915730948,-0.6935745469064689,-1.1403274068624023,-0.52404439644892,-0.429742349397534
2017-12-10,0.9488974909532263,1.0113273016680646,0.9425336663849067,0.2247340748776663,0.20621445298274993,0.9762130513514115,0.8258972249712974,1.0229957921789619,-0.5911526930527059,-0.16104405157298096,0.9907516903578973,0.9298438891874522,1.0626510482982046,-1.1367260769578291,0.23829044123686038,0.9628162122365321,0.9598640904333464,0.9577101994705682,-0.08332019504444657,-0.14325026317144027,-0.07107263810954341,0.41339144959648105,-0.5259795015439961,0.5605602320934094,1.0356396200669116
2017-12-17,0.7546852953650264,0.6800077111295868,0.8156817960751955,-0.6964912207794227,-0.7335977479068584,0.7205653371316736,0.6736784345048837,0.7525246372751535,-0.33205946590956004,-0.8251747714298676,0.7976829749013863,0.830374672157756,0.7010887416930995,0.9340812089358688,-1.8108801654916902,0.7520363295586245,0.6506417952012298,0.7921478633268941,-0.45244772427485574,-0.8306786106418632,-0.5724764473191709,-0.527961639835026,-0.9792975469773574,-0.37320676971948064,-0.10474989399995191
2017-12-24,0.3212592097095015,0.4445962329058045,0.24025579778422365,0.6222124879942326,-0.9704693809052616,0.20009389161913538,0.21513714821292657,0.2712586304779926,-0.2138109293551739,-0.8451576322805615,0.22153266199526966,0.27423861644846126,0.29546842014263913,-0.18206913871032576,-1.1873188835901214,0.13022141209717053,-0.0023001495682552216,0.17419222518375155,-0.38582477822668576,-1.0207098465201339,-0.7913587408107664,-0.793989558248614,-0.9572590886528847,-0.6727890541528876,0.11984800781086209
2017-12-31,0.3680147420133354,0.6577161874397685,0.07188189230784071,1.9852428075429231,2.283552733116406,0.538193437222671,0.8371797938654092,0.3926777358035516,0.7120947079341237,1.293860087418262,0.524741100420721,0.8259116583975264,0.26562253005176056,2.4667323691162437,1.9240316426726214,0.6570726144707509,0.8524488682423096,0.5147872074912565,0.41695145867449973,0.9273735323333155,-0.8273863579367638,-0.630202406586608,-0.7529824268359697,-0.548339383771613,-0.03942339956565492
