Date,Lead_commodity_Open_average,Lead_commodity_Open_max,Lead_commodity_Open_min,Lead_commodity_Open_volatility,Lead_commodity_Open_change,Lead_commodity_High_average,Lead_commodity_High_max,Lead_commodity_High_min,Lead_commodity_High_volatility,Lead_commodity_High_change,Lead_commodity_Low_average,Lead_commodity_Low_max,Lead_commodity_Low_min,Lead_commodity_Low_volatility,Lead_commodity_Low_change,Lead_commodity_Close_average,Lead_commodity_Close_max,Lead_commodity_Close_min,Lead_commodity_Close_volatility,Lead_commodity_Close_change,Lead_commodity_Volume_average,Lead_commodity_Volume_max,Lead_commodity_Volume_min,Lead_commodity_Volume_volatility,Lead_commodity_Volume_change
2016-03-27,0.8934427123756364,0.8281869180833372,0.999535663729594,-0.5610501649551796,-0.8799839197309623,0.8162511457053399,0.771207571099303,0.8975510465733014,-0.011853418198802028,-1.0561314088987082,0.8965553727892793,0.9063462851223757,0.9170723177173108,0.16788956598511512,-1.1517430390178347,0.9336022853972559,0.8994004698354399,0.9104024672729781,0.3446958411835257,-1.1843948524984171,-0.22205750998642046,-0.29779845961576634,-0.6813605746545226,-0.26891144148985247,-0.13678782347275373
2016-04-03,0.15182060018543678,0.1151643286010892,-0.017409220829371765,0.5453625709921219,-1.3464154656843232,0.04716607009832129,-0.05652000650415152,-0.063996842900288,-0.005964352226432137,-1.0540858233226293,0.10200365250046453,0.03896519199165699,-0.013405193475721654,0.21905040200930642,-0.939248963041833,0.1593598197093156,0.0982372761333077,0.0912806127688685,0.07288798589929141,-0.8462703101040681,-0.4284461704642654,-0.3592300390539053,-0.15513359180477423,-0.3518946647729034,-0.20116604084913112
2016-04-10,0.07132346038972144,0.17064462333314495,-0.028842920801586132,0.7680994208130746,0.6237892660468913,0.061018753570526565,-0.05044289938756666,-0.11452653045504323,0.13420091032124062,0.57673557587957,0.1443126468512924,0.18183711296985275,-0.08831354195395574,1.0400991211613906,0.9366652799123539,0.3287760381389024,0.2382637747883287,0.04107385826230578,0.8067585527345489,0.9440588637491327,-0.46905133781832187,-0.3746512728742132,-0.1091725031712217,-0.36936673535113734,-0.22219452439293846
2016-04-17,0.830092959178569,1.2367494478053995,0.35534708241495716,2.355810828775863,2.0040099406279417,0.920190949177745,1.012167969044819,0.5328508384278711,1.3049919235414094,1.3837673092194804,0.9213194703985407,1.1964934904632991,0.5420772945598864,2.0268973384980864,1.6473939463265734,1.116598196421541,1.011668637478481,0.8085641747477236,0.9961781841349956,1.2116105311352594,-0.4763274355762039,-0.36267749505704777,-0.3271126842996188,-0.34934132367317905,-0.1955035977089203
2016-04-24,0.9338614161190477,0.8338419034468828,1.1331620015798336,-0.580911196115872,-0.7855572432206032,1.0056696159844465,0.8787745146410163,1.174975084332319,-0.36373099239655854,0.03201256782737763,0.9839607138449011,0.8994713751686096,1.1445540534565977,-0.44518435549973895,-0.7000639447146929,1.11650141088692,1.0258223860182323,1.256270218424564,-0.5877987487815529,0.21629195120682776,2.0670738433763467,1.7839459792809524,0.2601186105265991,1.7737437401977103,0.288373937855068
2016-05-01,0.5015380415500098,0.74252335949681,0.0797670418324317,1.4635584332193536,-1.573078104210258,0.4095464743097399,0.6764924761341712,0.17987964686470614,1.0781266812750772,-1.5132143675298202,0.35604363869098116,0.7238969588858044,0.22882948030848826,1.2637796127406187,-1.4415154122797076,0.36084530819687294,0.7151078434819166,0.2731664416791005,1.4502444540998052,-1.515904190673389,-0.042821761391900894,-0.30099217041232346,1.4195448198778609,-0.34889855375528395,-0.3235220805491937
2016-05-08,-1.0519591948660778,-0.854214931855108,-1.0128647827111177,0.038813423403786525,-0.8385907425164161,-1.1568728520907168,-1.1058807687920258,-1.1285966040259021,-0.33698968178116584,-0.8047802101637327,-1.2293427507373067,-1.3424550940932019,-1.087259047785755,-1.0056707106715952,-0.4012202849717816,-1.1809733426727553,-1.2785759725430323,-0.944924157349302,-1.2899674599613544,-0.4986254477055816,-0.13840104612287854,-0.3330821071917396,0.5557700143767285,-0.3506921881444663,-0.15597717256132196
2016-05-15,-1.4782678491551717,-1.5906210246797696,-1.2302864061990424,-1.0055522881122405,0.23546469762601638,-1.6290859901505708,-1.7996599776137223,-1.3759920011636966,-1.2153591899304104,-0.2576559777881963,-1.5851471828672552,-1.646473716239784,-1.380324049130304,-1.1350213474988027,-0.14447221153081893,-1.5689370575853645,-1.645765604607371,-1.317644154681513,-1.351854108368049,-0.43152761236244147,-0.5228468544070887,-0.4927722604871805,0.4544812200549287,-0.5061006011840907,-0.2987560779868942
2016-05-22,-1.4223338950881093,-1.397244750419937,-1.2688167163447672,-0.45170242902769214,0.4928894763732245,-1.4014782243132704,-1.3934991293768983,-1.342819461722038,-0.4938425057157238,0.6476454090258176,-1.2660166029468294,-1.2631426067668432,-1.1520270173962348,-0.6504008654727056,0.5184989906952322,-1.327960253345055,-1.2859854811318983,-1.3457498083638508,-0.2844258214703718,0.8553877091278285,-0.4456773989698038,-0.3478222417942824,-0.20334215049316576,-0.3398574072086846,0.2214133333386902
2016-05-29,-1.3722390603046242,-1.4151929804405006,-1.0940942122995803,-0.9648609872346141,-0.2228580453885826,-1.211116340219901,-1.0796986564101727,-1.0651253051611576,-0.42515005715203336,0.3748467654981662,-1.274310127315294,-1.3707968279626028,-0.996195832053869,-1.4447961304801815,-0.0530799599499718,-1.1677571600269019,-1.1665728078966675,-0.9862206152064152,-1.0619274977822248,0.3306274738188194,-0.1084130522286126,-0.22343240828240157,0.0,-0.22380135667392537,-0.4502766382157703
2016-06-05,-1.006265106733492,-0.7433351695739746,-1.3288381694110738,0.8932068434211609,-1.1477538904885256,-1.1367669156888967,-0.8404244809836002,-1.3538762984726354,1.0837808844903172,-1.227067379776957,-1.2177837979171637,-0.8219211386972436,-1.3177481757037348,0.6691195393992072,-1.0025926229280804,-1.279395558388048,-0.9054408356950215,-1.2912070015941797,0.7719801923525837,-1.1196268014382398,-0.4413875275866925,-0.3107932955077866,-0.6774439290316601,-0.2879389335692828,-0.41183459010421203
2016-06-12,-1.1631490891129215,-1.3651193463851383,-1.0311115861764961,-1.0044120034604878,0.4688576859410276,-1.160942030989979,-0.9992658671805853,-0.9964915780799928,-0.35836337101722365,0.3715618588395888,-1.072890690860496,-1.1413894555497455,-0.9150737789597198,-1.0565065780530314,0.30281773437253084,-1.1609951624330255,-1.094556322874555,-1.013102678143918,-0.7269410977716058,0.16574286461989235,-0.4969541426373209,-0.32269505294662504,-0.7098415825352337,-0.29800575235526366,-0.9126670467516377
2016-06-19,-0.3630040945102978,-0.36688316789627995,-0.3600171807779886,-0.1611613568996605,0.6737108161389269,-0.25770137810804117,-0.21667921310745192,-0.20740967405210003,-0.11815602846767422,0.49178198607175483,-0.1961129256040361,-0.2765498682429291,-0.15669049382493327,-0.3623195106067715,0.6236457419774033,-0.15117886298417152,-0.04851023639672393,-0.14679516868351483,0.20837285539406086,0.49112317427634533,-0.5187914174367408,-0.3809666991273247,-0.6115642896020975,-0.3608132599301347,-0.3793667742700448
2016-06-26,0.7158764032107932,0.48797588506269146,0.5863758423386887,0.12245380666741616,1.1047659985180116,0.6754588624095201,0.7649909183465821,0.41987592260452095,1.0871273632344147,1.375972939796311,0.6580344720810369,0.32265443242964637,0.6026591487951386,-0.220579055087962,0.8155104317225512,0.8274955463134699,0.7730983352709758,0.6095172297819177,0.7953111923441907,1.277400155764981,2.0036850101520836,1.8511491970105978,-0.20279812932570368,1.8601345604050616,1.8507463614113286
2016-07-03,0.57261008981717,0.7870005951264581,0.5021458519850968,0.8301595703600869,-1.1930813510035656,0.46759335633129967,0.792800238224098,0.4540542764506192,1.0808993972681542,-1.3990996904593822,0.2296445319233957,0.1586416669403261,0.5485295979335154,-0.4926475861329319,-0.6462695509654472,0.23757804248500133,0.2727621748978534,0.41875750736200196,-0.1799064372979392,-1.0082114536777507,0.15548424016798415,-0.1828150141407982,0.2534908544477478,-0.18987634138756918,-1.5883591604506964
2016-07-10,0.8925324498323809,0.8063876705361004,0.7474016937307836,0.5443309104103323,1.2107316085055153,1.1646963456130048,1.0260468359996389,0.8789862665749625,0.8837439865106863,1.1264549377730728,1.1004090425308133,1.009534274943586,0.8860406802029384,0.8485944197479326,1.3198304077412228,1.1849186106330651,0.9999808584088146,0.8661670826388981,0.902014024454659,1.076375487944237,-0.38715202202657234,-0.3730795428977433,-0.31924076976296145,-0.3646520674376693,-0.6106695154655998
2016-07-17,1.5691415924020775,1.2141033113908444,1.8066335657859642,-0.7518283923839084,0.8255065383850079,1.4753618684125756,0.9921407500911508,1.8560983837265268,-1.5959582184599161,0.3411349128721706,1.6033832846782639,1.2973881543616124,1.8022987679848839,-0.5725543942365232,0.46679557388805315,1.5510172793981325,1.2120924578488161,1.890370223171389,-1.4229050214582617,0.023572951179571266,-0.42622865743522226,-0.3205083768742115,0.10322795481850183,-0.32252316118623964,-0.34151118276048503
2016-07-24,1.168727655638867,0.9758184075869845,1.6233510298045635,-0.8536645142434127,-0.37280424584565747,1.1103559458901922,0.7363584086048048,1.5366315114366604,-1.3883674932521999,-0.06464810373052707,1.2112570722046507,0.9101503650171997,1.5353133170042097,-1.0069449530827383,-0.22108011041344466,1.1940944847068722,0.9668021854547634,1.347065595675203,-0.6870491307328176,0.24796705938806846,-0.6281277495883987,-0.4918472464003994,-0.8596170582794361,-0.4554807686920443,-0.23168758385109653
2016-07-31,1.1123272372646316,1.1762099556317447,1.1051695316846537,0.4245633498363429,-0.6804882488311094,1.018366818137211,0.9714367299975611,0.8735322398602208,0.2110778505792354,-0.8973028499177361,1.0742365474570599,1.4881402894176845,0.9010523453343225,1.7542325672697863,-0.7762997473581944,0.9049109344024936,0.8317430699720033,0.9468548530690946,-0.3273183495201543,-0.7978018775334812,-0.3861214998103498,-0.34404859506479873,-0.9716015812828603,-0.315295939356199,-0.5994809905913658
2016-08-07,0.2607309769451451,0.09472479211329687,0.6225130414018989,-1.091164579316265,0.006156468420702667,0.2796659841799616,0.0675799455617928,0.5231072172008533,-0.9062146890144529,-0.31833802505652764,0.3892877263831822,0.37678249118746016,0.5854795343057636,-0.39545720662030526,-0.33601963987020217,0.4407795774047033,0.4051819951448386,0.5858462301864524,-0.579757961926493,-0.5197926563914735,-0.5778730295802499,-0.4619341672870622,-0.858285142859984,-0.4409068962004653,0.05590049635780241
2016-08-14,0.11314532543221295,-0.22509602885081678,0.3855210966960903,-1.2459702925637128,0.41467354743986434,0.08509311388650259,-0.1657354904188707,0.39906604859312955,-1.0707605661243607,0.23390378891540234,0.3174138104575648,0.046448763917188864,0.47995229155817737,-0.9381089289063206,0.5227332035229619,0.32464427290281805,0.03460607924359495,0.6349167771666663,-1.6345650927257136,0.1829064650194777,-0.49910145694238933,-0.4330237152273937,-1.0079052613579393,-0.41417068426360276,0.11512021232879177
2016-08-21,-0.668745391489923,-0.3437165996547543,-0.7506095041292984,0.7632846524492486,-1.134606824744118,-0.8626278303501856,-0.6968836726624213,-0.875113329162399,0.5003213107768503,-1.1313217515016798,-0.7214637096730205,-0.5857518407429965,-0.6767932973423373,0.11321426472193723,-1.0628412004258283,-0.7666648880470671,-0.564860384849431,-0.7185162145224221,0.546113136779943,-1.2042075563299497,-0.46700526611625504,-0.40364647038624246,-1.2854388126925647,-0.37908279826382135,-0.13858469859605732
2016-08-28,-1.3338514595285995,-1.6437096846791197,-0.8866033880177647,-1.5363804685373568,0.06075384784577355,-1.2967701457779044,-1.8056463956809523,-0.8258474328950782,-1.5535269026962275,0.20134014060666067,-1.1812849907191887,-1.4808430638167271,-0.9036832712304538,-1.410761420598576,-0.08573829612308662,-1.1845448715234579,-1.7590576126764206,-0.826092636713449,-1.90790308832609,0.11763954184784119,2.3056706446842195,2.546221074192434,-1.5085960589122316,2.562986721908462,0.6719831539322788
2016-09-04,-1.093949916768631,-1.2088021148664536,-0.9378205989492628,-0.9084320461886706,0.3716100688025785,-1.105746306530284,-1.412486982896403,-0.7847243316135671,-1.2039103751869973,0.10303545708825694,-1.0659546682285068,-1.2207749409519248,-0.9358413261786014,-1.1058065400033834,0.20583839817872485,-1.0294629537197064,-1.3393240160154598,-0.7756812100241683,-1.353645393479845,0.03138550527914026,-0.1736671208614768,-0.3383372796065651,2.5619088963080743,-0.39399900760261763,-0.20741790041570715
2016-09-11,-0.7557252102747599,-0.5281319148839712,-0.9467622689470904,0.5442288173110262,1.0987114813451564,-0.6483581985367809,-0.7058906609092414,-0.7197249053379325,-0.1416990640848171,0.7649758167531532,-0.7175291450444684,-0.4552267597826504,-1.2089451471471782,1.1786126111392823,1.5638974517957156,-0.511901311784638,-0.4322088613714151,-0.7833667182731083,0.4904545535143845,1.1406398213144169,-0.16579170675886049,-0.2659101080320859,1.256439270874418,-0.294264154989146,0.08437992367923734
2016-09-18,-0.03936593996164523,-0.012403116172651888,0.12014960875793736,-0.20903154092742998,0.6842447897640294,-0.06358187317981162,-0.0719769931200583,0.08883211573952936,-0.23046804345847657,0.6652932418141886,0.17840955139988093,0.2745066335220059,0.29440281277727737,0.05334641348310651,0.8366916437024006,0.2620436491087415,0.3801326395011758,0.41899636918698946,0.04060026704912549,0.8224537490803903,-0.2224082174690885,-0.3709550357177148,2.1365136697482034,-0.4332504950061243,0.25074298990731203
2016-09-25,0.49618267514155695,0.20402701189438374,0.7969427994756958,-0.8834374154741256,0.281321780738114,0.3281585538101744,0.1858876261635031,0.6109603816117516,-0.5698520269176847,0.39764694218248287,0.5725340491561203,0.38341564073766676,0.6995524116272045,-0.4329485077310869,0.18000230015762414,0.6050295778524551,0.520777911070167,0.7122369102850067,-0.22130166640038743,0.17429494753659447,0.09181759160284826,-0.11550130482316645,1.3244489472544345,-0.16751807413895958,0.30283198952178697
2016-10-02,0.08212955298129211,0.029658364407020087,0.20533981913197125,-0.31173600565863313,-0.5744059663706385,-0.05051166661747756,-0.1203616031245549,0.006179153285924093,-0.23998852256251127,-0.5175306865980038,0.08609630144018753,-0.1621380382308208,0.2395961421999083,-0.7226997987116938,-0.49610473611151373,0.11617303738959778,0.17136387050739624,0.31552693369518237,-0.22710027402948152,-0.7986410496776124,-0.4071064274136733,-0.27882653601786833,-0.6645621031331277,-0.24838334267187637,-1.6357499799898463
2016-10-09,0.09425044370916776,0.1750785202312936,-0.3347922188126125,1.0706883150064423,-1.083166939152047,-0.002218692447113725,0.10562287266865532,-0.5057482648251523,1.2836952406167093,-1.4702520123384084,-0.06552172332897646,0.030593035314303525,-0.6064537191964632,1.1712069327486185,-1.7516663057232624,0.016683136378017042,0.4196096019363929,-0.5977264757405423,2.022820009971851,-1.9493189763607708,-0.44155493139517504,-0.3445786314163737,-0.8863586881253508,-0.30340193105531205,-0.5842606336653248
2016-10-16,-1.1456096715615636,-1.2376065797380207,-1.0068853275893719,-0.7030573673272791,-0.04768725506984605,-1.244224489319145,-1.361511835954516,-0.9935672859721985,-1.0028958311455267,-0.0746208592198555,-1.0981069469959044,-1.1982618227231445,-0.829939886282835,-0.9298669984119812,-0.19974934253083443,-1.0734989810148676,-1.268552072410817,-0.9048530548701594,-1.0499768107755787,-0.09771125222581115,-0.5252110761943202,-0.37473584691070677,-0.8335304742062458,-0.33473051078664035,-0.22948127036410004
2016-10-23,-0.21662906786945912,-0.005066621933800728,-0.6945571298543664,1.0594007705989525,1.4695294914603567,-0.10941280758071639,0.4594891471379281,-0.9474635121200462,1.915925127387614,1.9703409716247524,-0.01747520006032169,0.18324508024818845,-0.5307281258614724,1.0159301051888416,1.5245369774245519,0.07342439640527922,0.5573973853717045,-0.7561308071078167,1.806870140937691,1.9610011220104755,-0.43557339707339604,-0.3465936466178843,-0.36638702162911907,-0.3271017061170535,0.9124423963133641
2016-10-30,1.867181713657597,1.8552512476665186,1.7190270508121812,0.5106327688167058,0.9835376623719441,1.9487448055841674,1.8659282726538546,1.9134343213591365,0.34808342858265007,0.9275444204863085,1.8930208663578074,1.9395354476804452,1.8727721809467226,0.6049282906641457,0.9972254299757497,1.9121783851781287,1.7498599407467368,1.8637897344038292,0.4325117204251409,1.0119432049394859,-0.3940766119881402,-0.3559412974967333,0.0,-0.35254104701198485,0.21872828277328782
2016-11-06,2.9988361818954434,3.1331698668776067,2.555696956104752,3.1773781928692983,2.9142651348432658,3.0357142027214015,3.1770852032859818,2.6127027584524303,3.2044793303511807,3.016351863641013,2.9180855588016565,3.015441202924453,2.5288749886808795,3.0346891818375017,2.5944196859982323,2.9287433073584785,2.9980359455959222,2.6020818991213535,2.924514271621902,2.393104707436022,-0.46322146849675705,-0.3382199471106622,-0.5256862245050231,-0.31185506257557066,0.7771039414429444
2016-11-13,2.3957576186649794,2.009148301641892,2.739149508546094,0.4025880160488781,-1.2596133848560573,2.278757299791877,1.746565062604695,2.7539341743442822,0.060892330539256564,-0.9255541404325475,2.3529654251402237,2.0972916674623674,2.7298496280999274,0.029336293188674503,-1.006937085726585,2.2871415410328675,1.98744309147722,2.7064175948269034,-0.21022459448278819,-0.8794085959876514,-0.5285237779026458,-0.38734466868768924,-0.9336088223412183,-0.341962529120406,0.2574667598092195
2016-11-20,2.0438841843317053,1.919749593757426,2.2554974684308657,0.6996169870310223,0.8830484729388993,2.022970344963619,1.75566596452264,2.179703203807207,0.535870855537328,0.7143485184585135,2.1553061662478576,2.1473607158863808,2.2269619758379013,1.2225309226146654,1.2979440398942483,2.1356332781945744,2.108924474599754,2.203115413393395,1.1140942562493572,1.3508145852398017,-0.4436978890700272,-0.35345488285929,-0.2744680664688961,-0.33764729491543416,-0.20624640072651532
2016-11-27,1.8649065163305703,1.5883940048092666,2.0155967438163565,-0.12006915338392651,-0.7997981244034209,1.8752015591588815,1.6297715382614173,2.0696911452954456,0.08172399930413039,-1.0680815782935595,1.8539948989651514,1.749244856795691,1.897129599782335,0.6830377065219827,-1.2227892028295546,1.7905197107666762,1.6442731675737277,1.9802655956411068,-0.19014728872465197,-1.070590209112357,3.285829642850909,3.321662983423726,-0.22873746613337426,3.3247163782147733,2.202577885761504
2016-12-04,1.5729356989078476,1.3716127228058272,1.6974870187123485,-0.2885952050369,-0.10676679801601624,1.5917851928318993,1.2970212240802865,1.7535826019733245,-0.45619425920320655,-0.6311359923066321,1.6262761717577408,1.3952447273576196,1.7954475217806982,-0.7633632158695648,-0.20002013802056687,1.5483538461356494,1.4199826870598724,1.6276788249685596,-0.20193002338322344,-0.8003177511960039,0.030972431319404543,-0.18224052187551174,1.9994575132131358,-0.2380899854461341,-0.08989608192231985
2016-12-11,1.1844846251525354,1.1602783310387172,1.3017613650648743,0.06529346780501992,-1.0834079504880458,1.1375344447576676,1.017191257282644,1.1967287590060727,-0.039870300231159644,-0.8573353754610141,1.154678922655378,1.022589381787092,1.2173116897818583,-0.28222471056046916,-0.9375714525168061,1.0795358165206859,0.9540289827662811,1.1328325071357461,-0.3327479784876961,-0.8403464085669136,-0.058952415129423744,-0.2361827470225589,1.2562647401495237,-0.27315499493152284,-0.04733121315283131
2016-12-18,0.6220402963047783,0.525491739070405,0.7485436235357962,-0.42942003283945895,-0.6157199068120569,0.5481698433117996,0.4455046069845931,0.6919446835133726,-0.4050990692428749,-0.5122413925096884,0.5946947196875081,0.44237946812348194,0.685106608738438,-0.6703924028165379,-0.25034514089437204,0.5038203235384513,0.34114849598397445,0.6221542920078382,-0.8499936456857655,-0.3392391234594892,-0.2660230947580702,-0.2714855267171752,-0.43130702053553605,-0.2596047452190045,0.1638578002466183
2016-12-25,0.44802143769396985,0.3304130409753676,0.46446623070245413,-0.27626819961884225,0.17862952131102444,0.44770922143466063,0.23260406450244114,0.6192918521885528,-0.7763990744393252,-0.17291166192817337,0.5141359151971143,0.36758183344911755,0.5571508654370155,-0.5357599762299734,0.24449226572498567,0.4523272939711841,0.3173113161293679,0.5687590989389653,-0.7622908077105562,-0.20691723913321647,-0.2216924344839305,-0.24868983132043646,0.2055805440983433,-0.253611581701865,0.7564439870332527
2017-01-01,0.49794217647767514,0.36733853539107886,0.5801771453267126,-0.49799694167941483,-0.28172149664038676,0.4929410157578836,0.3379199220597406,0.6019890476558695,-0.495998865088246,-0.08089075301467967,0.5204702089954567,0.41589540537498876,0.5951206990677371,-0.5231257671487609,0.012162675997845575,0.5249676523497679,0.43028405343911363,0.48479178010255913,-0.13840687556475728,0.5470532187299836,-0.17940794394998383,-0.23139460395399408,0.27265226154115046,-0.23810535623166493,-1.6209880260526799
2017-01-08,0.6958811693138843,0.6582263443754454,0.6463691199002829,0.14891633073947738,0.6318099655774714,0.7268025851701023,0.6930421063396461,0.558754679831511,0.36766214838166644,0.7287970553626224,0.8061705708255389,0.8515068183897718,0.6589855629405805,0.7300630379007104,0.9917119575716632,0.9340148930688054,1.0390824490277746,0.678398919401262,1.1870289989933487,1.357593961386928,-0.3340210825819441,-0.2658851534783504,-0.6099388751555161,-0.2504546672550729,-0.434321797318942
2017-01-15,0.8191491910649504,0.7390417300824251,0.9260340716250847,-0.4313226937767166,-0.8209348064009574,0.6871268220827289,0.5787927724243274,0.7847993528033802,-0.35377308473606306,-0.6182508132778782,0.8138245991411845,0.5465254266092845,0.991658525200116,-1.1735099603977883,-0.5589229479354009,0.8552747467614503,0.6229110516698014,1.0470166688356586,-1.0669500247848804,-0.37495201410020534,-0.26749908387283466,-0.23236398214614787,-0.8349574300045886,-0.21144789691913832,1.877844423744693
2017-01-22,1.1421478296016048,0.8724356642696577,1.0987337096438239,-0.5361059429609409,0.03431001999076005,1.0249762600116774,0.7205257471837517,0.9562734289116247,-0.32488068196411324,0.038063153930022915,1.2688821897841467,1.1669104863026885,1.237824504764515,-0.3068755362891452,-0.1458165521338827,1.3122911783676001,1.162404964358457,1.283349059630718,-0.2914673881656856,0.07729362634733217,-0.2693619703512324,-0.16386936980701824,-0.6732353370830179,-0.1467089149809234,-0.5146670019962453
2017-01-29,1.4014066104002478,1.3563029288942121,1.168826216840956,-0.38730744653028243,-0.474982641659543,1.3373231696207897,0.9514277472289664,1.0263477891966688,-0.2899919343750517,-0.39678312991428094,1.296269923184622,1.400109539119361,1.005781743980361,0.2152357112794721,-0.6576127116545235,1.487038678638615,1.5015708056573844,1.1801670326000064,0.262622171606451,-0.5688716591275448,-0.11723794463420426,-0.25739431594871975,1.226348595956464,-0.2896012540455485,-1.7095038619627985
2017-02-05,0.8556267480567719,0.6339844163402526,0.8584145439195072,-0.7122985056202862,0.8138886148934709,0.8895656794492628,1.4851034059189625,0.8511637107827913,1.5519212174151267,1.6259798933175904,1.0855372634845626,0.8463093334886208,1.1287570395085995,-0.3166209149108059,0.5098716185803138,1.41397748976763,1.726119687235352,1.4692622412810188,1.2495974455534054,1.2370245847801307,-0.33764624124806353,-0.2843524767971656,-0.2860222720583936,-0.2759623366465458,0.233003881931992
2017-02-12,1.6614057514633032,1.7240245660300937,1.586622489086717,0.5395379787556757,-1.258721680117034,1.5592855989054624,1.3238713754167961,1.7131256514616415,-0.20735502039382758,-0.8344570476621357,1.7935764223956343,1.7805794629203007,1.718998318095281,0.5555500414963455,-1.5152633635106114,1.8570218856935545,1.5589303776534185,1.9454971279165814,-0.18559754010270305,-1.09097777430373,-0.17907154712552828,-0.20239269209975472,-0.30169889330626026,-0.19421284450299384,-0.7614019739371761
2017-02-19,1.1852486747571975,1.0284237458660979,1.0615474001665468,0.09383450240245687,-0.9429938086564246,1.1090515065658055,0.8764784271276798,1.1848927204701771,-0.21760926272437936,-0.6638297233772339,1.1438784809751725,1.1487158997489615,1.0051046807918553,0.7530847649803072,-1.1445789081899433,1.1950357062785144,1.1316672950454247,1.0442148950372423,0.7271142961228584,-0.9130406141780707,-0.5867148748214128,-0.4020953561661476,-1.6480084016557233,-0.3541478280522948,-0.7300093041417213
2017-02-26,0.8636130193529603,0.785035061199956,1.076483340267892,-1.2342588135918713,0.24659917161002812,0.9603949282865748,0.8854403325093042,1.1686754421738061,-0.26071952945472704,0.1976648957075721,0.8304073361571651,0.7253550230136808,0.9832948173615758,-0.34233212424919746,0.26776529103664826,0.9747006357802197,0.8075197111344955,1.2332909869160154,-0.6698793208300529,-0.06116666652114696,3.287728477102062,3.3219295655559216,2.0317518461176145,3.322951608230927,-3.323350130392679
2017-03-05,-0.059122131770019105,0.3201884457977075,-0.2752660706813918,2.1241337521719723,-1.4384602264967912,-0.11589367201050507,0.1053629936013485,-0.2799715356201195,0.8110351637426566,-1.0168711675492759,-0.1993782542580021,0.0253663063807513,-0.26187788760786695,0.7164969063148152,-1.0965660321000072,0.09676389465850078,0.12703372957359174,0.2082327971726584,-0.13875164054549707,-0.8281060140601186,0.2631944069666953,-0.03536699513968134,1.8787027662764653,-0.12107226962311775,0.22756081991042332
2017-03-12,0.153099716817977,0.13987771940866078,0.017212343172734654,0.45491605504944715,1.138725025521188,0.22704650782309715,0.0249600066527212,0.3018417837648934,-0.5406913586915655,0.738526081590152,0.24773564476705573,0.22615391723355235,0.178939953233925,0.20883969801239222,0.897100131975215,0.4989331422713205,0.45228842520093254,0.5320985706146336,-0.018579194306984237,0.7674197572733952,-0.39171614341188304,-0.378239340216715,-0.09905459354515297,-0.3839739105621628,0.2585759833351301
2017-03-19,-0.012599398275734038,0.06743744607998882,0.04068644204422023,0.09082778593632612,-0.5615061413406659,-0.09893088485104,-0.15721237822457884,0.1800966656846446,-0.6451668174957904,-0.6072871006131703,-0.11938438792950726,-0.10816818739437352,-0.028032843052240918,-0.21643860746370513,-0.539181660289793,0.28459908082306234,0.14359233254805173,0.4916594455009599,-0.7101232923117092,-0.6933696510819947,-0.3175356302994696,-0.336522181516676,0.29924117010487794,-0.3583097102993433,0.2889840696877998
2017-03-26,-0.04675940070893202,-0.28077883287068517,-0.22792566370444328,-0.11758772860251643,1.1337744398056424,0.09078907196110124,0.05720699801711079,0.017613886259916143,0.07047067901105214,0.529156576967529,-0.0618834502376991,-0.16028796598822356,-0.5423030038901978,0.6902194107020949,1.0557319347748066,0.46564397942058344,0.12604168467673812,0.549673128559726,-0.7876689631044522,0.0374781110897693,-0.244682826009543,-0.30992045894802284,0.19323739307889953,-0.32626889786532476,0.3358141345943041
2017-04-02,-0.6107293289234256,-0.9631396898849114,-0.5872432761611084,-0.47649490713464154,-0.12612335747299583,-0.443488017309883,-0.7252096087341567,-0.5309470296158045,-0.12047131334444908,-0.13824056145314095,-0.5161625286591552,-0.5862940384696682,-0.24362372213233424,-0.5557226014906426,0.05391065996239072,0.13502136627620098,0.14285218486374282,0.06310795566619823,0.09751007255483493,0.45940300425519914,-0.32381282281550167,-0.33029167792175745,-0.00623831410632437,-0.3384616770944186,0.23244274471988302
2017-04-09,-1.5095495167559814,-1.5145023915589635,-1.346895989536821,-0.15035174158241804,-0.7818962597519881,-1.742233870272113,-1.7461358023568385,-1.5468021347465934,-0.4994420556578559,-0.7938794361365497,-1.5334353705581478,-1.4356898150604327,-1.5826794414968193,-0.22045118620818382,-0.4915788240641963,-1.2454817209677556,-1.2393761831057772,-1.3855339278120125,-0.3207047525838767,-0.5657920857004144,-0.3918128045657465,-0.33874375531911494,-0.7287916277256473,-0.3159088219827495,0.20950362249453958
2017-04-16,-2.0219170809465616,-2.132725763428542,-1.830607464791751,-0.8358679012603284,-0.5228500945264991,-2.087202701308714,-2.0644594567782737,-1.924668903516767,-0.6326803062608015,-0.6838703252758843,-1.865597949114026,-1.6381805408727632,-1.5912528116983848,-0.5669754079750163,-0.7627765234876204,-1.894635943105487,-1.5568430793907515,-1.7091264581379588,-0.03623179157396694,-0.9315639726274484,-0.45215196948100256,-0.3391291238009674,-0.9442465778043869,-0.3065054727094683,0.32760462164176457
2017-04-23,-1.3498478726835081,-1.6213624833596614,-1.3604493290787394,-1.0248626515945893,1.02285840039219,-1.3667097323259794,-1.6150368701683622,-1.358261138767594,-0.9849758519649248,0.8935597317046361,-1.1710205368780586,-1.4403490095827203,-1.1048574496414787,-1.5163053402785953,0.960160909868252,-1.1815708643982992,-1.5837373499780378,-0.8995902450879691,-1.5472990946229515,0.46268014774839605,2.513189525447298,2.5979298942122915,-0.6694529239595467,2.6300451099795854,0.8628236694649939
2017-04-30,-1.1486940560645258,-0.41954614446331984,-1.6193168341120572,2.495812186376338,-0.8945378905991843,-0.9106137221983845,-0.23220765566889445,-1.5024274876674912,2.168039728459178,-1.6937474987785224,-1.3956193014559328,-0.6970326730468986,-1.736515036135944,2.392431157427131,-1.2541954403081352,-1.3163127652457425,-0.4773282860458079,-1.8380757892379984,2.0325969125839207,-1.77923770190971,-0.04108919470414105,-0.262475868320253,1.1126222849240697,-0.29466046198568535,-0.026266183214780914
2017-05-07,-1.8946124421472936,-1.9483316099205268,-1.5878537788221396,-0.9572817746201817,0.05440445544792283,-1.845475266855929,-2.05925174675004,-1.5900819190567526,-1.2643632167715126,0.2901692806288313,-1.7648048147284572,-1.9465470311005117,-1.5466133333683114,-1.4421501121597573,0.8743862928508832,-2.034231581962427,-2.1847850032386633,-1.783624162511728,-1.0306506022413247,0.8530565932083776,-0.41751540102424045,-0.42410315828805956,0.012007519061135504,-0.4263177504195111,0.19751636586770335
2017-05-14,-1.2861248761017927,-1.5969369150684347,-0.8693585343646066,-1.6195127892853285,0.5147878135799864,-1.2126779829712329,-1.2706526583709874,-0.9785431262475612,-0.8288769932501889,0.8480382656228472,-1.1318755100916251,-1.293442477186348,-1.1448860653288424,-0.5925635127245196,0.3747151651796168,-1.194036821120526,-1.2474291914336444,-1.0513890792442047,-0.5522619418008862,0.8088388032968977,-0.322630552498847,-0.39325508423032507,0.024226412071428657,-0.39565268879418547,0.3106056077221284
2017-05-21,-0.4119255009390024,-0.8245951405721001,0.05203172213444485,-1.4492325528465786,0.5106992394547786,-0.39830406081781683,-0.6386868828916235,-0.015940667451948075,-1.1721925237381268,0.09677192194126628,-0.22037957768076993,-0.6636766906748349,0.19689388752905918,-1.5773231329458233,-0.05600313462694742,-0.46679029530176036,-0.8282832693003472,-0.3432016902074101,-0.9149293993012059,-0.3428361750510511,-0.3693186811645672,-0.3773249313379407,-0.34806813649033264,-0.36998016342503326,0.27204405808987564
2017-05-28,-0.5726591367014258,-0.8385190524636469,-0.053030937108462246,-1.1619940346868627,0.3300068246851016,-0.5572787982535515,-0.9017223028987982,-0.1491346468596341,-1.2236916281121664,0.4694538273863724,-0.42843456225817456,-0.5710202673632662,-0.1679264463544186,-0.6934710146524887,-0.1478348243904081,-0.5609922236963915,-0.9255676127945509,-0.25327057525642865,-1.15287736277205,0.26299841404689456,-0.2615731809463416,-0.2933287681520964,0.14512825890298167,-0.2949100579311071,-0.4975710946665003
2017-06-04,-0.4817440740193177,0.1351139656334531,-0.41141667247000235,0.6511340411043836,1.2235900415543444,-0.3310308180145058,0.2632325952557385,-0.4680606331203408,0.9734171991135036,1.479147993906885,-0.32673899081719,0.33593076625120993,-0.4305864083663661,1.0866676200788852,1.2224425261172225,-0.4160098466075337,0.19300660276505077,-0.5798632488484314,1.084721418574682,1.3915331097921384,-0.451807438696898,-0.34882073345893355,-0.7456882956784985,-0.33381400263684924,-0.15589359035611694
2017-06-11,0.24788172110672058,0.20958875293966342,0.2502737256479565,0.025059364101316435,-0.9985033071639472,-0.05194456826574037,-0.07320863568524905,0.050091165395776655,-0.16313022267000413,-0.6881392482037935,0.29682778345292776,0.33919680293249355,0.5972876123138233,-0.2572613221376285,-1.018470867082949,-0.2998393680589044,-0.2585309925777461,-0.17903993213652222,-0.1440492085592293,-0.8351127309719605,-0.34736765403009556,-0.3111014018359027,-0.4202809603430916,-0.3019725306844247,0.18229722928646505
2017-06-18,0.35613636960617223,0.6072828494968268,-0.104447034982743,0.8551280983439724,0.9633492115291713,0.25436011505396794,0.20106398622854219,0.7264966110222929,-0.44302293951495647,0.8640031079830938,0.5177962893810091,0.6639255416791603,0.3060822728736755,0.5477219812471703,0.6757506628509249,0.07987846585842265,0.011607535553398498,-0.10798452444559707,0.14243223280376976,0.5887521167750079,-0.42927781138505566,-0.32410962143095845,-0.7775017259948244,-0.3086878197704928,-0.12942313299327765
2017-06-25,1.8579814098476273,1.6542661332922737,2.0218285718832187,0.06462535612011491,1.2739220908912587,1.9357356751770474,1.6870523663574837,1.8781550826185922,0.46251219218275186,1.2479759575927407,2.029141358997953,1.741508076263368,2.010833795974668,-0.27665743391736214,1.1336166403002488,1.782948013895265,1.5192694062946337,1.7604288143380171,0.23796383289631737,1.0940663362067815,1.1802881231118165,1.1790202983182183,-0.9097806150696008,1.1888673992604575,1.6082709218201763
2017-07-02,2.036103744461201,1.5492010070215985,2.24742879728875,-0.7413177776176064,-0.4263972011651077,1.918150192230553,1.493908463548674,2.150548277785445,-0.449353998705115,-0.5170833596594264,1.881624857374505,1.6610954787318069,2.0060728168127975,-0.6012259695145716,-0.7961777738325581,1.6516917700644589,1.324874410969907,1.9484826350172129,-0.48709936787204544,-0.631935720715041,-0.05074572466921476,-0.23471552193540018,2.084548889411577,-0.2790406222060055,-1.1692460102096929
2017-07-09,1.5486039052319673,1.3467910662168707,1.6256809261816503,-0.37312594779775854,0.31222568754451985,1.6291449023811226,1.1091467978252436,1.6140737615442882,-0.5322613484954412,0.5790845007727202,1.5745371085665865,1.2729799425880717,1.4962019717597133,-0.5105564313659011,0.681306140209068,1.6653935166711602,1.38113888097997,1.724596682541278,-0.30718843693701625,0.725970430368399,-0.304412965842039,-0.36349997767453174,1.0084022226770462,-0.3833369718714085,-0.57924571675324
2017-07-16,1.981290687153884,1.7354980776698805,2.022265285032132,-0.6693789605039043,0.5626344773810612,1.9727928666422985,1.6084571109871053,2.0893158592129533,-0.8300292882193936,0.04165877078712436,2.013139779304824,1.740328160105462,2.0683605921264867,-1.1479653664604454,0.25663822793555513,2.0767564297192274,1.7632662857562527,2.234812580399945,-0.9636389569276795,0.03630168634324986,-0.49493198480136386,-0.4322115816720427,-0.37302766798492976,-0.42077382664643104,-0.33285594461455065
2017-07-23,2.345166588371336,2.5956731945792235,1.8380941391879115,2.195980875212804,2.1548862449051387,2.4916932350357515,2.5567692721144923,1.9125688902517373,2.042679749113647,1.718382816599753,2.336443661582813,2.57577502712991,1.8495397536524454,2.0875213680468523,2.025052649945809,2.529261439956359,2.5899882797359433,2.0215223354986795,1.9378035748056295,1.8501135499572252,-0.10383891835922111,-0.21653799555123965,-0.8997332686229195,-0.1717660618924841,0.03448113105367164
2017-07-30,2.2221803938114864,1.9450738710873525,2.4787644894883902,-0.8892819087235614,-0.7296881566963649,2.124174765030133,1.9733438976414346,2.4782103764412424,-0.8861056270960191,-0.644877548938831,2.2244220015240614,2.013278386510016,2.4219766425188807,-1.0064983060357098,-0.7649907296555659,2.1188498225527224,2.0307808941493284,2.451545252775404,-0.8928204963311795,-0.7046282205430581,-0.4819340063751449,-0.34525182887155564,-0.2378985059953278,-0.331720115594161,-0.16748586149267114
2017-08-06,1.9766526719892425,2.0996517976710463,1.9980089852837943,1.0298482777113072,-0.4059660957288664,1.9730939254909146,2.1157320417188656,2.0916373084871887,0.6606290756576579,-0.43585962737528855,1.986170193364092,2.1839376637468124,1.9485999666062983,1.3865408210338428,-0.5074474534486682,1.9014869003079524,1.9045873307401684,2.050234630801838,-0.4670465888237762,-0.3731280688429674,-0.7031924665397192,-0.42418400305395604,-2.23403750136249,-0.29868616973197415,-0.018539679857764314
2017-08-13,1.5821494429967895,1.5313636444327188,1.5974401657232415,0.25979976344995487,0.08795673084404165,1.6063254524500883,1.556342309963144,1.6186811336201614,0.17823000570847677,0.3899938867143312,1.5553873932319373,1.422046338436891,1.5976421931682594,-0.2759123651172197,0.42420635748691227,1.613284915909911,1.6494574759230733,1.5670892991206091,0.4631541749519304,0.2227794209731244,-0.5743179012916618,-0.389007272197779,-0.4677111013320401,-0.36086614556691904,0.05090584051834683
2017-08-20,1.6700255050841266,1.6481360376016754,1.7188026781049537,0.09999428489783355,0.862112809708308,1.7247540916142028,1.7153811231951508,1.7562082471699896,0.18107538923848096,0.39496721461082224,1.6998587417180873,1.6797702135135493,1.7361776014768902,-0.014131262579827804,0.8046848490785016,1.7219458637902734,1.7698650906539342,1.770576123087321,0.05662045781267547,0.5216905506241635,-0.6449843485389498,-0.3884592042142536,-0.8123477759748617,-0.34143170970935416,0.03739242337996848
2017-08-27,1.7996177547861891,1.6102309791784066,1.8518952976521843,-1.1386300388170494,-0.24378491303058591,1.767995748840999,1.6956323110767595,1.8329899462982073,-0.7075110165894571,-0.08946318820276622,1.7850588887932552,1.6356430692910409,1.8430190277859555,-1.0953282595181215,-0.36157899406959926,1.7449768479732464,1.7503102358472196,1.8079122338663005,-0.5990080145333037,0.10657716846743222,2.922437540190825,2.8398796662491117,-1.117626480243042,2.8468763142610807,1.7015874885446503
2017-09-03,1.6353455751014394,1.5579077429562156,1.664383523950235,-0.6776854040810328,-0.43845043161562813,1.6206735630097457,1.587369524108758,1.616500639873833,-0.0732048105409511,-1.389187007135182,1.612183937320222,1.4886953377495167,1.6595570190922169,-1.043151827981074,-0.27782768655501555,1.5453957967793337,1.5838890568932202,1.3525560550924478,1.4752645140503662,-1.7394924225986224,0.019315452271740436,-0.21950989621453204,-1.475997454924995,-0.166912560854003,-1.828812357199558
2017-09-10,0.8873386134987543,0.9554921981738373,0.7297441161378571,0.8682121973171906,-1.8847935132163105,0.8331903438345679,0.9254267196401699,0.6788322969594828,1.2835965145729742,-2.00751136086364,0.7329621922499095,0.8818692831185857,0.5774939902036904,1.1909384522542668,-2.227278974091625,0.8177567980217612,0.9925484561009584,0.7602359547581302,1.3141611114314724,-1.919438892114911,0.07542440592452314,-0.28272368996858815,2.415931096683728,-0.3990397590800052,0.22846920836108292
2017-09-17,0.41605985333548273,0.32626455034484503,0.36552089125101206,-0.14425838147059394,-1.273991570130552,0.3655285249374922,0.28850547123433057,0.4529088314278326,-0.6833828281497951,-0.6353208665829531,0.39129778403641174,0.31507331540381633,0.2661767546257549,0.1795118065140139,-1.2219761714002282,0.4868281553027606,0.4024578437006799,0.5597317578105749,-0.5697770736155865,-0.581150916583481,-0.18057544160416758,-0.2959094574540467,0.8820995825994147,-0.3372346001818465,-0.4948440825141189
2017-09-24,0.23594555208754853,0.226321574020746,0.30267085684895306,-0.2592350277088323,0.4121252924819179,0.2449666937234652,0.20520067619722343,0.2722335882012014,-0.23762505650700022,0.3210902972450823,0.19591359115452656,0.14019965765822515,0.24921258456437545,-0.3801214581939137,0.3336554858733927,0.31888186571921157,0.3587982533008167,0.3957475113907389,-0.047030192250716786,0.20411367556775795,-0.07253254863553124,-0.19972196768810138,1.0624819806411219,-0.26002042341242515,0.3424259479834479
2017-10-01,0.37547715297721157,0.5251549591485362,0.38497770634787837,0.39607666805935915,0.8648776948413495,0.37023904342581493,0.485314737762312,0.38062802048137523,0.4048628304710021,0.8858061151467109,0.39930788236224113,0.5460970137300379,0.3910820290291941,0.4342264887415193,1.0507483774636588,0.5051813908929705,0.6530528256111016,0.4841371492028169,0.7178209132262824,0.9907295466563494,-0.2881215400124665,-0.20640814580897804,0.23809747622644128,-0.21679874488523965,-0.9657752381039538
2017-10-08,0.9888303558740105,1.0775438734185616,0.8262171207006782,0.49910855123485837,1.1096364279479372,1.0188663991568654,1.051124581838215,0.78527902678125,0.8033743409118707,1.211819279850957,1.094559021575899,1.2227372178550142,0.9156396169918909,0.6605789387120958,1.1373264353990458,1.2217163349945923,1.2167510250527864,1.0614898279429579,0.7357322892486695,1.1333384619113516,-0.3474540848175323,-0.31570454942249754,0.07773365710695197,-0.31567854129013606,0.09724170969451094
2017-10-15,1.9060233647523785,2.024677489633928,1.7170587654603722,0.06927140711653908,0.23458961054702643,1.9131915791892884,1.9336289596445095,1.7924550268047093,-0.023556062051185017,-0.9290693915978293,1.841196776607535,1.83966747264263,1.7327082397560731,-0.5248367944198242,-0.3662450751542146,1.9511081344444456,1.9614728650652404,1.951175627522391,0.05835856796258003,-1.1701465811683196,-0.4168824879486345,-0.3600617820336648,0.19402320215484536,-0.3658637977472925,0.25823381358135034
2017-10-22,1.5747900863611843,1.4080497367778633,1.6505639618576335,-0.9760775211346086,-0.27206197586886255,1.4637901223207581,1.3168671649852328,1.5977271255718672,-0.8998179012752453,-0.5147705489979242,1.5482242138928504,1.590458005160169,1.128316864572864,1.1910799007759558,-1.2149854714611943,1.5489847269274355,1.4209327781624748,1.3550793053384707,0.9353439380262978,-1.2268801313213873,-0.45007648254816063,-0.3621733354136322,0.012983728600114434,-0.35758295437899484,0.1429969768238419
2017-10-29,0.9648589838910926,0.8390791460802357,0.8525187628599293,-0.3916636833814682,0.6688047831133677,0.8780170888638285,0.7940061297708954,0.972838480311182,-0.8716936997543205,0.47347793310477293,0.9814475216822961,0.8939639637962682,1.0213122102853867,-0.5576589359751547,0.2696783085397977,0.9177839440554996,0.7644034657817177,1.0821980550689012,-0.7654959388801618,0.08342340857648785,-0.30357778630177074,-0.31594112245953165,0.1729124578868214,-0.3209156813363955,-0.30119205690867706
2017-11-05,0.6923206039180175,0.8295618266537819,0.7073832989228541,0.21407653591942571,-1.529654590153165,0.5559719679008309,0.735647733916487,0.6120808683129424,0.38114820492305274,-1.172125970244842,0.7153053435606341,0.9351341422068009,0.717458647672442,0.5751416619066122,-1.2475160606870284,0.5793258577975118,0.7860342288678533,0.7248868024149034,0.3683803456099828,-1.0296913878766658,-0.5492155179869411,-0.3911166654772938,-0.5411940839701718,-0.3562139774707075,0.14740279636239148
2017-11-12,0.581054008566312,0.6189739233836149,0.24185829514554796,1.1195363720759275,0.6474642555642233,0.5213141031026675,0.4852718709841414,0.2589406634246299,0.7309156628377808,0.2780594144561051,0.5946144267414739,0.7784977573508746,0.3706473654914809,1.0225855433678934,0.8124392029225519,0.10663608210925193,0.17131005289489387,0.28390440721013804,-0.29784367855946525,-0.42909178642018503,-0.5845615201099456,-0.3929191488258302,-1.342789411931279,-0.31132919178656615,-0.13286760871834058
2017-11-19,0.44374900836383496,0.4547954230464652,0.2378737591652887,0.6138729829974288,0.9946667832269978,0.6250667878559703,0.7716186590391875,0.5383328137069596,0.7410683986578545,1.3154086473012458,0.5941418831635172,0.606040844533391,0.4105140525421836,0.4731847219446167,1.0749510601119656,0.7001300414872763,0.6724035386733814,0.6600226175046053,0.1490016336969987,1.3241361553134985,-0.4978152712884308,-0.3802200917884531,-0.530139229695928,-0.34448226104251367,-0.018087335302634042
2017-11-26,0.3299008677682315,0.4510833204401919,0.09656677200567648,1.1784968131216396,-1.5009162935972573,0.33525582196885845,0.31685270509331376,0.2497977107745945,0.23104657247992372,-0.48309056567225817,0.36854555081606777,0.5787284805514888,0.13930091096718625,1.1994636521119926,-1.1390013248138804,0.05204465499952837,0.24013467282685202,0.16371669636387665,0.3128715652210037,-0.5125426212098689,1.0639307511156977,2.0965532992086917,-1.263602129097114,2.490116851962358,2.6595779480443693
2017-12-03,-0.9081380902206153,-0.3770429078875378,-1.0313757772912227,2.114012983424023,-1.7342584541685406,-0.87402389976889,-0.28870431476683805,-0.8368543981339527,1.7439512812978974,-1.5290691033146182,-0.8567050081618844,-0.31137649913987553,-0.854336339071098,1.600290822326906,-1.3634544299036258,-1.0329196661439077,-0.45107141578738574,-1.1851794787044352,2.1794705718805787,-1.0489070905566114,0.11519229700223621,-0.007978122074047153,-1.2670006581689823,0.5856289837369947,-0.2703377684484709
2017-12-10,-0.6305714941044861,-0.6889958830980731,-0.7883763121125746,0.4271630724198598,1.049581550707168,-0.39992510417346305,0.04337916489150277,-0.5246891385886187,1.6469244193025978,1.5592264521618768,-0.5716941286383773,-0.5369496943248537,-0.772023923925135,0.6524280499883868,1.2832693856534036,-0.17003504530563932,0.188094179781684,-0.32421011841236247,1.407111228237842,1.6557349509472945,0.6221116344274765,0.3299623736288013,1.0263890438662755,-0.06887215545643922,0.19610665570165026
2017-12-17,0.8540624453057243,1.0181798909111552,0.8200919846294925,0.3410984975215343,0.9000689258719698,1.0290973961848926,1.2257147156525603,0.9459174723006578,0.5936704559436101,1.0278092632543672,0.9029589506656239,1.04298158803457,0.9413692929730227,0.2911118749853944,1.0101525445522113,1.2932286018149168,1.387251486002741,1.245621840393687,0.21245176813497169,1.0901252636779561,1.040163737028615,0.28704957923240365,1.5296092562983572,-0.3439044124919636,0.5118563260712309
2017-12-24,1.8878476018368515,1.8007952926097077,1.931008364767466,-1.6633517078535158,0.09730209347030941,1.991188668621524,2.0671217540297073,2.119648298357665,-1.4978394963503745,0.03481894193750659,2.0042638566775057,1.9098965890219246,2.1196284479560483,-1.7679351738589408,0.22119623738937186,2.1240492239549873,2.0848090874652967,2.2416951610052336,-1.8942518643905282,0.29810973100100596,0.7874475963770398,0.13162326475407074,1.1191409400005914,-0.30751291198937125,0.535131850085807
2017-12-31,1.5804165591084072,1.635776431821793,1.5124526120569861,-0.8895519566131529,-0.7741487283745015,1.4574798767555937,1.479989621261243,1.3686931761500563,-0.7816462774691738,-0.8509643436142814,1.5644787546340313,1.6164658163773467,1.6370831345995236,-1.3058227440628387,-0.6142247007165734,1.5560323852976727,1.5069237612748947,1.606215510894659,-1.469358268486743,-0.3756395923704292,-0.1363196353181994,-0.042896495021864774,0.2136779251516086,-0.11984215199704165,-0.5154860426422703
