Date,CHEStock_Open_average,CHEStock_Open_max,CHEStock_Open_min,CHEStock_Open_volatility,CHEStock_Open_change,CHEStock_High_average,CHEStock_High_max,CHEStock_High_min,CHEStock_High_volatility,CHEStock_High_change,CHEStock_Low_average,CHEStock_Low_max,CHEStock_Low_min,CHEStock_Low_volatility,CHEStock_Low_change,CHEStock_Close_average,CHEStock_Close_max,CHEStock_Close_min,CHEStock_Close_volatility,CHEStock_Close_change,CHEStock_Volume_average,CHEStock_Volume_max,CHEStock_Volume_min,CHEStock_Volume_volatility,CHEStock_Volume_change
2018-04-08,1.1773719227617774,1.3039978718627308,1.0210586689662984,0.13043622584611345,1.4224426941624413,1.266832994633534,1.1607929382032205,1.2985558721529034,-0.70222320080923,0.17794933358941326,1.2325425528020866,1.2888852655145169,1.1537526991125178,0.2075194318346747,1.0723353898701702,1.225856258644344,1.0988715701300518,1.013859379149871,0.280440328607162,0.9585458433469323,-0.7063894830640941,-0.4762232258568098,-0.6775869797343465,-0.2662664257787459,-0.16230264119873433
2018-04-15,1.839831066977393,2.2200595527335167,1.495896402538178,1.4728197718889324,2.147385754977237,1.960350715255262,2.561581516167338,1.5052190759780233,2.5998900083845182,2.5251052880134472,1.8645113602298633,2.1698293809445923,1.5861095604548272,2.008820028092308,2.0381496699293034,1.8921772762075064,2.1545984411830146,1.7375887563975931,1.7750554324677537,1.6857818848361212,-0.40090332241435156,-0.014080911300404803,-1.5293541547305607,0.7972810826472744,1.73343587867597
2018-04-22,2.100516926582887,2.0200315644706546,2.1047656674688464,-0.6737492990204282,-0.18770738756804756,2.083929497726862,1.8518879896232727,2.139139224691712,-0.28614217374809336,0.3411159053239495,1.992734551271773,1.8197519106086848,1.9947744712819315,-0.3228035648879955,0.10980055838437568,2.0905288129618937,1.993408198086801,2.197971566988632,-0.27600629740975663,0.5459285904300951,0.7472736996317461,0.5664810204135359,0.3962470013825778,0.4854699009321875,-0.6929123088493176
2018-04-29,1.8648891773788385,1.7886815632087054,1.883725379137722,-0.8682686589145162,-0.23413927596314674,1.8767306958523284,1.753823940606704,1.9024026605392137,-0.12230003602302518,0.23735299817081953,1.8182780066589825,1.729327592914042,1.8268827567926353,-0.16505140884698694,-0.2561143923495211,1.8845574648908727,1.821552991746426,1.9235526460343344,-0.03234539489512287,0.5185484593710539,0.38092319503851535,0.03632164731325662,0.535432044445923,-0.22253409150138725,-1.034180348166401
2018-05-06,1.9120086189574053,1.998738622669716,1.7987034357848544,0.5624622723990265,0.9308109780414504,1.922479511060466,1.8829533797191107,1.798804112984649,0.6974074545419946,0.9445836869515628,1.9316794639393307,1.957258926620924,1.908065785959958,0.7381296382766308,1.0819566374361145,1.9481869397944047,1.953700308855127,1.8299115078944233,1.3853447893734199,1.284490560376471,-0.127617022046966,-0.5993586054927444,-0.23606507272229366,-0.6059931220806574,-0.5971196674651075
2018-05-13,1.871936336886202,1.8319702341378454,1.886629928185109,-0.03928412684822989,-0.05413973794189523,1.8502281133768679,1.6890366832920398,1.8747283993506152,-0.06571924787939791,-0.29009988222646754,1.9097655592675842,1.8375863011770566,1.918886099669745,0.07258984187504469,0.15070219098328533,1.8384156348171385,1.7302079518683768,1.9048313639118153,-0.43108670465518584,-0.07289186250371053,-0.9243463477417411,-0.29699852465133775,-0.9177901832718107,0.12913986355555854,0.20744190876451377
2018-05-20,1.5669950209499361,1.5963376455274918,1.5398115551087344,0.5218594703066003,-1.5301621906035114,1.5165612167356068,1.4739429247902118,1.602447876600444,-0.14365452989638314,-1.4161050447357684,1.5075162695444517,1.528723850424187,1.5378653170629148,0.25384943776968594,-1.6978633321010184,1.4680820032840938,1.4261660231294364,1.5472302022169044,-0.5083123939725595,-1.433822157739545,0.5243663804611952,-0.16910905101853924,0.13457037754754753,-0.28070214993437304,-0.41660585673276873
2018-05-27,1.2694971301619373,1.2017330432994577,1.2995972893751024,-0.5286475822300576,-0.09113228386445416,1.267485013151294,1.148064322329244,1.3083191722555167,-0.4434469792193298,-0.11725313606580202,1.2770090838788848,1.1679011072077496,1.3245612619899971,-0.8000628245978378,-0.1944585264174701,1.265102333884141,1.169696772381042,1.3425949658183345,-1.066586897965323,-0.3121886154453049,0.5400889972574763,-0.9363269851868856,1.762761267267427,-2.1174584059080357,0.5422113434462942
2018-06-03,1.1439972033689871,1.1132177923361795,1.0702799872462858,0.38666613912655545,-1.415047891348084,1.127445841402518,1.009692307748099,1.2184424766934687,-0.618022398353041,-0.5877805345990679,1.1322169956270345,1.066575398048499,1.1281778989084448,-0.26280482765578106,-1.3797371419757378,1.1099881923052946,1.0811395553566558,1.065834203811049,0.047098542991902255,-0.8761633522426159,1.761325099066341,1.1521274699981754,1.778381449901515,-0.042308937590058486,0.02011475431153534
2018-06-10,0.7971103351637437,0.7521225360904268,0.8624557054375239,-0.6801900265187092,-0.4117780678794846,0.7534162454631924,0.6726362830340342,0.7869194758474013,-0.4004935913281316,-0.3942220584872026,0.7789880724789461,0.7242270259942846,0.8618544153439928,-0.8740261073843231,-0.10931747610891815,0.7476712431618332,0.7167249210678593,0.8053144659325793,-0.7351506464120916,-0.4204721419126289,3.298967198248712,3.3249692619635147,2.040578316954587,3.325421042262388,3.315306731434677
2018-06-17,0.6861664186352311,0.6629357025689827,0.7301223671443674,-0.5347696798892916,0.13728269199537843,0.717807726764306,0.5795300995804664,0.8297193598279331,-0.962312072036483,-0.731335433834617,0.6139504527483596,0.4879856942810297,0.661629542139834,-1.022996740343014,-0.8785048887835253,0.6389695239457043,0.6582828451651076,0.5843668134732305,0.20120954480005238,-1.5636685115358904,1.9136824901162233,1.4539594682520052,2.349140607911261,1.3748044801522212,1.3202287600589915
2018-06-24,0.3898630579080772,0.328707842062879,0.43744017016493175,-0.7398506608418937,0.10969146355111863,0.3843907150545158,0.2846365648646353,0.4253488202117637,-0.5179118733568819,-0.20736018414196614,0.39541641235526337,0.3355001085489434,0.4181974374129259,-0.5899839797344744,0.2992915855120034,0.3976762700845981,0.3402632204672837,0.43658261941423404,-0.6859670110129074,-0.2531243213846642,0.2030482368106391,-0.20712014447628613,1.3385839576963974,-0.3032745226616113,-0.4778918279779741
2018-07-01,0.32573402805637136,0.21782460411637056,0.4436382199845969,-1.0743857340677194,0.06366986977835809,0.2530832892764724,0.05664101522028551,0.42087509602981865,-0.9139254262675449,-0.3708989471156716,0.3821785550520262,0.1569492405268935,0.546750263957698,-1.5822375084776168,-0.4553517403156921,0.3137798575368657,0.1002751074299614,0.4997681570768995,-1.642404195882787,-0.33428221534127817,-0.20238090644504125,-0.22490240772644346,-0.17479505217333938,-0.2226668498284725,-0.3449906197893868
2018-07-08,0.2874079105834098,0.21215766021991808,0.2057324425013209,-0.061342483139206795,0.028752440291756994,0.37098337590556835,0.24323517352886295,0.3857949431326575,-0.4247979215867855,-0.2740397406131549,0.4070577011722822,0.31547659954260926,0.4319391461936009,-0.49441005454682235,-0.14344444357043365,0.33661078157130836,0.2549636133978651,0.4070463333185457,-0.558571923110171,-0.4014595923307807,-0.11547188495321196,-0.24615602953568402,0.4978102136320212,-0.28541001371386976,-0.5176488898459367
2018-07-15,0.4453375409631494,0.29455062132614374,0.45580578256739207,-0.363069957484657,0.09744119561135009,0.4469110637767597,0.3451206327823987,0.46143040928955037,-0.32733155728094404,0.4033280450937829,0.616888455152295,0.5473122981109484,0.5826418986273587,-0.07259067642490154,0.6533603092892192,0.5465961762310411,0.3109515451832854,0.4251353948941524,-0.2849985480190733,0.623786758271062,-0.5228902157614972,-0.4656469007099287,-0.4402163488623117,-0.45690065930644286,-0.2900058873876884
2018-07-22,0.10820230035547011,0.43206870944859216,-0.045767717717361864,1.1261438207404717,-1.1171198547267818,0.2962807871761478,0.3657986889537542,-0.058945949078844685,0.6901277851622444,-1.438023462625875,0.10820494826519966,0.46762301291352815,0.29271707453933776,0.43454334259587774,-1.4780055264016614,-0.22508985457561959,0.4237800134160543,0.04822189727019994,0.5465268703370069,-1.3100651094633091,-0.37145557389519235,-0.38574321642109094,-0.3321538435911099,-0.38031822621230943,-0.2718728944828625
2018-07-29,-1.7959237651759663,-1.4475123399388858,-1.7945520317199528,0.42908412958264397,-0.8031230159825965,-1.75717654617604,-1.669168934942603,-1.5214747090855874,-0.29767685029813756,-0.724206334571942,-1.84352853836545,-1.8486771473370294,-1.9357294476469808,-0.6263469354026572,0.40207853288939316,-2.1299154466179884,-2.069462299481195,-1.9404075801881568,-0.11185987266024851,0.4293626099359599,-0.37832542684104536,-0.309113552755951,-0.2795685208597847,-0.3039991512193447,-0.564693483960106
2018-08-05,-1.6471321979930797,-1.5170128046062976,-1.5211349548848845,-0.5574617607090367,0.19520309154169477,-1.7415854798288337,-1.6527817764324007,-1.685715408280624,-0.6783863805681364,-0.4042951405774931,-1.4045209073594374,-1.4850552602450071,-1.1254865501237181,-1.5687320180885236,0.04287554330677483,-1.5500235130868432,-1.5938312084192205,-1.251407403868423,-0.9860555434856298,-0.6243388751330787,-0.7551435487624135,-0.5219399575425419,-1.450665234741447,-0.4571193896134744,-0.3134583851232194
2018-08-12,-1.5445708063511927,-1.8717279360322518,-1.234446566753636,-2.017507516171138,0.06334098316337956,-1.6343120727706284,-1.5610695053340358,-1.4657960564738959,-0.8782436901069397,-0.10022043372339366,-1.435949696584074,-1.2827788294544762,-1.5378601470531605,-0.4202934423988632,0.3750551786350244,-1.4709228264651977,-1.606396370617374,-1.4255672331111795,-0.7948264435204377,0.7984507657530259,-0.5901934165891841,-0.45510494951124464,-1.0618820223889416,-0.41171591495882126,-0.43085834978325194
2018-08-19,-0.7925615782832958,-1.2054235346121813,-0.42383907796012915,-1.6378833295649173,0.28321008183428553,-0.7753789369761108,-0.7062172358676244,-0.5736709099721995,-0.5065822549583283,0.9321261761882773,-0.3696163778350907,-0.6598222382519361,0.07443883132126732,-1.5301150871015294,0.0085623605857471,-0.5931390600336769,-0.9020789546245114,-0.16742356703826375,-1.3988026574574648,0.5648540376823631,-0.8018104799488267,-0.5388829908210645,-1.4796885667186346,-0.4703312706160336,-0.28308000731547944
2018-08-26,-0.3006689239566736,-0.4153837744081036,-0.28572912240647,-0.3838148889465422,-0.6503006060840212,-0.1552956812962054,-0.1135472022639873,0.011954440909688151,-0.29850738421611706,0.7886997617553247,-0.27858894849338156,-0.46812578889538725,-0.21090228270880085,-0.6275868725405896,0.5491985329267484,-0.3088953953975009,-0.22742486269773213,-0.6087515960112212,0.3965290632500829,1.3815586554947534,-0.72234968268971,-0.5370179693922366,-1.120095700966312,-0.48734469530515284,-0.34599078189513643
2018-09-02,-0.8377993592080581,-0.05302359223215785,-1.2239077710996338,1.3069423213780877,-2.271894975745452,-1.0419726043553583,-0.567743475657346,-1.0051953774788436,0.6448341310517617,-1.520796985522688,-1.150794024970952,-0.5068197671144463,-1.1809528164411442,0.8102796486149569,-1.5679778232972585,-1.3735734395947863,-1.179891282099764,-1.3549985563738487,-0.17372646956930154,-0.9826880677997791,-0.6148706251916871,-0.5039438248906517,-0.5717074855796769,-0.48836552501435165,-0.39517207437223906
2018-09-09,-1.4394664587454138,-1.2562905932368968,-1.5624162874643617,-0.06667229524631971,0.9637777033420419,-1.399042983405447,-1.1138874397872396,-1.7423655561246711,1.2313500789048404,1.5273957532557525,-1.2038925077619247,-0.7537641866308091,-1.3130441176044048,0.65720343519811,0.8477379668843973,-1.083001969666068,-1.0871150790514617,-1.1964143187751568,-0.22801846352044006,0.8733103542727195,-0.7316206781002872,-0.5395557511123903,-1.1515442691474593,-0.44518991962805554,-0.09465686138704871
2018-09-16,-2.004403169048922,-0.9299859033295773,-2.483632468935963,2.0790056020195835,-1.5683334670015137,-1.9059510788781822,-1.410135733303741,-2.21045007287038,1.8963767171348962,-1.1003538443183207,-2.213214283923528,-1.6778036501078875,-2.379407153092804,1.5139008539056138,0.39552511347744834,-2.0698817368880653,-1.8943658658710811,-2.36344411259155,1.0529322761681332,0.4019437042992776,0.011355114422639692,-0.1958296577727167,0.10142792206564391,-0.3352969338166979,1.204513011512282
2018-09-23,-0.7824617022598418,-0.8699388723947227,-0.8330831711174169,0.0386460823076135,1.52068184676442,-0.6091197990178017,-0.7049019073864139,-0.9771772670674705,0.7259771709738969,1.4024064228778195,-0.5850190551999063,-0.3387311240298161,-0.6397964465102634,0.6334154121680099,1.210246808122662,-0.4080716667928242,-0.40027743767684065,-0.44282789029527575,0.10705986949271654,0.9031039104814509,-0.5665858905836632,-0.7082271166296793,-0.26872546939011954,-0.82790595590034,-0.18278151748143395
2018-09-30,0.10429079027542577,-0.21575703221747625,0.03398070391084112,-0.3131604815265883,-1.0299421435032063,-0.1657195741610182,-0.3732002929702449,-0.03581144588602256,-0.728195593076811,-0.8825069985627993,-0.034600664868208265,-0.04346415935416615,-0.1766491016726228,0.288363106248913,-1.2436571360111166,-0.05630457531059903,-0.24107110368021561,-0.0414065112458092,-0.5337303446640963,-0.6907166499111238,-0.6601785050877508,-0.3455128174403717,-0.5839544906998921,-0.19790299921232948,-0.020074384548992887
2018-10-07,-1.4313069316564326,-1.1760961522208793,-2.29229492491391,2.0023855442631975,-2.2124679158759504,-1.4287374903547962,-1.0600471675631586,-2.215518059594743,2.613336749792731,-2.1123948982457335,-1.8117930183148436,-0.8695122101782261,-2.4331752810798077,2.8539971450638424,-2.248176839379927,-1.8470202680414216,-0.9047118431818794,-2.5345237500036455,3.0033689647218273,-2.0523995334344813,-0.3728608178935779,-0.46638276943048057,-0.3124900728269452,-0.4876878186858596,0.36945981528242183
2018-10-14,-1.993689880664484,-1.7848851591827877,-1.6761179260869439,0.559053616063417,0.5796377410314547,-1.8345833475046747,-1.9925396162889335,-1.8806022167923073,0.880699618686452,-0.6315655289983199,-1.999707519968203,-1.8692813823547847,-1.666160088145593,0.8035839535396719,-0.06467702549847275,-1.8279996361689121,-1.490887846517188,-1.536337213670173,0.9049693468522885,-0.6538765518485139,-0.2073410024254541,0.6561330355194944,-0.7424052108738699,1.2144199524856176,-1.1185921480771703
2018-10-21,-2.829039681592456,-2.81040272355155,-2.5751603907644407,1.4335667272645902,-1.6556344564146745,-2.8444904320180457,-2.7956415590187818,-2.6964932837832953,2.2584195297481027,-2.0331282586934116,-2.767683569177605,-2.920347553444792,-2.6386450184495587,1.829839269155691,-2.1824182488242667,-2.766533343110674,-2.8893704450961035,-2.452386076866112,1.1534548634930508,-1.778560293338051,-1.03128923385548,-0.6502283661909865,-0.887426597914655,-0.4554422881602386,0.5831263984169036
2018-10-28,-1.2145904086873622,-1.2739812818003038,-1.8320509542123329,2.0061850019444756,2.1419861801082964,-1.3903912327102028,-1.5250152499591783,-1.887338222481832,2.1444020755263433,2.2282730878446992,-1.635858230685628,-1.562534801103296,-2.3000553223600457,2.638998622607173,2.672032446682782,-1.509759335629902,-1.4220108902919952,-2.302188702360662,2.6578305647675933,2.636434299867659,1.4185270151811187,1.6087069796928057,1.0725151179848613,1.4246407701849018,-1.0801763314459898
2018-11-04,0.41477727477653636,1.121073858632117,-0.4297343029917956,1.7422095247252662,1.9692126612608158,0.7326839667159285,1.3456849739359618,0.3466958960136606,0.971771617709393,1.3666011069255881,0.28998309216700424,0.823858337734653,-0.2292803234774493,1.07635218775836,0.9348200726824336,0.723626037348369,1.1559584342866072,0.5256649313666053,0.19415644335345417,0.2434122259603119,1.6138456661758676,1.7542697357138615,0.7801511840737401,1.7790260669465743,0.31964658535226165
2018-11-11,-0.27419708016663025,-0.1240405816469603,-0.16323179581455013,0.1415036201505318,-0.744497835900814,-0.11407493391396417,-0.0799494536579244,0.010346136936671468,-0.12663368446636336,-0.37076305617489624,-0.2483911747572586,-0.2557775734296202,-0.0180132333291253,-0.19114950398486233,-0.4535855833199336,-0.19003852435472002,-0.20950584408099204,0.055656820065350575,-0.29895839181193284,0.02388796853965814,1.3976908817508293,1.2085598831783082,-0.3108727569831708,1.501445689730295,2.0397282838515074
2018-11-18,-0.9815649040808464,-0.34595004822610986,-0.8403630456504987,1.057317343981639,-1.2977960892945444,-0.8809364076501732,-0.3986620602076288,-0.6032385250680709,0.7437989083726927,-1.0593447003795295,-0.8454169929358282,-0.5670408657305136,-0.4029941169455136,0.164599669737676,-0.9528715860696975,-1.0322811208090825,-0.7458330633682448,-0.48545529670031856,0.0887202520356364,-0.9959756490873759,-0.7466872431131427,-0.6017338943860017,-1.9372800028125856,0.17856427739752298,-1.2477603340926726
2018-11-25,-0.7431810367766007,-0.5523277131781142,-0.5660360997604863,0.32823353103361463,0.8814704138129663,-0.5322133347463396,-0.06256210845532309,-0.5715257156511154,1.0765188658467444,1.2248050845639389,-0.37041841745779747,-0.004904274122098331,-0.2157427222644378,0.35763494187729417,0.8607567824383474,-0.21231145159596296,0.3097878427436932,-0.470292013290858,1.0497964994639322,1.077244056939648,-0.10056805968348587,-0.27069502500045134,-1.138542127888941,0.25114083884212335,1.2187235081263397
2018-12-02,-0.09992762053796482,0.23923070217830894,-0.5280945627407222,1.0678889004163086,-0.9212659208916344,-0.11276085077751068,0.1386835603864899,-0.06281123489468989,0.30916569004575867,-1.0278408014186233,-0.4783273608475471,-0.051887458806516934,-0.6565059552210252,1.0105334176841514,-0.8237826730101826,-0.28105029117723945,0.22044683891547182,0.017204864811682555,0.1785166654780862,-1.1578866960176513,0.4581097959925519,0.45416881068430387,-0.12477443590226857,0.6029917680950906,1.2190257524313115
2018-12-09,-1.0024365707624479,-1.5224040679965787,-0.8542380954990042,-0.5336655379492022,-0.4279395643030962,-0.9425636353125655,-1.0250235944821926,-0.8736261132764828,0.37702733031457614,-0.5051215119929487,-1.0574520608924172,-1.4078875379566111,-0.8522064964778058,0.011190274343234132,-0.9094668004438556,-1.1624897856474725,-1.1162230883491735,-1.1747266660592623,0.8644522189186428,-1.0328585578281233,1.6675443762734328,1.0320588498338437,0.6958222528516538,0.8422998208419841,-0.5643910159829025
2018-12-16,-2.7080905895746126,-2.721113731830899,-2.610025641340721,0.869112122553231,-1.1184713048648443,-2.704794569090003,-2.766954728402916,-2.398647104987885,0.10861385477212643,-0.855685915847693,-2.625667841189911,-2.6849069189592023,-2.2374882171783743,0.4119243834899281,-1.1028854733972326,-2.631282071199454,-2.7365211558051574,-2.1370217610714275,-0.12431033189253204,-0.7720514820506048,2.1181291129688806,1.6299925120226355,2.718753349606034,0.07775536104324617,0.17099079612338752
2018-12-23,-2.172959924885997,-2.1292855173114784,-2.0279620275437704,0.3950985943921082,1.3680741935286724,-1.972907341821697,-1.8349289038525203,-2.040646093846485,1.7722283551204445,1.6990495120541875,-1.9809221918056998,-1.9969236773970835,-1.6821934268168517,-0.08715864207348577,1.1362130121951515,-1.812016563244436,-1.9527709122688734,-1.755678345211585,0.14449490773186913,1.082126715620534,-0.8616930401804861,-0.8219895856167934,-0.5368961064525893,-0.7312532588493665,-0.5276860127411499
2018-12-30,-1.607122002037876,-1.7794710508981866,-1.6149677777857974,-0.6331286182707744,-0.6789044194259102,-1.6572983566198176,-1.7974058129901358,-1.3697584789935457,-1.3510920611488113,-0.4046011770350245,-1.5661520923286485,-1.594353286981987,-1.3270052382746123,-0.568618247135076,-0.7199123488311338,-1.574491621689684,-1.4887167161908774,-1.5192183569249649,0.4814777606343267,-0.4766046923935338,0.10216788802684601,-0.5201602442613112,0.9080136873191872,-1.4681372642799453,-0.27900340448051747
2019-01-06,-1.2255841346718748,-1.4538616285217363,-1.044257556811362,-1.7757140692817306,0.3543723543670769,-1.283855435010064,-1.4997731305202866,-1.0886332610345602,-1.538535612786082,0.25018253241790994,-1.039615634349659,-1.3550368610033505,-0.7236324372401289,-1.6408184391787992,0.3110439005480872,-1.150034676930142,-1.3652693980050215,-0.8473432192031306,-1.3248926229654787,0.32834513086366895,-0.033055967438993875,0.27570185979318396,0.42917236927148245,-0.012508942727008,-0.02888498448572671
2019-01-13,-0.8446577417729018,-0.9634543237719954,-0.7621690785171058,-1.0837179979066234,0.773011033034411,-0.790220613013338,-0.9023142088846443,-0.7999101828062871,-0.4834838274024761,0.5595504946176519,-0.6214229691664098,-0.7805134501622114,-0.5085496618921542,-0.7831828881831233,0.6497086567962823,-0.7041998752076716,-0.8336835101292095,-0.5962724456468914,-0.6319972406941843,0.537216354362037,0.8448178681674127,0.37859909158484134,0.2591000965031782,0.30964032722395896,0.07693941073634288
2019-01-20,-0.42470914605506477,-0.4863257765131296,-0.23515629700260182,-1.066373253637096,0.6597459217744407,-0.4532605488154347,-0.5636623479216166,-0.3048837948322546,-1.0498174242397167,0.4677495615261168,-0.21632684545106187,-0.33515269714395723,0.0,-0.8519689144105643,0.5210078058628369,-0.31436924678983924,-0.533674757569521,-0.12194413261535404,-1.1057032254953263,0.42104537906927847,-0.3200405625602646,0.9005802372489602,-0.4695012839375603,1.6687622467461884,-1.996388824241168
2019-01-27,-0.013316309324417856,-0.1329349637086203,0.10356930590357874,-0.9012648501812238,0.7299192213808641,-0.05368653312988566,-0.13968694071829252,-0.04198834607324768,-0.4236778264808544,0.7485327521611351,0.11142221494043211,-0.05065429350931503,0.2262735092370812,-0.9305654499730617,0.7362272838866246,0.10985843935093596,0.017335392007079804,0.1385264616229676,-0.4717919830586323,0.9893397650776466,0.2534271662558225,-0.1318139543793416,0.6745322346628626,-0.8124048850744988,0.30094489029317084
2019-02-03,0.789308417050325,0.5871547993307883,0.9247730806423026,-1.2390623029957952,0.26182536273383733,0.741201260132939,0.5195090556322464,0.8630850848401164,-1.2478406000224844,-0.29701659742987097,0.8835771532785145,0.6597887725288756,0.9774364219409635,-1.0668476920387104,-0.12333440954334461,0.8936073722652541,0.6321863493722003,1.0544945105300547,-1.4311897417167718,-0.27141337361090156,-0.6585180375743395,-0.7019454134211319,0.2901553514588578,-1.1654936025466456,0.5386537888467688
2019-02-10,1.0326508534768533,1.0414846756580887,1.1638425873127023,-0.37388059028367754,0.9018606707089016,1.0424241113256685,0.9824134388333037,1.1104132379110365,-0.42062833906521974,0.7430808986407792,1.1533488375025034,1.1053394300726405,1.2983147794678944,-0.6294420186048253,0.8156953268657333,1.1542701863373923,0.978882837837242,1.1808007282376989,-0.7034531557572161,0.8116430371037078,1.7948550209667697,1.4612454630059073,1.3857861363277084,0.5986191417763149,-0.19809503678699733
2019-02-17,1.5272577233656177,1.4340495830048656,1.628597798558486,-1.06788141010022,0.5140470967136064,1.6351635174087154,1.5743882183939573,1.6240841612558117,-0.2732862673950537,0.6552512486890004,1.531343390093928,1.5359325891760944,1.6703900457517717,-0.6234937514246629,0.670400512521839,1.645905577757642,1.6303820193048773,1.6990097011627665,-0.40468514295296104,0.8022381177923866,1.7585635340187136,1.9379022470445602,1.764509508694372,1.0429158921259216,-0.020373102582452722
2019-02-24,1.86645206254235,1.8959688736144682,1.9159911059530896,-0.6842945468990833,0.2608122602770026,1.8727399937264335,1.855634268395369,1.942286957242483,-0.9428294570374227,0.09579352740360919,1.8950324586790088,1.852482542211646,1.9267561629154488,-0.806602940797771,0.4738884101262727,1.827611217980442,1.7090234515685656,1.812653295038068,-1.1016245067596906,0.498131876301443,1.4017749965956456,0.89445053741486,1.158536797930611,0.09713463077104938,-1.180254722221132
2019-03-03,1.6416203379582222,1.652397323649268,1.5441069234614069,-0.10358601739272826,-1.0500381881014618,1.5655249838499272,1.5352524546568642,1.5456477395336148,-0.6469737743145615,-1.0628952964017682,1.5860658575038777,1.5796168827403207,1.570263525629878,-0.7819682193244984,-0.7367016833518554,1.54970913464565,1.605927785891935,1.5396437813724115,-0.37688842595781213,-1.113948578389274,0.3186091476088735,0.6313807419690481,-0.0786405683408075,0.9976000439439435,-1.7448576094421557
2019-03-10,1.3526914470035887,1.3281678933221903,1.3659542680549055,-0.9794792571297676,0.40373820085032075,1.360575684325292,1.3482102606172652,1.3008338628514713,-0.2920122546754813,0.4929824623549982,1.3436100728282439,1.2573843923645516,1.3415704793461014,-1.3292011009625013,0.19148612611821053,1.3255852245615947,1.2810388027947694,1.320286590402756,-1.0008727748779467,0.010219808028876782,1.1604941080897837,2.457050399413829,0.8734380173807184,2.684767502325121,2.1266706676884257
2019-03-17,1.1342757726067492,1.0893131728211887,1.1604349114696932,-1.1970746221613076,-0.6759961815443544,1.1327874021675681,1.0417775525635553,1.224998311909438,-1.479410860935061,-0.7439915973885814,1.1240752052345062,1.0889323597968803,1.1340400316431807,-1.010098612367787,-1.1597729793710887,1.1029873344169625,1.0784886022597755,1.0392841220904416,-0.3628826544016318,-1.4351188004141961,-1.1131539466336098,-1.1898120205399318,-0.3966577488675011,-1.3189950810295468,-0.0445665968221271
2019-03-24,0.7532228363285706,0.5906393454846565,0.8918855973919354,-2.5480708906013643,-0.5161048879857137,0.7269448905566197,0.6323829765297276,0.8001099907284035,-1.6498410307982452,-0.40392918687711876,0.7365122026177179,0.6347645505041064,0.7958705316278257,-1.6402111788289186,-0.2130503278391966,0.7215564934816554,0.6319437764803981,0.8196031996892463,-1.4388009602921414,-0.5539331369821905,-0.26059573432576166,-0.39045026112780895,0.26321942092766426,-0.5932342043591832,0.45757857501644533
2019-03-31,0.8101678277677283,0.6912742926635849,0.9077340300818095,-1.7113178955838637,-0.39293489284785105,0.743995269939438,0.7126597339943083,0.8115043959608643,-1.044378978124128,-0.10486573712625588,0.7937415944436256,0.722277541555792,0.8447262482526177,-1.3181683670784805,-0.18429648331789272,0.795961523827516,0.6923968859045869,0.884604218725566,-1.6780751809429837,-0.18880675136936098,-1.1466121997542544,-1.2889318647331653,-0.9536432563118343,-1.1694382542156374,-0.49275792150426867
2019-04-07,0.6867356270459894,0.5834583056550721,0.726223048349003,-1.0970931137834112,-0.582389780952635,0.6017556535428918,0.5316362554379715,0.7108872149833593,-1.399158873041433,-0.38178540461788973,0.713726831204547,0.6144682526948745,0.8100955853727927,-1.73214432830583,-0.27331844813707007,0.6735610462961397,0.5205917519580466,0.8195441008195633,-1.8976986640465339,-0.2496804899830521,-1.3296149553261483,-1.2952304744743202,-1.0851549901637083,-1.151761423622596,-0.06387191722312864
2019-04-14,0.5828205471356813,0.7677738138074639,0.3629295596193286,1.5214016927871747,-1.5467210105730742,0.5464319182032225,0.6100196002885305,0.41551184763753607,0.7889662252962434,-1.682662479795682,0.38936281122295585,0.542748624971511,0.2320824166354646,1.4219704680190315,-1.7234370640952097,0.3846365627516405,0.6145923482048362,0.2872968184116685,1.3058972231704369,-1.6385821136921863,-0.9053975580221665,-0.7023336252929463,-1.249911235815365,-0.310884166297732,0.5788512300599025
2019-04-21,0.366115267147314,0.4902421943879828,0.09198826613211536,1.2001975717330047,1.1905897242233017,0.537574601430862,0.5033857623869612,0.3794864802577791,0.32644398839043315,0.6439343096419179,0.5024315630239803,0.5454918464957527,0.2617103825823852,1.0164185885270445,0.9142089177681666,0.6233757543367677,0.6532768548921062,0.29405457199091906,1.0311523297100877,1.1897610977232966,-0.26746570735567904,-0.09079329557660155,-0.4665381542780631,0.09390177464111545,0.21092039744863858
2019-04-28,0.8341781742576939,0.8727731474722705,0.6070251430884767,0.5575497843883199,-0.4391159810286834,0.7829012247813835,0.6483246774480986,0.7261999824348414,-0.41365650235444945,-0.4231969393383302,0.31564944250381,0.5642983356019308,0.1323189233056644,1.1148828082829934,0.6201896779666025,0.7943271174505822,0.8492997151544192,0.48870075389965384,0.8483281212665436,-0.018017930494384684,-0.2601583244669469,-0.2812384184556381,-0.45645468211143186,-0.16575391267528494,0.4761701668715505
2019-05-05,1.053239861042693,0.8395686251814534,1.136788659639957,-0.6758145768698682,0.4287250003965624,1.2420683056583595,1.1800094466220101,1.4187698386499705,-1.1575795545244243,0.003685073524372159,1.288559556517439,1.1307184669235015,1.4598011243410651,-1.2191062132159065,-0.0516907904325941,1.500415597164149,1.3603514608519274,1.5738497076488625,-0.7026811569417082,0.07085844030311976,-0.7216890982927426,-0.8426567083994057,-0.45087617207411734,-0.9207639839544987,0.5913141224813628
2019-05-12,1.467325910927242,1.1796955640372273,1.5512443454163003,-0.44130087273447016,0.3073890696026536,1.7641479498789299,1.796644916490853,1.6581220140445783,-0.26023105068849073,0.492378004932686,1.718584065129343,1.8291401026036804,1.737863916343925,-0.5492696451822751,0.04959687322720539,1.640953204090563,1.6854774324263788,1.6562954807586339,-0.18366681249476322,-0.06834486046744831,-0.7068201567419323,-0.10415841864368276,-1.3681487169635742,0.5130776631167876,-1.0541623320279698
2019-05-19,2.022016904715629,2.0427208642532997,1.837212188401255,0.5289157263686011,0.2697542105946191,1.788373853784296,1.9710064151952513,1.5815603875354916,0.9680832362568134,-0.20610530380743253,1.788491190546112,1.7375741294161902,1.7978100842821976,-0.7326347826993652,-0.12496002807949821,1.8707665703442005,2.0706778968111106,1.8284582021885993,0.5430757814239212,0.19729328300938506,-0.8805122431467642,-0.8161546105014325,-0.822648801001777,-0.6973796998253367,-0.6324830991938113
2019-05-26,0.9741087496707866,0.8469197982075424,1.458369953025788,-0.7233810715407564,-0.9097376804030869,0.6791892537226885,0.7075086905947185,0.7664851558746418,-0.053528330665011,-1.1798450413804171,0.6666379566609544,0.8725371471255557,0.614585158685858,0.15678656662164628,-1.1937409668540364,0.6868825592002319,0.2768958211182273,0.8952715970574499,-0.9052461308363163,-0.29266823072064496,-0.8456625436295045,-0.9456776171238512,-0.2654428533737186,-1.0610887208770674,0.26382269199308117
2019-06-02,1.8344370732437043,2.1554868086963204,1.044690394120987,1.9192861082453185,2.146858621210325,1.866092422726197,2.3342476319311487,0.8473254995083525,2.798062680893314,2.3985931442033173,1.8851331480069333,2.434560073061829,0.8338284537017141,2.4829872399145376,2.2517752901320147,2.01880307199958,2.4129488619138644,0.839705541911733,2.588963288170995,2.4815812163467394,0.32841720867137103,0.596985060709721,0.06984260587985273,0.6957381133629965,-0.8178396642647972
2019-06-09,2.6029444849248518,2.4436080075173034,2.6237416852884965,0.39476482457944745,-0.7711446776327789,2.5036015731125527,2.2325156792654375,2.6269441323831875,0.060212805016839295,-1.1244673442995214,2.4671423831112196,2.281174474070765,2.515253127970998,-0.41371225588552385,-0.8549116603917103,2.374901944796574,2.1587753415720514,2.61743535723726,-0.18384696464206685,-0.8280294509726819,-2.1897839563565427,-1.5966184317660594,-1.8800846169618957,-0.9799906549601752,-0.5291156349496436
2019-06-16,1.942157255387942,1.8265488647048338,1.9621993567494913,0.1895483976728355,0.545370044937687,1.9721347228725803,1.9151180361045048,2.038448999249616,0.33854852852366796,0.8724334166964459,1.9302905737318459,1.915122012772577,1.9239700291400639,0.0036161270006696837,0.6886751282537005,1.9388231440119814,1.9165101217672353,1.8916565425932366,0.6784970000203031,1.1400377883885722,-0.6813447244568306,0.5332805169187925,-0.6797673175889453,0.9001498751848621,1.8033178166474624
2019-06-23,1.8966414678056012,1.7279230746230883,1.9061930683956676,-0.4371186506409682,-0.8342705285355997,1.951591161148804,1.9883743828221663,1.8938891234161845,1.0341552496036561,0.7335178286694813,1.8087388465866054,1.8016702462447556,1.7037847161582915,0.23662743724230811,-0.09736031919350434,1.833008196427159,1.8451591506022678,1.7676581030856282,0.8137852674811396,0.504356883554485,0.6526198141184272,0.8589199754679427,-0.08106078262573548,0.9509457083266599,1.2309870846573499
2019-06-30,2.1800923154668563,2.073167126804418,2.181882834145765,-0.9082243464118126,0.438054352948447,2.160925594750613,1.997956255925931,2.1736986517522774,-0.1298688508575455,0.5116335108616374,2.183197961481319,2.16781816193044,2.094428810205477,0.2200738302820106,0.8221020027649099,2.225528953858619,2.016680453807969,2.2405897660015666,-0.34182322727586995,0.48800951390010655,-0.5543056561134854,-0.9695871512379974,0.566606903537963,-1.208506310154886,-0.5600205073788664
2019-07-07,1.9751197924937303,2.1167268328559916,1.8873372098628747,0.8714951311460052,1.0305385127869444,1.99522856355576,2.084673312598166,1.8639402390179383,1.713276187624,1.2432784439248556,1.9731981711364095,2.1737594320532407,1.8813999379233666,1.631095567867332,1.423005261067614,2.010222884716287,2.0608429785284983,1.893981128209876,1.0698100052426494,0.9986015936081737,0.6370064202463299,0.6166654530060538,0.794230351478429,0.38493631764669073,0.18040660970398353
2019-07-14,1.7975446189108861,1.7765791877875379,1.7581467661298809,0.09656936692845236,-1.4362809807307497,1.7260927169611382,1.5960673660661189,1.765371544986105,-0.11986656569088101,-1.1722531809797392,1.7650433979354945,1.5912777062370602,1.7809791709757306,-0.5943185814485157,-1.3210888667763039,1.650360496575714,1.4244643062446773,1.6743270861508017,-0.8473078275203656,-1.2412668996451943,-1.282696068287471,-0.9744776864613233,-1.8255352585035232,-0.3596398551657766,0.07005843399776206
2019-07-21,1.3507856024000529,1.3653597815211114,1.3423201210743565,0.3591181663924522,0.7350224841631599,1.36973596571488,1.5406612427939987,1.3841607415528285,1.3774512386040345,1.2740137113500796,1.340715228628205,1.2293519251693608,1.3830010948739013,-0.5297838123660038,0.022998813130966016,1.4073922771904788,1.6117182092878586,1.3599972259538284,1.4127382253808465,1.4469784941224808,1.1590512672817195,1.472390189000675,-1.5460510332950164,1.9773689621029116,2.208802695948528
2019-07-28,2.0799773896008866,2.0458234050148736,1.853161693284927,2.0778330417313566,1.6947826715548906,2.177139196854878,2.04408306333206,2.043772280003153,1.106291391270874,1.090637190287346,2.139914720989539,2.1506685393880436,1.8903697881522141,2.138039053781961,1.6804698117627,2.178700941782037,2.053893106158169,2.1016974747815733,0.5119856618711476,0.8023654427014429,2.048634666017788,0.6741680406394253,1.3217504024400033,0.18161914533753395,-1.1340306876071067
2019-08-04,2.100673424944041,2.1671103791492348,2.0429219558443186,2.1064338237108013,1.795787637400553,2.114008922101808,2.1686602001670026,2.038982282991578,2.091413253945651,1.710676042436859,2.117563704954953,2.193901275206553,2.0481358510769585,2.060072514759034,1.8010749634858827,2.1116667212013294,2.182809940316254,1.9566942587887997,2.1737421877228114,1.8013228105378671,1.7772425298416226,0.8825790891062736,2.292840126795253,-0.20364333137470852,-0.8002812052993353
2019-08-11,1.91740694449773,1.7954601041736573,1.9927666509109976,-0.45299486552807333,-0.7252642332716416,1.8740430590693977,1.7326721166324273,1.9982951798006936,-0.8781684003524016,-0.8635879692151964,1.896527100966734,1.7870871185111725,2.028889105262389,-0.250492567634797,-0.43658668015147106,1.8387796064956143,1.707434036027831,1.9118957173406728,-0.307297688684073,-0.6870647867666655,2.0675527107844696,2.014282737869286,1.8959161418257884,1.4025076633728746,1.2642212931428598
2019-08-18,1.7393023378183505,1.7138967193176935,1.8221430918698083,-0.1722351596151847,-0.6050090748112976,1.6938664399515344,1.604722309376162,1.782801261624766,-0.8977264419092212,-0.7464482970936364,1.687952211770872,1.6368349175612409,1.6860752558788807,0.4752814074407281,-1.371730416411169,1.647170758899902,1.590875956773933,1.6476942895133755,0.2749907124665769,-1.5245534116802673,-0.19077460161012003,-0.6113980998191699,0.2408610192386536,-0.858245214493587,-0.44922159186416255
2019-08-25,1.280805182770862,1.19413084391901,1.300162150086308,-0.636799403496046,-0.32395309787378956,1.2331639088261248,1.138460087054882,1.2796352973822847,-0.9981503878398884,-0.7154296510699817,1.259350665363115,1.1730209161392642,1.3228574616209947,-0.4444671433882855,-0.3922699048044696,1.2483267639632947,1.1860253966701217,1.3609400702727086,-0.8806714967467699,-0.49939712158024274,-0.1324553757399762,-0.2852805553437518,-0.09295381903956715,-0.29409060404938514,-0.17776637430444445
2019-09-01,1.2664814607933612,1.2366620728142117,1.3072069051799804,-0.20884829130807328,0.5724872681515606,1.248381280417453,1.2545059043145974,1.2559629263862062,0.07185478638810994,0.5359985454455909,1.2737840330430326,1.237905350421956,1.3336533887691506,0.0476457187398408,0.5783666891161058,1.280236262271203,1.2828645007588875,1.3206034297691505,0.17496030695557824,0.6220509411892396,0.6732376058272797,0.31547350781540145,1.2848195268300142,-0.4527061004746125,0.017969917013758763
2019-09-08,0.9748018066067121,1.10132423766875,1.0016443749872572,1.1047041966404882,-1.9649766667267,0.9379129673471992,1.031070731975998,0.9925463297661313,0.2407439525170605,-1.8861810765663363,0.8323595776351456,0.7744661335418338,0.8504143903896995,-0.1314435366822255,-1.1885294580356438,0.8477365931916387,0.7215327069628517,0.9912019155151595,-1.4412511472563174,-1.0275730573225648,0.29923829511417066,-0.39893593060006377,1.2728509250513607,-1.2577581912898554,-0.30717464945543527
2019-09-15,0.6648310393303147,0.578411992728849,0.7151295919262861,-0.7383953264370676,0.3391780200882303,0.691788639271075,0.6036946642877871,0.767469345045063,-1.0551139263741438,-0.100540011465747,0.7047158210107479,0.6101384822171814,0.8169478374185248,-0.9248001285989524,-0.021731732857445833,0.7112463945073161,0.6406623746398121,0.810938427666319,-0.8381920529499847,-0.0021864354094438434,0.31625811788120267,1.3132792613628355,-0.03558336441657002,1.4118741449661691,1.628355998716507
2019-09-22,0.5808916191761253,0.5974845342634117,0.5151241020044599,0.5952029194033293,-1.0760083321282505,0.5847704666845462,0.6312469256384384,0.5391039189714069,0.38073018982969503,-1.34099168327371,0.48371612362785205,0.6235442837675467,0.5264626573471629,0.5682629301574428,-1.7073144613683406,0.4713640925198729,0.5984837314236374,0.45750235551579355,0.642825518644109,-1.767293838714114,-0.716872178372726,-0.7429801372842707,-0.6766794816725049,-0.4138617718465446,-0.9632976033186258
2019-09-29,0.11681534176588443,0.06445104793552615,0.14122389577982727,-0.44130587472182575,-0.32597630024222346,0.1011737402588922,0.053381524112383345,0.11794352315724706,-0.32030109156126946,-0.4639114624942511,0.08362478919070558,0.0035577755525622785,0.1893943056046435,-0.7374911188949319,-0.6638596844031109,0.08814017279999947,0.035579737363872536,0.2518763052908321,-0.8202444431037904,-0.7723831589560628,-0.5641246462641917,-0.5562685137528506,-1.0727969121234848,0.10165079086066438,-1.355757584103056
2019-10-06,-0.18282801240828886,-0.19746967680681718,-0.16054923229516202,-0.18311107940031618,0.14295506246493586,-0.09554637754050803,-0.11889915311587777,-0.060733601253253756,-0.21655304866621866,-0.0970671525763085,-0.11790289931359384,-0.14416681931475478,-0.10865095850927384,-0.16078160511394,-0.10405443932549079,-0.1246034286244461,-0.12326374262390002,-0.23877030399013016,0.3774782384348033,-0.16994471784768164,-0.5991529187982951,-0.5496100192493589,-0.7376131919786009,-0.10885495092958654,-0.23205967153645585
2019-10-13,-0.1040385330891394,-0.3235054604136613,0.08075266965362378,-1.5105602695645106,-0.2482829954767353,-0.18069461457318803,-0.46336626298134376,-0.025816462263114095,-1.248254945072678,-0.3200518379015866,-0.04552582016460545,-0.17118532528940156,0.16435303405664406,-0.9979732661036663,-0.05763031631808989,-0.12203118097305028,-0.34448115218910896,0.05695181007704665,-0.9908708526835188,0.14034166614235571,-2.0081427437367245,-1.4477091496479257,-1.4977240977707666,-0.5796894521533359,-0.7813926020741261
2019-10-20,-0.8957787717436285,-0.8406446106102489,-0.8354449248286543,0.21867025756987912,-1.4401306149120934,-1.122277951681548,-1.0486589904301709,-0.9620895348715218,0.05599330233661061,-1.2317431035241977,-0.8759343989267341,-0.7854912772374468,-0.7484939877866251,0.13490249383791283,-1.2333462471641,-1.2087336156026096,-1.0279253122562677,-1.013759950753074,0.01505262550142103,-1.1500584415760018,-1.806049654359208,-1.446594647663597,-1.4636653103283546,-0.8252367306974886,-0.2773128181865069
2019-10-27,-1.6622232266515176,-1.3741173146775292,-1.7107763370857,1.0241630548035066,-0.8583905297012334,-1.414046348117915,-1.3127551027640285,-1.8619472872066387,1.39919208844359,0.0123294090858426,-1.8217748394349307,-1.6284881655916525,-1.9283218076838702,0.7158597131315261,-0.6982669586895751,-1.6571074096662621,-1.5124125204783132,-2.045726038485788,1.1594770738289284,0.1466586243965928,-0.7507829866212217,-0.5973290988367432,-0.6649898694145686,-0.2901422058067981,-0.16224864577613776
2019-11-03,-0.8647137400987187,-0.9933220734166194,-0.991106769065256,0.1324450991639474,-0.9999916264848848,-0.9421101579868455,-0.887515551338376,-1.0848425567458457,0.8565233679686047,-1.08754162979633,-0.9575264200033455,-1.1796185048396415,-0.8533853334743154,-0.984131427101075,-0.27965085620454455,-1.0082347378898526,-1.014695451215707,-0.8597551761528703,-0.12347892978555103,-0.8844968011471676,-0.13409004401746835,-0.34833290516843674,0.29522317628597483,-0.7055740499387774,-0.5777317329885
2019-11-10,-1.1875079687045655,-1.0832969703989588,-1.2100179047408621,0.5937576322415024,1.611797942849475,-1.2126342862580315,-1.3093509566039774,-0.9458988426366691,-0.6613683201166002,1.0570897489077484,-1.0646821033536873,-1.2125861599749546,-0.9683988502601991,-0.8711056425389361,0.9268911138938786,-0.9965728210270527,-1.0608092347557163,-0.6926606251394672,-0.6588337742746784,0.41313179466082134,0.8395675349843194,0.9407495675342316,0.3218691349770084,0.8884278187307503,0.8819933053816685
2019-11-17,0.14761266255390781,0.45149570375001175,-0.4907930637475081,2.0748777636382734,1.788861354962465,0.3754600273691984,0.3821905288079045,-0.1102067773414338,1.0808941971435881,1.6975402160815771,0.4269721511854821,0.5420552072566793,-0.12199801262020482,1.6022755631555758,1.8573886365941716,0.5601608023736636,0.5810115632139871,0.2511841270862848,0.5540526856688098,1.2747420472843634,-0.1537124935262282,-0.5073690315603666,-0.3549888362599995,-0.3439851184504132,0.3276309483320536
2019-11-24,1.3074650730166621,0.9203912824046916,1.4764496225161245,-1.4140864661496302,0.4310557602253365,1.355823815010516,0.8673095384759106,1.6016142681142462,-1.8305979220325903,-0.088535246195076,1.512780453737774,1.178284523091361,1.8199416125369436,-1.7295230782708957,0.28244883795424786,1.4039141130537685,1.2659512724416713,1.5530014017205875,-1.0593787434781012,0.12781301147516216,-1.6124669148320103,-1.1618965254620262,-1.6404612126665443,0.0077790931163231785,-0.7416406918250903
2019-12-01,1.4710234432815443,1.4526872942060824,0.9159738536831107,1.0156378684302896,0.6926384825904399,1.6057713528781103,1.5492810197091105,1.399347730572508,-0.13379275198590615,1.0995064864996364,1.5870420390323534,1.8308394801769954,0.9875787198128074,1.5147898414964893,1.3672858636904734,1.6220994944071598,1.8135349648512624,1.115651162401533,0.809056121413049,1.6358221319993926,-0.5187656373195741,-0.07689366227382324,-0.7804711379339446,0.5704179592821802,0.6504787334392744
2019-12-08,1.797758592909426,1.6228029607000505,1.911270313570998,-1.0888200590400767,-0.05380690142339139,1.7069696097783764,1.7248272894634442,1.6651941543322595,-0.6120044529837189,0.5907984827211195,1.7661863563590972,1.6648291183919885,1.8774487073433928,-0.7432828971726161,0.6793172592506476,1.7599695629912127,1.8496811857577489,1.6858978287915947,-0.06669301214815543,1.051698774681587,-1.0668508421953393,-0.6425838800030743,-0.6578712610548711,-0.44562901924154236,-0.5603365326410408
2019-12-15,1.7427161435862037,1.790729076316996,1.7078072295855773,-0.2969990747340553,-1.1104259294750845,1.6561971057014955,1.7461883554088116,1.520293950574936,-0.025401294855599475,-1.0863528328982537,1.697016019723581,1.7849417558261775,1.6899885805965473,0.06001422521168833,-1.027996347609557,1.5978412651727902,1.633517563312273,1.5413255219193538,-0.0714564779391011,-0.6481350738625649,-0.40169011624051953,-0.09972338409940823,-0.12261422111633588,-0.015773529073081625,1.7053479507581133
2019-12-22,1.4427410102483784,1.3016793269515117,1.6453924004915246,-1.4550104523470153,0.21959418237402453,1.4148535570419885,1.3608240300513879,1.4070025226917262,-0.7583278195316147,0.6941593200604178,1.526701831779988,1.3472007390252434,1.6270803637819484,-1.187292764561154,0.329022456172723,1.4518885416460225,1.2309070518666574,1.6018573514908523,-1.637652218707768,0.17208538109334443,-1.6276672698816734,-1.3085132984395067,-1.9788901204986782,0.5195881799458943,-0.5288062473006936
2019-12-29,1.3408422840910657,1.2254033681339729,1.4565388506434886,-1.2637588421920205,-0.2360314519823043,1.3447527601539238,1.2246332238024977,1.4173077079029703,-1.2426737605360347,0.2259119907045896,1.2414521091892083,1.0934831693800364,1.314997975981582,-1.0848952383341226,-0.4898808367808416,1.4046463316716389,1.2231794476740743,1.5032583526785315,-1.5511619983113114,-0.21659454155683563,-0.9582913111184901,-1.5489690474382638,-0.38086084466414705,-1.9978287767151588,0.9976262760674045
2020-01-05,1.5606139458243664,1.99700449058189,1.3217021261465756,1.2410340446272585,1.5472953811917969,1.7036037566807938,1.930463404710836,1.4629893086030445,0.8979716067316177,1.4038216979078304,1.570694650601198,1.81094487201607,1.3660509682155553,1.0531174589620746,1.4334793563325363,1.704769383483615,1.9907657378796533,1.4217503670865623,1.39800391904436,1.254596119302276,-0.6748376293916927,-1.5337879202219507,0.009169712077995025,-2.104379769192928,0.22400083721965192
2020-01-12,2.120968606016397,2.2450464881931813,1.9777484666387752,0.5405872931154081,1.0523206439172776,2.17032041096718,2.2061665024451758,1.9499427260479616,0.5815541161529634,1.123118127033744,2.146518660930307,2.2068305845935368,2.018203166316758,0.6309015750941774,1.1009289564508482,2.119528347267555,2.1544048335177823,2.0369391735116658,0.08862001225225277,0.912770808636679,-0.5746361370689662,-0.003898871903783894,-0.34399393597242284,0.3145757404777764,-1.5576273229883455
2020-01-19,2.0478916680717294,1.9627936925621732,2.0077822527166713,-0.624689133131658,0.28643438724802056,2.079152584677597,2.0328820825404903,2.063074689873698,-0.7233115498279521,-0.328795846319543,2.034370752418999,1.94777919152716,2.011152155501616,-0.43409121869027345,0.10962175955384854,2.0092075784632266,1.9186612092962305,2.037510491944217,-1.1778481236370875,-0.45752689125728396,-0.9173664348472801,-1.4499018731670152,-0.10508224180908965,-1.7521978177260864,-0.2952502796841034
2020-01-26,1.6689425962047404,1.6276492436315588,1.6345347997032935,-0.32222238864926267,0.30766285761459117,1.7336583101131706,1.6834392017000148,1.754049802345878,-0.7388665055700876,-0.5868299111785733,1.6104866296201048,1.5697478623550016,1.5013476614728214,0.5283225807255014,-1.2367747284826804,1.6088090340654406,1.6395547608671348,1.3989055834596689,1.2373087170392447,-1.7640176087419923,-0.8424215490016465,-1.2749756577254003,-0.3824795465578666,-1.3129853833799692,0.27148904637164467
2020-02-02,1.510973241332466,1.6614353644632878,1.2663523442789013,1.5828165278806017,1.1914698022045052,1.5255370113191937,1.6204228454628988,1.3124025300982836,1.8949885885034268,0.9462799079889418,1.4597343056279886,1.5447238507530094,1.3462708022532017,1.2535976546815286,1.1749061155841034,1.5273763276600103,1.6082784537320924,1.3650934641313808,1.461929507111606,1.1287920518745596,0.10147173592540913,0.6097686732729674,0.15209162874090712,0.6462910138728811,-0.2156405344828533
2020-02-09,1.59123889554998,1.4846526993881408,1.609641803083782,-0.4108264512544452,0.05460525610390808,1.5364564649219594,1.4678445651291576,1.539485757860418,-0.17727678605909,0.04209335768600018,1.6277066451132007,1.5521742044517293,1.6650132977280987,-0.3797620895211864,0.04695970479872031,1.6033830403440619,1.495160112492742,1.7136343453610074,-0.8712830489608406,0.005517763495388827,0.24457988273468978,1.8859919103220495,-0.22766636009707164,1.9609318068302068,2.1434200731809443
2020-02-16,1.5570402843983342,1.6570916615161824,1.531703618464466,1.1176901604689558,-1.1869355886275055,1.5923910034893807,1.798112474719944,1.4614174344849231,2.322208090479779,-1.2527956870609807,1.3912338313065715,1.2947333012624094,1.5370109563074552,-1.002679031221907,-0.9371440697049378,1.45395645408641,1.7392756106591647,1.4168535646175286,1.817066609609781,-1.167878647715863,2.873693391860617,1.7774660135830305,2.9234186301607816,-0.18723800851698202,-0.1423646082598544
2020-02-23,-0.0783084482921476,0.5049607445309473,-0.7842711291671226,2.7979370303095936,-2.848187217261329,-0.005102033436688598,0.45720034486034705,-0.9535013763227413,2.921471030020598,-3.0474589032047326,-0.4082516864865412,0.5399399435836832,-1.4143916074128224,3.166613250883299,-3.028895734908886,-0.459197240016473,0.3754060503483852,-1.3873334588658677,3.0087830932834905,-3.0012093796452324,2.5201392907640656,2.121414480782563,2.069590972426228,1.1385494092037967,1.6552399237034376
2020-03-01,-1.1993025065061589,-0.7180056785768408,-1.8217116738611163,2.0642420818939007,0.9760263995829084,-0.6598785632280718,-0.5074706921219344,-0.8864456786421927,0.6799032105949969,-0.9896988941841252,-1.301786740554221,-1.050037853656623,-1.6469358342770364,1.2585148259997478,0.8799791550910773,-0.8674578262995105,-0.7276984359451754,-0.8356093146471308,0.20517663109234757,-0.6348490814348928,1.951269021072165,2.687695226982261,1.1827985666563487,2.8278959196962643,-2.6202052809760423
2020-03-08,-2.191786908030938,-2.020680206117196,-2.449138853368648,1.9465868136158926,-0.9738894556542823,-1.9359295495950148,-1.794354046986952,-1.945976717375483,0.4069928032861324,0.8083381796469741,-2.2777531935328916,-2.22808719698974,-2.3168427045549747,1.2632228281231872,-0.6549127473170717,-2.030111993948596,-1.7539005406928163,-2.2353089983421786,1.4853152437136836,1.4570027398867487,1.8341338604100117,1.281249947803435,1.969273426870728,0.5243312904846462,0.3709233725505541
2020-03-15,-2.1965761195157136,-2.238510255353128,-2.0521594669131087,0.7551178816351514,-0.32537385899051324,-2.22517682608039,-2.1055626013949866,-2.250049107389428,0.9057128017460252,-0.6640799791853489,-2.2923887086572536,-2.3018621288923558,-2.0447313619028615,0.37834360574459175,-0.818104724710436,-2.4095979937935783,-2.3721997991669137,-2.2349533278898606,0.5158362809324137,-0.5413456641262098,1.4319804135950598,0.7021872785941959,1.7846317655460961,-0.32843347550492935,0.2562926295473556
2020-03-22,-1.6137338457510255,-1.0957593237864967,-1.765072123909534,2.353683684165445,2.6223787681526343,-1.6523456106873458,-1.2884541745977096,-1.9588237769851533,2.4089901809538175,2.418727576389475,-1.6017045590757528,-1.1692784457664513,-1.7797108241176598,2.21456278693391,2.368027940396952,-1.5111334139118209,-1.1134185931242038,-1.7076001442596298,2.0639039149355263,2.0445218643195147,0.5129287572495309,0.11052992096513055,0.4283234328433359,-0.1374135602466799,-0.7039349919041944
2020-03-29,-0.669408039101407,-0.6979296220865184,-0.5771634999537577,0.2280174471862647,0.05502094654635406,-0.5449242988038815,-0.48838683767911073,-0.5056470056033551,0.3367914727802784,-0.22199122437216512,-0.673794995732714,-0.651412674687264,-0.5512187577675236,0.1764606941565224,-0.12275442481378968,-0.5854826009183645,-0.6837901131828206,-0.6757849855099235,0.4042096482957366,-0.6298091143891847,0.8435024173168747,0.8727523063899933,-0.24587135451781478,1.261555632459292,1.7000244453725102
2020-04-05,-0.0965738412831968,-0.18534957809619182,0.024288217624016607,-0.3894342855120997,0.3257740117582883,0.0534832273016429,0.22306824943887357,0.119982385625921,0.15154008853687814,0.8887894446263512,-0.15899319385228994,-0.045056513308249974,-0.05415476896211542,0.05335853798631037,0.7343044232714484,-0.020457066385955968,0.31830677392828927,-0.11993096333875031,0.9103834666715287,1.1262186699952592,0.05982559563706458,-0.47880684930017753,0.5744919021144362,-0.9333750486011858,0.22497824297179117
2020-04-12,0.41375083143116176,0.4723909355930785,0.5000061711679978,-0.42793807046933663,-0.70175086199075,0.36934204410593263,0.3227558925795755,0.4596094570697903,-0.5733961906333075,-0.5800460445408088,0.277414986077869,0.09576027027820615,0.42038897165239514,-0.8748936981584127,-0.2204908363657903,0.20313125432320028,0.04532574060320154,0.4051825663625809,-0.9146972926317045,-0.12974916585092897,-0.18086795734667765,-0.16560264309694617,-0.06307868302657066,-0.15924163176800546,0.5490256647149718
2020-04-19,-0.20114729365549955,-0.17058689359677345,-0.11602860553617489,-0.01637966330215125,-0.4956773598982004,-0.2391944941826331,-0.20929424210517297,-0.1622468382230122,-0.014892508946244902,0.17215410303452366,-0.20040332097824948,-0.14992983171019242,-0.24731554759091365,0.3360467972396419,-0.020410335063166963,-0.22306512419121202,-0.008338165636859496,-0.3659244632639933,0.8872736259654077,0.440545777481835,-0.39344849617029204,-0.5768251310478505,-0.14527820899585944,-0.5655106208161909,-0.35849958095333656
2020-04-26,0.2257382865493967,0.29313621278827806,-0.0810315706165106,0.7723974542935539,-1.537466425248,0.07782906036635769,0.07152166113174982,-0.04879501407194901,0.31648649843653004,-1.1104748447061896,0.030414242767202188,0.22747838247682758,-0.007610634645330467,0.4404823109702202,-1.220558820174797,-0.0720301996150974,0.07105132375731973,-0.11918829805442999,0.42838453147367256,-1.0394541487695363,-0.39417706809938613,-0.8469245290625733,-0.2954161564940864,-0.7117280408659264,-0.3716844779385035
2020-05-03,-0.2544748387182375,-0.5286449546883155,0.07833787404747125,-1.1286059072434662,0.2837483180874283,-0.45808807138861896,-0.7100328480649394,-0.2639470754161975,-0.9230109779634181,0.390226621080379,-0.1222120327975001,-0.4787929359440529,0.08123438977536189,-1.009983619600568,0.3117153030539157,-0.31667657464470184,-0.6774391289441958,-0.03776456036358283,-1.1584685888645991,0.34552258372121913,-1.3790286455878074,-1.3221090778986855,-0.8132737094688729,-0.9600189774712139,0.14831243273247086
2020-05-10,0.0022651090833793143,-0.257273519612042,0.2666601613039186,-1.0377764988976945,0.38637691914754646,0.09414281466215305,0.17106569763667334,0.23920566147020594,-0.24026907649474913,0.6003469596410889,0.24201708513848624,-0.004015922436929907,0.41980969085349523,-0.8565728393410945,0.43290896052167827,0.28944972120423895,0.35918776419291415,0.47440619272135814,-0.3393416037127069,0.6633554734873903,0.6777740868122102,0.7685948136025074,0.4515186841844621,0.6199136667997116,1.0881232492954214
2020-05-17,1.455794941061927,1.299079215379474,1.5264076875146764,-1.1342008400609678,0.3274340654994225,1.3662124816583254,1.127918248277482,1.3850079240369064,-1.069287440101883,0.3550742960748836,1.5933543705193722,1.3758445576487426,1.6027189985429269,-0.938016943271779,0.3693465616022278,1.5134626569166956,1.151909431749835,1.6180005506583521,-1.212947050508827,0.28800474324637143,-1.2236042203289648,-0.3564285398962,-1.4762423285054165,0.2733438891381836,-1.1384467217834284
2020-05-24,1.5113040081953306,1.4362115879480148,1.4929409527025732,-1.0371342027298642,-0.32502609372137875,1.4513535073215957,1.3713667001684404,1.3763240767657434,-0.8517078860216953,-0.5012114834565481,1.5116298869264428,1.4912501984426798,1.4227204931716961,-0.6996451305274825,-0.3702163462689707,1.5101089131233412,1.2780714148021255,1.5649604395876782,-1.2655068818767061,-0.35176956900089484,-0.5217557994792602,-0.14673736435245524,-0.7455819969981533,0.1769977457117125,0.6363485158377588
2020-05-31,0.9364113384211618,0.9416396029750703,0.9254622047158467,-0.5894173107969862,-0.7411153547148587,0.8392247384506598,0.840879956003133,0.8593540268624413,-0.5770602953534216,-0.9301689740099482,0.9754340119555358,1.0501661200402845,0.9451227638434876,-0.3590837530748519,-0.8406995984546312,0.9232405206382351,0.7778143349758834,0.8891832464963704,-0.6543296838359293,-0.8973515978428308,-0.9908150373252972,-0.7928375578108923,-0.604838621774676,-0.4944264419878594,-0.39725464671584865
2020-06-07,0.23236922864827741,0.2132678121490436,0.3170461370032904,-0.35830688569551783,-0.8034334083293364,0.1522494800047197,0.21546244307819892,0.09744740134120045,0.17841286028884912,-1.1723060084779184,0.24680428732070195,0.47117067261029366,0.2732587498317937,0.20288251834241583,-1.0088359698850424,0.20018396782556908,0.2988644497256345,0.176050715864121,0.11955082401425769,-1.1114947680992642,-0.05609447107136161,-0.09138841991057296,-0.2375801209755133,0.04798593729680145,0.5449720645171157
2020-06-14,0.22873372183140164,0.014995820880430971,-0.033242514329674955,0.07797099406141059,0.7460791317180061,0.14228571458559056,-0.18555020384484036,0.34976150667221756,-1.0495747891533491,0.23038550054550946,0.39611264243978145,0.26134459831370105,0.14813217398202982,0.03683329586618136,0.7811321940860994,0.3467765483556099,0.01757397964561743,0.4991010569135992,-0.8581728771836995,0.2824717283406815,-0.7953035736792387,-0.5779675473586794,-0.6505872096154859,-0.3285565447937923,0.053186637765485933
2020-06-21,0.20529425445222116,-0.08654341295102093,0.4801695004540259,-1.1089522401877092,-0.10215599511154748,-0.038807051133754766,-0.43535160986814697,0.2827194363945231,-1.4671937752216848,-0.16083474130661762,0.2951988169711963,0.09162184243248964,0.41487660631701584,-0.7055045911720218,-0.2414341351895622,0.1749014666555787,-0.24309076468927662,0.41895280102773447,-0.8976145003188557,-0.5679670996404106,1.7300592414100195,1.9352889417820645,-1.3486996680575343,2.1964409139702408,1.7082861513687484
2020-06-28,0.0939108350186113,0.26456636355793356,0.1339695244588941,0.1584614645194488,0.9236637351055158,0.1735041400795057,0.2192099178249327,0.05369894322498662,0.2976384081727128,1.1500686388253647,0.3459010908356945,0.4976677564342139,0.38715152471451997,0.06134465729013827,0.939778959746064,0.401280542179883,0.4572342569240011,0.24539413361224582,0.09853956787109062,1.0849568760254706,0.5893993168692933,0.12261429152358959,1.3682919524306065,-0.3823480715387065,0.35459168520390755
2020-07-05,1.2456954458301086,0.8746310081515257,1.4206942908512348,-1.378025620876528,0.30455964901564003,1.3737742399135657,1.1628877703019418,1.543646271092896,-1.3837922960212374,-0.22765489965569935,1.324839212078432,1.0036457669132837,1.5584808134063466,-1.4702743407119068,0.2390264926089233,1.3826415687328328,1.2337201333714594,1.379862497126407,-0.8862384249340148,-0.49947846007570895,1.2558775791554253,0.3837337471704819,1.7996583377175999,-0.3741355679166528,-1.2653388499516993
