Date,UNMStock_Open_average,UNMStock_Open_max,UNMStock_Open_min,UNMStock_Open_volatility,UNMStock_Open_change,UNMStock_High_average,UNMStock_High_max,UNMStock_High_min,UNMStock_High_volatility,UNMStock_High_change,UNMStock_Low_average,UNMStock_Low_max,UNMStock_Low_min,UNMStock_Low_volatility,UNMStock_Low_change,UNMStock_Close_average,UNMStock_Close_max,UNMStock_Close_min,UNMStock_Close_volatility,UNMStock_Close_change,UNMStock_Volume_average,UNMStock_Volume_max,UNMStock_Volume_min,UNMStock_Volume_volatility,UNMStock_Volume_change
2018-04-08,-1.2333185855192401,-1.142180209154361,-1.0220378317451884,-0.6549799357963241,1.2477194729867158,-1.2420800799036764,-1.2491262827167866,-1.1367954212819023,-0.6347086571611125,1.1753086629938834,-1.144994931637951,-1.2770978490411558,-0.9406850798841477,-0.7279256243958543,0.9742349261439569,-1.2302962650911635,-1.295698858965937,-1.1274647813323224,-0.3165906489017116,1.0150195075507193,-0.8335916551566016,-0.6892463353564175,-0.3775554259178134,-0.6139854554519127,-0.6049981275617048
2018-04-15,-0.8556345680431335,-0.8767177380018512,-0.647482569392096,-0.7952842853960684,0.8860385601662518,-0.9337316712021234,-0.9711269512762798,-0.7814398815006863,-0.8184296238260217,0.8894903305880277,-0.7277231796342638,-0.800047796259311,-0.4830399058045555,-0.745402057090899,0.8180288776974435,-0.7993496133419852,-0.8677301728246741,-0.6630248157343722,-0.6196414966714324,0.89348340351423,-0.08368238770026509,0.4049483821929435,-0.29832204190037115,0.5712340548679461,0.15413507478446623
2018-04-22,-0.6602453290131101,-0.7237954733894576,-0.49307752415229544,-0.7660783170681595,-0.26314851053158306,-0.6761618129818899,-0.7718074887550214,-0.4580290194216703,-1.008073834120298,0.2226810235429168,-0.5652082512639727,-0.6552077595546268,-0.22363655540490715,-0.8402071396929355,0.0197549152790329,-0.5862311865568517,-0.7635448206815801,-0.26466120860330883,-1.236080065921363,0.3769464199840293,-1.2673865421372301,-1.056833760937102,-1.4426066430832323,-0.5569651088064749,0.975202139906244
2018-04-29,-2.5087139865559207,-0.7382638355674278,-2.996977766270478,3.063538042398935,-2.7976346086017054,-2.4259142319541076,-0.7404687869386745,-2.943119306656684,3.0401414876864616,-2.8442013913042006,-2.484582150892345,-0.6847073067581577,-2.903261012193144,2.986584717438289,-2.7655071811654843,-2.5099542303742988,-0.9624183556704532,-2.880320464351828,3.052416705076439,-2.769202854541301,2.68543583879348,3.109831703856713,0.1876524197219309,3.175672802413079,2.4003133783642565
2018-05-06,-2.5729824375531267,-2.8649832184951993,-2.263221251128972,-0.06246227088197289,-0.23915458087247274,-2.6034959996272904,-2.8345849451578395,-2.334103866326778,-0.11940223203429227,-0.07158654984944489,-2.5892180801163636,-2.834960725622028,-2.2476310956098557,-0.1911715244224108,-0.1663069701925679,-2.5976026776940797,-2.8534180702207514,-2.249179293367523,-0.19124660428787377,-0.2477925681678322,2.0586068095950227,1.3944911382502292,2.9498991891335704,0.8525363531755474,0.35578623605991677
2018-05-13,-2.0045652638146545,-2.2519522626657698,-1.746187553278335,-0.5120013293615829,0.6184086809487408,-1.998871337725072,-2.1907734366672247,-1.780149245803431,-0.5317472816977586,0.6189410712705785,-1.9491258752125897,-2.204090471045577,-1.725648785957299,-0.6145936396554098,0.6058861154703069,-1.9527901411280697,-2.1819635329851157,-1.747836542783769,-0.5322518318779594,0.6882510774142316,0.8282950566428656,0.06897911851702285,1.7477991994706712,-0.40034639287993107,0.21865467392530819
2018-05-20,-1.5717598490397702,-1.7479944539979686,-1.3918064752644161,-0.5942453297367184,0.17803694747582155,-1.6012814976464833,-1.7338805592037032,-1.4388152830196477,-0.6066602104291703,0.3146114437173572,-1.5528729715468186,-1.7049951704841955,-1.3990894645710905,-0.6111537364249622,0.25788852284795444,-1.546905990582753,-1.7023636976477232,-1.3605465486995616,-0.6889729614656485,0.3513461528283637,-0.5582138171286044,-0.5153067296997412,-0.5971152059829553,-0.4044371138034136,0.32768342612856627
2018-05-27,-1.3856089663088913,-1.4105338778164183,-1.2715013271501299,-0.18302838862096105,0.681337440603324,-1.3589786559671133,-1.3681064352521084,-1.2798979723478636,-0.13187600780653885,0.7410170928004234,-1.403572909747319,-1.377571432043128,-1.3772891543816113,0.06444410445126426,0.9682898193495924,-1.3682185888262024,-1.417063893417518,-1.3661599791620713,-0.059803314705456516,0.9540005972350014,1.043409090378224,1.0247933573907329,1.3538606370181199,0.7627687241142889,-0.09814511626152864
2018-06-03,-1.0576821105307157,-1.1822080061062845,-0.9230573359393561,-0.5218591737972494,0.3983582272711463,-1.0693489705848438,-1.1694201869724554,-0.9820647930751996,-0.4283201919377436,0.33958359449688197,-1.0361017771348446,-1.158528077077974,-0.9941268753838897,-0.3490767910542485,0.34778912090036507,-1.0493070211741877,-1.1676632148463917,-0.9279851675480932,-0.5481322906020856,0.42856128716843483,-0.06058177209095603,-0.16775597192033959,0.3865491894510317,-0.3039360650293362,-1.5225641270577788
2018-06-10,-0.9014322274130006,-0.9701457791600613,-0.8081658674179936,-0.36153700043998105,-0.016982767554231438,-0.9236609164226008,-0.9788101029687768,-0.8135128435707719,-0.42127284446488056,0.05902562979693464,-0.8922711551722062,-0.9683411540301313,-0.8125886936082786,-0.37495828879105103,-0.08652172116946166,-0.8945673686518054,-0.9998116792007871,-0.7600890600729543,-0.5974973264173843,0.1706520790773773,0.27316953902299,-0.0030518243918320194,-0.46062015723067673,0.1331254014168656,1.5445602509140466
2018-06-17,-0.9125525514987554,-0.976237248604934,-0.809488134216115,-0.39739058252902065,0.08215888229818977,-0.9455450993053336,-0.995301015510023,-0.87683715015487,-0.31837810377411696,0.02777468992759182,-0.9067204657391256,-1.0120550494019418,-0.7921300250585396,-0.47767422326282827,0.08055099888839506,-0.9319526320887235,-0.9973557779614263,-0.8250928613849438,-0.42889760230576773,-0.04338240273454507,-0.5841042368936884,-0.2939745992902401,-0.54068176204483,-0.16725179997125897,0.8127384287994461
2018-06-24,-0.936468648273884,-0.943992809296213,-0.9490355645881623,-0.1373146551144825,0.07392687312107692,-0.9356318437835759,-0.9557500553172229,-0.9332537067731703,-0.17112352173308895,0.07193118283547599,-0.9766624043955922,-0.9685217855755487,-0.9746039590955021,-0.09738579928827631,-0.009983290695323485,-0.9710190973324263,-0.9446366206966749,-0.9441842454867658,-0.12922674007009688,-0.22271714966647604,-0.6519842066737954,-0.7477754019864526,-0.19709713512208943,-0.7722683678283727,-0.7420187761480875
2018-07-01,-0.8299376964830791,-0.8968703970221782,-0.7845201219070251,-0.3653593731027506,0.5529333292858807,-0.7894127873088947,-0.8334950462591361,-0.7111514489829873,-0.3898840504279005,0.4707179866578139,-0.780340066743681,-0.8769980365733344,-0.7137067304813036,-0.4240964052791209,0.48260011351152987,-0.7448093689107579,-0.8074562529114822,-0.6228202965985302,-0.486151734429231,0.3968730929431482,-0.7415590591412455,-0.7428106468337365,-1.0955548407152291,-0.4975036762439651,-0.3615629053085182
2018-07-08,-0.5015309470555457,-0.3978373968879655,-0.5081964579128847,0.07322130218290777,0.020475014970507757,-0.5126269932241089,-0.4538986762482306,-0.5435783557036977,0.03575815951532431,-0.29982175279203777,-0.5532337088596523,-0.5207788481007193,-0.5036742717380156,-0.14115076473406865,-0.06766352229054105,-0.5222957299193901,-0.4171388101445351,-0.5205754222428186,0.07746639976679376,-0.4067805736158385,-0.6369486415341193,-0.7227352703804863,-0.21190142317063992,-0.7408999133194587,-0.9071628996451211
2018-07-15,-0.5177508335868503,-0.6056315602829309,-0.4342921924021197,-0.4227037311727182,0.23261124735930183,-0.5491345629433606,-0.6153490135730735,-0.48843610749208916,-0.3902276731763358,0.15855151788254995,-0.49585401934204637,-0.5673874807120047,-0.42806379902245506,-0.370147663673088,0.10194376482540037,-0.49959927515506186,-0.583670468227893,-0.4119854507428296,-0.4007325367989675,0.08879725193634928,-0.9946594828879908,-0.7888047921173398,-1.111192979846224,-0.5434989596393012,0.022363877138122563
2018-07-22,-0.35323259561453113,-0.3266729771480621,-0.5714702523639098,-0.21282573846173197,0.7751407752233687,-0.23672886832929319,-0.22907288766930092,-0.03817834166571193,-0.2667115177588907,0.6805401741435941,-0.33008955415969715,-0.25259223913353474,-0.7145610496384563,-0.08043259640086782,0.7186643237968794,-0.174142937565579,-0.3060031695885082,0.08178196744956129,-0.3724822408947055,0.5504573460079107,-0.5665453738598457,-0.6241543291263056,-0.3530759520062044,-0.5901365375212286,-0.8848289588356781
2018-07-29,0.13264563006985683,2.0133567771016687,-2.09787848365679,2.951226742962709,-2.098712919077384,0.5780440279420369,2.385957354510358,-1.745038905537959,3.0186019793287486,-2.0541045488472296,-0.5142406052820735,1.2834780148518272,-2.2745248186195086,2.822485289001112,-2.028043168412594,-0.47752722885671706,1.3984477051557742,-2.2302229922642103,2.7350558741610764,-1.972358763723218,0.7400300951345739,0.8550336368916087,0.31910599404570145,1.0367448843714968,0.06318032832284881
2018-08-05,-2.5963005787128255,-2.2604383208065335,-1.983362363686064,-0.332905500040548,-0.6084780312297874,-2.7118663291670306,-2.13749329093268,-2.528013190991755,0.2479346798107279,-0.8100187189444936,-2.550750508065329,-2.497920688493241,-2.203964208473563,0.19175317943388848,-0.8098709453169202,-2.6630787243000733,-2.7095490546801915,-2.1677073226327144,-0.13747563364860255,-0.4523337772642887,-0.17309858809372294,-0.5280552965534835,0.46416956298923023,-0.9313035641155585,-0.32791430485540235
2018-08-12,-2.354576499217516,-2.039593586027526,-1.872879767853035,-0.4016687876090273,0.9036180270422691,-2.3508628252133397,-2.0442622001834523,-1.9918488682253173,-0.29422594451825507,0.9986662096431128,-2.240770842896406,-2.133085634990568,-1.6544028434675029,-0.47882618680380745,0.918339579755023,-2.210656411033227,-2.1293137643959277,-1.7965052062069604,-0.24757122995669206,1.019705276334189,-0.7134960868787098,-0.30795416612195675,-0.5653889833772059,-0.14639342589874546,-0.43141077866148647
2018-08-19,-1.5249202165021625,-1.4962478791348737,-1.26682013694244,-0.5694947974514971,-0.26103182950452386,-1.5630508071323597,-1.430840863128961,-1.279977523984478,-0.47900384723676703,-0.07914842522271556,-1.5077370833829635,-1.561104853627833,-1.164010094332323,-0.6480235764643647,-0.1467811818055266,-1.5895955196878253,-1.530649797542062,-1.4109316624836286,-0.13738434986909123,-0.07390168814430742,-0.773810691661215,-0.7738795632438376,-0.5395369723158068,-0.7661148658402346,0.21002870266160406
2018-08-26,-1.0134972234529824,-0.9073722674333577,-0.8098613687802564,-0.3111680089218056,1.1575247068051404,-0.827462533044525,-0.7349472366476947,-0.7150216514825953,-0.17182958017875247,1.035036995165167,-0.9920291911076868,-0.9806271395513259,-0.7561261430240547,-0.3754345410028722,0.9246628205239191,-0.8859461882987858,-0.9216356636911092,-0.678992351876373,-0.34357751650046564,0.9759716632324813,1.3038024866953917,1.4744096431468223,0.9864612791734289,1.3401536725139385,0.9306018199892455
2018-09-02,-0.3333993025351032,-0.4121577192219725,0.044683764348761236,-0.5956598137892589,0.4186882680879553,-0.19527773762679582,-0.3524380045616818,-0.11999460036447536,-0.3740216433802203,-0.21333916553313212,-0.3049924347798056,-0.4725460553264549,0.046096626328681424,-0.71203898152925,0.049617134092105476,-0.3786396165539751,-0.42000740781086093,-0.15318650523762953,-0.3920786237314397,-0.030152619800440796,0.7683991336993048,0.30718761797498223,1.1410318879885317,-0.11033249114622011,-1.514647392553135
2018-09-09,-1.1344762399828994,-0.856111177458267,-1.2251196722687594,0.00924711111433551,-0.04800632204552311,-1.035301579792957,-0.7338284373540217,-1.0005288700252084,0.021867909444682438,0.73651071801223,-1.2565869377560435,-0.9459260934698925,-0.9660294557069982,-0.13508988327594945,0.8133320070729466,-1.0582338350622245,-0.6976877177023127,-1.1449106588510438,0.5114882793627026,1.1778906912587206,0.5964364734994203,0.5370225168441664,0.9043361285897603,0.24281031738555803,0.295950846550173
2018-09-16,1.0595904860769294,1.2209305713878846,0.485801419324122,1.2100113410926279,1.9393633971728659,1.3962228100279808,1.495981596783447,0.5340653875966044,1.6361564102064365,2.2817435869482265,1.2770836673457775,1.5362423367859661,0.4865671076128775,1.5703990871480862,2.112251975698065,1.464097196368377,1.8244389170103057,0.08064119180724463,2.2173604329352594,2.4433272174010714,2.2953472358008886,1.816112252868797,0.4861180576071067,2.00211915753487,2.6808854118982337
2018-09-23,1.8009214011396497,1.4874687768034243,2.1301186656169238,0.02147508011937487,-1.044986621700368,1.6358580428637128,1.357284487703702,1.8787890232136784,0.05153316588792812,-0.9651602130986996,1.7103443689012099,1.3583115747357255,1.9476223803342734,-0.27528680692668617,-0.7660093059757462,1.542698566927696,1.1766173177156332,1.8542654500469502,-0.4668885005866566,-0.4587861816101255,1.561493708126228,0.8359950317923645,2.216625015279516,-0.14037727473992273,-0.5614268785466339
2018-09-30,1.4551022942230085,0.9317166615662978,1.8469128148839244,-0.8003838887883561,0.40999085199499197,1.4420247855502992,1.016613281002202,1.8512795741391619,-0.7533235243188856,0.37513178285813087,1.528324563734021,1.1957200042968827,1.8630660676501605,-0.6923193366653705,0.266444721836984,1.4414546918908178,0.9999502312272441,1.787488496139681,-0.8534422290861369,0.1285968878965983,1.0825027303317654,0.7694822469325096,0.8841643815609176,0.5145747491489467,1.1817772391457977
2018-10-07,1.1034527704388792,0.9942913616432402,0.7003932168820243,0.6619240418257849,-1.1098113512828902,1.0255830802973327,1.0361626438875182,0.5472704514483587,1.001730570072346,-1.5542902140624522,0.7846285867744106,0.9798253757333846,0.2412742532167882,1.1603536857240924,-1.4486438690925842,0.8249870780761915,1.2037673559189461,0.21786655024985857,1.3535896859865455,-1.5692793760285664,0.8694348051750439,0.8233079610400378,1.2966943069984085,0.3241565099977057,1.0979004976016278
2018-10-14,-0.050386047255507695,-0.16130419924807687,0.20040771180656125,-0.47906811363110724,-0.10880041281437086,0.0268350947157144,-0.17608400446646336,0.34384948203739646,-0.7205035419888167,0.37138177097816855,-0.0524027487418878,-0.24593870558687522,0.3873251108716325,-0.8378605874342173,-0.085340739617036,0.041601511002206035,-0.12664557899269058,0.3310588954856944,-0.5447980917875356,0.35636985797111576,-0.09498995941077334,-0.12949450922063757,0.027418474118817704,-0.16755536008198552,0.7142100458568393
2018-10-21,-0.9451598527229853,-0.1828378404182755,-1.4421488001797018,1.427695810044107,-1.8095932266688672,-0.9665767966809679,-0.4254468101283187,-1.2421978338836013,0.9084673080141044,-1.3551107877399386,-1.4055562991852284,-0.4189528917742587,-1.7156357203389898,1.5787708427632052,-1.488786264112163,-1.2424949188830114,-0.5863840177052512,-1.500769507187136,0.992948749503187,-1.210145673353987,0.7166572210424217,0.6667518815618997,1.6363893189779588,-0.10799072245974305,-0.047548499388014746
2018-10-28,-0.5996104777366404,-0.22685936977119522,-0.8100969576193994,0.9274265650821351,1.5169730783849038,-0.42105339439014455,-0.15029786126208822,-0.6201525337522534,0.7731762397908961,1.32778616470528,-0.6032714295987407,-0.3411657156329627,-0.900580984542599,0.8662719492725547,1.4791016380227435,-0.5168356522768345,-0.43211755183889317,-0.8560183521451274,0.5511269345666552,1.1743052533402292,1.6278557772775986,1.950855686271429,1.5562942673776738,1.6357066933921,-1.7153667981153229
2018-11-04,0.14929967393952612,-0.11399378605062684,0.44788117455288606,-0.8799232126484239,0.40368969562771884,0.21940531063713367,-0.0014500260514645966,0.48500001468407217,-0.7836673212339444,0.19208297236507366,0.3369508825616707,-0.06305906972061318,0.7194547291447237,-1.1033480443154182,0.07225729325859555,0.34657899666955444,0.08614239989785175,0.6004187522319804,-0.693109409404451,0.0487031214730929,-0.17607852788082154,-0.4991878349761059,0.11490625777357143,-0.7516014432691629,-0.6375440194443542
2018-11-11,-0.05650235949946703,0.19383205130394796,-0.0436678834836513,0.34626755194489617,-0.4955863698226597,-0.06567314279019683,0.08745070213702918,-0.17770321223616492,0.41203985873409255,-0.5281005499211031,-0.21395785190102962,-0.31158161694427516,-0.06412459948704818,-0.29590856394979964,-0.4440773223196946,-0.20676849207503778,-0.11166173068754111,-0.20981850413901418,0.13664453468738436,-0.5398830139475931,-0.1943837158966604,0.20352120524398373,0.721379498374164,-0.17806476862311926,-0.4085170965300248
2018-11-18,-1.4182050972792277,-1.4908369713700247,-1.060578829387739,-0.5355253414550227,-0.511971757208418,-1.397089461001153,-1.6204600216435598,-1.2382891885143796,-0.7491979938504868,-0.19573753600283683,-1.34803356968227,-1.6761966617776345,-1.0969873805293615,-0.6358093939205806,-0.0748621827647238,-1.4038143648242596,-1.7113998640372001,-1.0688879073646271,-0.8581141258662677,-0.03769437469000442,-1.0786863399874085,-0.7039911733308164,-1.8214268356013281,0.41722817515098853,-1.7220917936780455
2018-11-25,-0.889677595164979,-1.3118824537156777,-0.5524154494705916,-1.110383630242849,0.20372080502017093,-0.9161055404095575,-1.2593600524131663,-0.5459069571824405,-1.2633722939614338,0.09724513604703795,-0.6971069669772176,-1.050426862038907,-0.31821390883297895,-0.9343065106345463,0.02950490772154613,-0.7589819149336231,-0.9497312238280643,-0.39019490558734643,-0.7565977802129374,-0.15794373132800496,-0.8850412707290573,-0.6053982398107131,-0.2078954576135291,-0.5774649696407067,0.5703373807001352
2018-12-02,-1.60517958840796,-0.9694635691558016,-2.0015223333259007,1.9682524077819497,-1.8028992836414253,-1.7277436228324385,-1.063444034981991,-2.120244456855282,1.9294811508985918,-1.6465096497836769,-1.8621790442549393,-1.151019935876321,-2.104103893695399,1.8533743208851778,-1.6278440669986787,-1.9527613298540714,-1.2834470332598902,-1.9859315245793296,1.3380283550346188,-1.6207773925652411,1.3755524867173687,0.5995046594256456,1.453636804455323,-0.3993140684807515,0.41449505746917853
2018-12-09,-2.4122829546538567,-2.542000490067404,-2.2590967402944355,0.021914987019000427,-0.6117845975923595,-2.436012910141962,-2.5220131532046692,-2.303613453782671,-0.23568489533468207,-0.524121433883106,-2.3876884323501764,-2.600730515980325,-2.22625167296912,-0.23405570157752306,-0.47036343214204934,-2.4294374459618773,-2.5414288983373376,-2.2820485295286743,-0.41593194853629895,-0.48270967098297024,0.9833186186633198,0.05166604615479392,1.9191573543032636,-1.5128749234415537,-0.5591581511542021
2018-12-16,-2.230438075927135,-2.3993675232296954,-2.0996931802317302,-0.5931425534063918,-0.026671145869031545,-2.188256781693418,-2.2980428175186725,-2.1175183547541034,-0.3972177249405075,-0.19319937820960528,-2.127455606114892,-2.272651157385147,-1.9745643501010641,-0.5021149261257912,-0.043623325952405846,-2.165191613441049,-2.272761583626142,-2.0719702908776054,-0.49695670362565836,-0.22743380360076854,1.6389629161932058,1.7122264009510295,1.4378667702015553,0.819838580871299,1.2576456733820223
2018-12-23,-1.93420573325405,-1.914530770594745,-1.9014090097044531,0.16338508062918294,1.1931702171437255,-1.8871533945727412,-1.9522975836223275,-1.854259904544463,-0.3637903160181638,1.12983994470418,-1.8754700543228127,-1.8468131720522287,-1.8429482551055523,0.19616754052891427,1.2616580969579536,-1.770538109184721,-1.8244812574850975,-1.8417908898698252,0.0726299082139526,1.3353873749223473,-1.2324020345239948,-1.4293106785342768,-1.542583581037872,-0.33647762293672584,0.5562862728502157
2018-12-30,-1.2999802412178212,-1.3060173045903403,-1.2883628366125206,-0.08152155278591008,1.068887817050685,-1.229827736581287,-1.1850706354404061,-1.2675209334833686,0.19003623200235245,1.3495893839046935,-1.181653085721263,-1.156479491286964,-1.146403228342712,0.00997486720254994,1.1502500623993988,-1.134814442818391,-1.0340976359979563,-1.1024446134968546,0.12794751366967377,1.2778304785930876,-0.5460648561321065,-0.2218158407683095,-0.8412607667098482,0.688353345262105,0.27326665177135245
2019-01-06,-0.5854522151826513,-0.7253339551697681,-0.5078790572941292,-0.7027237117768386,0.6262385962568715,-0.6191768092752757,-0.7363346909777849,-0.5320252251213882,-0.7463150380652539,0.6494884878639798,-0.5364794164440227,-0.6655001511304407,-0.4844658576585708,-0.4592736543620012,0.7049919350072795,-0.5175478913802859,-0.6381332518245039,-0.4303042278876848,-0.785692508188562,0.6164806010556292,-1.3335412495272114,-1.3314653464431139,-0.7143691086182266,-1.2183300622458204,-0.04960212738651256
2019-01-13,-0.1766713829582494,-0.17975255466780807,-0.15564672793751824,-0.08940412286727974,1.0170354536673467,-0.17220441644459564,-0.09692951840294776,-0.16930545374956452,0.23674213591707813,1.0545220606785908,-0.07883390665181961,-0.05214413191756258,-0.03145677376088649,-0.056628848035868616,0.983586702338369,-0.04154730799869635,0.04703592944357038,-0.012633820182879401,0.22140790466755553,1.0686714716097874,-1.5247452511291153,-0.9184184829187445,-1.2579593720707674,0.11146485019835563,0.8592021942974557
2019-01-20,0.26670058440813754,0.06085752639906334,0.3932140271092512,-1.1034446438725982,0.10080831532019988,0.1793297366541243,-0.016403064997028892,0.37493283160461904,-1.301461234262006,0.09041730006463801,0.31278728900481567,0.15355879444296627,0.44076823261629966,-0.9345349443929883,0.09146646230843246,0.25461896097825837,0.08901640502107455,0.42320671118459463,-1.2759373691757125,0.11008668226726104,-1.5247800437266088,-1.8667294091419993,-1.0729449691171682,-1.8056379500885782,-0.15562046241323363
2019-01-27,0.3164146359369859,0.2864530119616827,0.3731931189794326,-0.3280880093828511,0.5782709354740494,0.2831108025296721,0.21384810368644158,0.3735074033988043,-0.5389556215225557,0.46137566191234036,0.3611811067702614,0.3606289484978788,0.3584098606690762,-0.09389190720511648,0.4788565436967053,0.3743740933772547,0.29917965538624475,0.4228444493627858,-0.5214496318565323,0.3639530092372737,0.05878623826967825,1.7113784220913633,-1.1576442867583556,2.7656180658369753,0.6798368491697192
2019-02-03,0.7723347743238762,0.7805149875233387,0.8477057667240993,-0.2539764950437254,0.22925164851688434,0.776456373797441,0.9089854733591842,0.7251261919988233,0.5992072855742274,0.3977388745630224,0.6672121463104314,0.5275252554686648,0.7273694863475091,-0.7148019455852063,-0.1500007773767747,0.8141179678837884,0.9432363943866409,0.8215908673500912,0.40398267024063456,0.17057198253082145,0.7395266897969716,1.361665754279077,-0.1127395562652478,1.5239866480062,-1.911218616153603
2019-02-10,1.034331681636399,0.9545337562540204,1.072435880320116,-0.508975862567015,0.4122553883268339,1.026481885310676,0.9060431069511989,0.9933142860062939,-0.29031366362439226,0.562705108475035,1.1186104686832639,1.0342129295758942,1.0763889278388779,-0.34884488009493664,0.6196271476704984,1.072307887288554,0.981169055028822,1.0287339517624248,-0.2945712951977185,0.6328078132413788,-0.9285893643950551,-1.1424560895287785,-0.6044127656377397,-0.8338549126630558,-0.7984779339044588
2019-02-17,1.3696487052055148,1.2738131038794454,1.3177369143855866,-0.3423481853447185,0.5887701787118981,1.4063363996733216,1.2376747202890008,1.4439376280260512,-0.733474651562427,0.2194042433214484,1.442673728702028,1.3503211719271893,1.4163352855142581,-0.5160764144104064,0.5077923511821976,1.4341211168132275,1.227403676926774,1.4454616682877552,-1.0351785234332185,0.1831693642692061,-1.0547689949966768,-1.0765479705262295,-0.7976395931564098,-0.6801584175323567,-0.959595726346609
2019-02-24,1.4564427014582448,1.3100671287290346,1.5622999912775613,-1.1137682108073006,0.05313318155415782,1.4789865997408191,1.356799601463581,1.545047774304142,-0.7291459690058221,0.12086265263428274,1.5250100470716645,1.3755712937412974,1.6223556782386792,-1.1845545628292118,-0.02736010663047921,1.4571534079015656,1.2798078097153094,1.5251346817002205,-1.2503022128269707,-0.039784308894402126,-0.7590898901372269,-0.7883605098571516,-0.3426806773473495,-0.6739598812833544,-0.6808822272753461
2019-03-03,1.089030610810678,1.2196145768897502,0.9219552175127048,1.3302694162445827,-1.8731527838550708,1.0425103345211948,1.1661114611228656,0.9291284314097882,1.06423738615957,-1.860266251826118,1.0247486564035302,1.155907450923401,0.9560315525338206,0.5852294613344733,-1.6240885049799028,1.0142019809361902,1.0426142155616758,0.973733083787798,-0.1074229696656923,-1.4289150637118735,-0.4992783350955423,-0.296881725579852,-0.3725300654741237,-0.10293013695042182,-1.3817236745144108
2019-03-10,0.8024530318860121,0.6855419636183026,0.8978825370196669,-1.5377807919642401,-0.5083182459180524,0.7744979267936735,0.648407207169148,0.8812805191632384,-1.3515526122116315,-0.1842446869762216,0.85357630713648,0.7439917388839118,0.9349626098379186,-1.577539655272538,-0.32878259664484594,0.7775928948801494,0.6657862667090186,0.8601310323351131,-1.4074203093380244,-0.35563067528586545,0.21289430998646777,0.6842298102932866,0.4256295736302365,0.5861514129405664,1.5100020817965263
2019-03-17,0.5165541194136022,0.774485258607499,0.19059741497526467,2.1423776384035116,-2.1593618029632835,0.47560737468653413,0.6979132367111344,0.10361216153602873,2.056859287454502,-2.3871515373581866,0.3498279061127806,0.7415617647536843,-0.047986196732269275,2.4762480032088043,-2.6210801560194135,0.3059586636994697,0.687959152798727,-0.1034762219747213,2.3920518792818823,-2.681940328052087,0.9788660356715638,0.33459402867965177,2.3098635387227784,-0.3501346925530027,-0.055162260733326786
2019-03-24,-0.4054679699548018,-0.5905512681333575,-0.2560659376946281,-0.965068649094128,0.2618380439221976,-0.5187533687389198,-0.7469544477245518,-0.30744451505663906,-1.0925621362059414,-0.025013782913985674,-0.4167577288268552,-0.5812058050801086,-0.2709469748373238,-0.6807290403364895,0.2712331646457439,-0.5168053589964097,-0.7569608730969358,-0.3844580737945689,-0.7213590261885423,0.15644766619800146,-0.33555743042810277,-0.6587577611946629,-0.38923262911738554,-0.5686095891454419,0.19588257204350917
2019-03-31,-0.24551867038369773,-0.38499788929111634,-0.2425317310452096,-0.343990706062635,0.6380073123391055,-0.19872654169794435,-0.3839372890182176,-0.014015156315984554,-0.7703613930028412,0.2421984612421307,-0.14387780435785824,-0.24032537921319597,-0.042400493933605864,-0.38071239562939735,0.46668477558471877,-0.22862300147063078,-0.41969198540077113,-0.18022342048817774,-0.41357652571247194,-0.00720017770258011,0.6294165924887044,-0.06757173938989679,0.8803402993041104,-0.33429306790017216,0.4796528518435241
2019-04-07,0.09145936272102244,0.6106547984672905,0.02484528937143432,1.0764367631216631,1.343854437338565,0.25103165692936685,0.7486092087423442,0.005667914906269603,1.2048010797464417,1.3918130424892978,0.22725249243420856,0.8110549499509615,0.1301448615407002,1.02346052570262,1.2278484323707803,0.3300839385755453,0.8504641353833612,-0.03607396260049384,1.244753443993824,1.1538226716447724,0.5339169958764762,0.2962309715038207,0.48436816482664147,0.15944618120622484,1.129281236598273
2019-04-14,1.3550109521066243,1.0846929467506632,1.5313639621014887,-0.6951757036565945,0.10144842330180306,1.366199391283507,1.0200968981325849,1.6110912662763508,-0.7613536961699771,-0.21097864666623434,1.3262508967384967,1.226721023099403,1.3074368308651894,-0.2601615609254174,-0.2619152813508807,1.2159304384022749,1.0358542437019775,1.105120715941789,-0.19191861614160385,-0.3588277870178427,1.5839272240967508,0.6093061301987139,1.241321618167643,0.24508984585402224,-0.7512066066698825
2019-04-21,0.5064277412351271,0.2500986362591246,0.5992358141991967,-0.5961734260780409,-0.20699038438374245,0.6393624690952244,0.39200594709677433,0.787591204308278,-0.6078963389938172,-0.40517105997513786,0.4995265918768252,0.271655153008363,0.41607132569902966,-0.2843737853320274,-0.03964363214090797,0.6155543868058524,0.47104625755405916,0.7376761171111597,-0.4972841773807164,0.11143916352591832,-0.4892678439426335,-0.6769840279595755,-1.0185245048094285,-0.3505309443924076,-1.0188190332576588
2019-04-28,0.6774090800660968,0.3062112536909319,0.8877806923055087,-0.9243592485118768,-0.07276110292814396,0.7251250100475767,0.6883656534257195,0.8557830997682331,-0.30439713281964637,-0.15201963034907412,0.6042497871944023,0.33969220911927167,0.7281962866929529,-0.658024829478408,0.06393512582931198,0.6557933700253076,0.3598413956917884,0.675621364916604,-0.5489226284102501,-0.13696319298522172,0.8969489450882098,0.5851395300150172,-0.22289740432109786,0.812571016816386,-1.1055222171951784
2019-05-05,-0.21974469342060562,-0.21437781757371877,-0.2206522409503045,0.032244728627331395,-0.6187536147241257,-0.11389589686099595,-0.12592270577923448,-0.043473463965584366,-0.11849712035825707,-0.39391315234164853,-0.20265850404639996,-0.3173609153657317,-0.05171138447283785,-0.31379442523973844,-0.35971939469090736,-0.04609141280315883,0.0364158404960975,0.0947215363713287,-0.09410190524496309,-0.2926784731263551,0.040658119080844296,0.486199767872518,-1.2617269476984507,1.3653795296090454,-1.1139877860449428
2019-05-12,-0.9685608789831684,-0.9892822737362482,-0.6666737838988684,-0.42088207224306856,-0.5471018155823096,-0.856068544332579,-1.0502492832702286,-0.6601796017111209,-0.5917971798571664,-0.1588058468596467,-0.8991305083602025,-1.1229638546022656,-0.5709719746450032,-0.5989092672511875,0.19606397429263944,-0.9238178517415377,-1.0459903001485042,-0.6822192378111052,-0.3246698830189431,0.2682196660320015,-0.8755686777066326,-0.5588478486639155,-0.26764342720268386,-0.5268721643200234,-0.719735062649134
2019-05-19,-1.1634331136110887,-1.1472899535287513,-1.354781874109664,0.48859135904722334,-0.7646020202672958,-1.227063276739746,-0.997271480473341,-1.2769552244669944,0.45412226623218765,-0.5570888262655364,-1.1820293460759375,-0.9840230073151907,-1.416163264613198,0.9129151028429717,-0.784937095390946,-1.202354426893491,-0.9052266705176183,-1.3933675452238719,0.9726477330128326,-0.4686261847516325,-0.8577845601643623,-0.607383748777534,-0.526652692599376,-0.39150447765858476,0.3592149847344131
2019-05-26,-1.958965302567055,-1.7249961091588102,-1.9650515376579893,0.6713807899363572,-1.0669655158508393,-2.0117126371824225,-1.781847231760502,-2.089751394630541,0.733684852806231,-1.0641007952832013,-2.07756569772252,-1.9605767007690655,-2.042397205994461,0.6023192188964386,-1.0083079911778718,-2.119761273976162,-2.0831133878747297,-2.0810081912131744,0.4378289562327399,-1.0246140255836098,-0.9555760246804865,-1.5378187168749418,-0.8320707178258329,-1.3715678437752403,0.2795339910265324
2019-06-02,-1.633946680448553,-1.5489107176780936,-1.825699152504,1.1629466655211569,1.6929758629169298,-1.5255896006328362,-1.4827803998348037,-1.587719783507179,0.5592415485443838,1.3938860231136683,-1.5381066814142934,-1.3996625958989075,-1.611014447197491,0.886148674493298,1.498445238341412,-1.4040940160764908,-1.3673715312720751,-1.3337838654630016,0.23920001194529344,1.1038220969343067,-0.3561265032622202,-0.26346092090868584,-0.171579462428035,-0.21526200139958063,-0.9495276176745319
2019-06-09,-1.0676137822570488,-1.2158559053930094,-0.7894114048887333,-0.6090812188407273,-0.2544824160550811,-1.1163603225122967,-1.1588655686843852,-0.9189703987440703,-0.34192161706638663,-0.4769471332171641,-1.064003367026678,-1.20664857459215,-0.797564882673047,-0.49742604880384983,-0.36987408728147375,-1.1471133643893616,-1.288888602567148,-0.791168046330485,-0.8547158524550854,-0.08230689416410578,-1.3577579323348912,-1.2206343259221841,-0.9331366408463475,-0.878319066430223,-0.08481838392469299
2019-06-16,-1.1998592321676196,-1.2859997343867353,-1.0613143364869768,-0.14220975530164356,-0.19672397277987938,-1.155789398378685,-1.222849444409631,-0.9606344926837617,-0.530268092294191,-0.2280063514568298,-1.3236233827872708,-1.5165624965100524,-1.1258640496494337,-0.7064249386279178,-0.10128644764145818,-1.2838015518953074,-1.2931795272350932,-1.0301561021693761,-0.6659559659986248,-0.0551751714793608,0.4919391389107398,0.49236012862978673,-0.8367042893849661,1.051472611797871,1.5400642708109238
2019-06-23,-1.2326975556281319,-1.2497344724497252,-0.9791799374301101,-0.3323598407806388,0.6666169699973277,-1.2185352599022004,-1.1554127895183648,-1.0453124934855678,-0.03941104494782349,0.9486632835738822,-1.081989343339778,-1.0338003043116555,-0.9065036677616937,-0.06637461703183355,0.7875228934401257,-1.139169656963194,-0.9846822932240331,-0.9980605869724948,0.16681814657603855,1.2331880207718187,-0.06135978986485846,0.40572446144126995,0.589152245263331,0.14025913036773077,1.3458831897036525
2019-06-30,-0.22579496339877186,-0.40892899152795764,-0.03501495463801302,-1.003296632863343,0.3915540611066356,-0.2222074014799283,-0.29320040125482455,-0.04422782807741673,-0.7478621572980833,0.5860879380238505,-0.1297965768974459,-0.23422044722835433,0.03095250980049146,-0.7272463424173436,0.35205271994501214,-0.14737129996617368,-0.34368707464263204,-0.03852801964510041,-0.8705104432058002,0.08815229163164252,-1.2970388025550927,-1.1217893782873978,-2.2750025453715317,0.27820389304681636,-0.3841845067145932
2019-07-07,-0.6376226681534933,-0.4199513602085674,-0.5806029567260795,0.825448923654257,-1.2201598977545196,-0.6247912716823684,-0.39802617616580604,-0.7888505978962991,1.7506960376872815,-1.3938763699326122,-0.5508496933225018,-0.2773769201529623,-0.6654236770481003,1.3526307096409502,-1.3505433847732273,-0.5647510644369663,-0.2732895641783451,-0.699501723142496,1.5743993724721705,-1.4011423708903015,0.13077751827576903,0.9909172153062786,-1.0790929371435745,1.8380502778698142,1.2087780460983368
2019-07-14,-0.8384264956746591,-1.034756214076792,-0.5458092181961472,-0.9883003760635337,-0.07574855326224948,-0.9022488641029754,-1.1180349756987567,-0.6531810753638805,-1.2191338129515716,0.41172177838336127,-0.8082167277922631,-1.1128497517273719,-0.5425485326520286,-1.0716419554202845,0.5055418314194774,-0.8626771232543768,-1.1256556479786672,-0.5737773097778927,-1.3272187822273869,0.3896218774800507,1.9980835561268397,1.3269765715525805,1.6837652254176598,0.3914562855061271,0.625577197322627
2019-07-21,-0.7774284906438015,-1.0048243563863928,-0.5192688509414638,-0.9363043840416906,-0.08472577728679248,-0.802474196674808,-0.9995917057866288,-0.4664664463219509,-1.3842719354262667,0.2810225635659637,-0.7258803242717062,-0.8683048424913447,-0.4608586369673136,-0.6817733189589212,0.05644141366732908,-0.7077712401617199,-0.8879231017006533,-0.6042153164018921,-0.6111667549759625,0.7179774825106013,-0.09675668893750304,-0.1685498962164019,0.5988957167976556,-0.5503103491235353,0.30250538463905036
2019-07-28,-1.4121598016889723,-1.0312774740932937,-2.1533566549573884,2.518635930518485,-1.9666388269909578,-1.4310210486975592,-1.0536396918032844,-2.1543850788796326,2.5099583980957054,-2.0207270045964734,-1.7663594554471203,-1.2561166999644202,-2.085698545846661,2.1255520039966265,-1.9495299374559487,-1.6980456286706933,-1.0421127170142972,-2.144639371791271,2.3892244449561937,-2.2184577310114073,0.394344294619994,1.6246977170408616,0.20624557707355534,1.5464827549611997,0.6027807970116661
2019-08-04,-2.8260755527134487,-2.9131692609354163,-2.4593015098519357,-0.2779769028600275,0.23613446631923296,-2.789679364254186,-2.8587959456760745,-2.456693085174844,-0.2079554670098428,0.0991157571769,-2.7171768583903955,-2.8449063593307375,-2.4903121235894443,-0.27955331209735296,0.08865057867555538,-2.7011557931483807,-2.801100148317091,-2.411346720728329,-0.5390963824563961,-0.08420330654398148,0.8129910780560926,0.8661047232816899,1.531691163733409,-0.06965573291811922,-0.43212038376623396
2019-08-11,-2.4930783601202338,-2.3995623357341302,-2.3945490170417627,0.6584365061529254,-0.9620557774685744,-2.4514051228194833,-2.3124391588378646,-2.338816751902438,0.6926859104779437,-0.6033456676014285,-2.445306516668173,-2.358634742753984,-2.381295927117332,0.4496974740320125,-0.7017427922144555,-2.462664184461978,-2.331295930350447,-2.490601093628758,1.03215885986332,-0.35319114189073675,-0.10292273429736404,-0.47069085079562606,0.694961478395135,-0.9693652358797697,0.08974744694667831
2019-08-18,-1.9582208100166698,-2.0295630660763813,-1.7362026174911331,-0.7051187798937664,-0.14304265811229566,-1.9953678894640472,-2.0864169208604406,-1.7789234780013992,-0.807330576982196,0.0012731900781344295,-1.894808131859085,-1.9399681033467502,-1.7633178124218758,-0.4093752707026568,-0.41268990524563576,-1.9622035104343845,-2.0744159528954293,-1.8104585978818515,-0.47060874013315124,-0.4345557169219577,-0.3814982437536599,1.9863738869469494,-0.8740457061754442,2.3356323405486843,2.0965803198023694
2019-08-25,-1.8089596669121781,-1.7915498873925662,-1.7980823220816378,0.377603022471293,-0.26121687180020264,-1.8361066633525263,-1.8225462870053353,-1.7852769944533822,0.061069454628412005,-0.39499505520027284,-1.8118268745552206,-1.7643730491858765,-1.7091442446941105,-0.01761475480829845,-0.3644193016654896,-1.829889918477771,-1.8023161293888257,-1.7267156217792408,0.040630757048101124,-0.5358095526085025,2.1494446077430007,1.198567841057744,0.8476438685782913,0.7083531634843249,1.3180743446568222
2019-09-01,-1.4993255173643794,-1.5154656628275478,-1.429486907515365,-0.049074701559199144,1.4985007378383297,-1.4570807089759636,-1.4312930570082942,-1.4603166841819064,0.38363688242082267,1.6397804349330325,-1.448577774479291,-1.4612260829579888,-1.4509550863486889,0.2614425231536117,1.5430052572393624,-1.408088436585449,-1.4319774292406893,-1.3688962764129622,0.006810640472305826,1.372103751395329,1.5872342284857874,1.4344015480503205,2.1632935107271387,-0.010884635940333428,-1.6794965027529505
2019-09-08,-0.5815267591767908,-0.357390825705148,-0.8149646645498558,1.863066843699064,2.1863164221653646,-0.46390737893034883,-0.30775803986106115,-0.6537565365213106,1.4224669149009461,1.916671846681822,-0.5445598366655146,-0.3288246093639605,-0.7460313607534227,1.8743183874613358,2.046957762023254,-0.3893367040160723,-0.33782303002196734,-0.5652140740377538,1.001046737394826,1.7463340434038188,1.4499731995376002,0.339910677222472,1.8614601127166763,-1.291701450400939,-0.822351722781359
2019-09-15,-0.1536965783931881,-0.3037015898006169,0.010056010717358427,-1.0566148073667678,0.312918076694344,-0.13889638486510014,-0.23996440092809646,-0.017390571942316625,-0.8009623362010071,0.3345597258226654,-0.09514115720801997,-0.24212336287518824,0.04522139041191763,-1.1267378558273724,0.15860838187826667,-0.11757490420633447,-0.27476938929160005,0.03845975992912886,-1.173530299848552,-0.1121175298397922,-0.7646296597239746,-0.2848417561724748,-0.28553130081963873,-0.029304775392720455,0.8051026246495189
2019-09-22,-0.10154676582469965,-0.22134215116050415,0.026985886952094477,-0.7946147319957237,0.5114412874117479,-0.09968407676657598,-0.2330466157085859,-0.005453964048489809,-0.7749148679783486,0.19430896552003937,-0.06479160489223766,-0.2043915916267475,0.0581764412265015,-0.9548829340977061,0.36864599421065153,-0.0811595210803672,-0.22196875310530842,0.06367718756830365,-0.9850675067733533,0.17781602727310158,-1.1782197490400919,-1.5415953611812623,-0.7352125997191034,-0.9777477750750262,-0.524974427710208
2019-09-29,-0.39748375220253546,0.013337686419056877,-0.6646857470904526,1.7823570572571157,-1.5712188085374361,-0.43998470647918664,-0.08188478468539812,-0.7051899690552973,1.720993317373949,-1.4207284568556628,-0.5250284702430111,-0.07062665999149503,-0.7175733884993878,1.8585451760757854,-1.5769710647805573,-0.5278155543498277,-0.07064323050383525,-0.6889140203479903,1.7182489324987882,-1.5132301759526665,-0.9481788795102476,-1.0950544772603463,-0.19014811906746645,-0.8877394998937319,-0.6910434380071664
2019-10-06,-0.596641433582252,-0.5415060875419174,-0.4732302392042249,-0.0845089358224665,0.8305765786032433,-0.5797944481107141,-0.43942789976886587,-0.6110696586476244,0.5122397065697265,0.9677557835939451,-0.5009635850710088,-0.40375593133531534,-0.5009558145310372,0.33939312005061006,0.882399081489489,-0.5498850160688901,-0.48493591336714253,-0.5635330373249995,0.2845140659167646,0.9193529744664094,-0.5510823977818518,-0.43346932980708897,-0.2471374329433371,-0.2568892889604068,-1.2763396380616645
2019-10-13,-0.05383660287218752,-0.19864567920601706,0.14882752750244221,-0.6908812898308027,0.2783145476009306,-0.05810442157111347,-0.24862459987010635,0.18284486676328002,-0.9075228184966109,0.17772126729578017,-0.004385565783786341,-0.2681891685994073,0.21200429414555486,-1.0332625692384803,0.3482679867939682,-0.052961426381409334,-0.2526285982898075,0.16187757101089675,-0.8945911744822612,0.17645010134959369,-1.6343480450734236,-1.8649213345780877,-1.6210451339761345,-0.8999958539018054,0.5386892830924727
2019-10-20,0.38689415407934374,0.2512522855836289,0.6661535064390914,-0.572728290631743,0.002728779421956557,0.37561299765522715,0.17629875716475826,0.6259385951269019,-0.6791915110274955,-0.07289597526889564,0.4766161026083001,0.11145434216525354,0.8068102130219377,-1.0946393793344737,-0.00048329700675162676,0.4860026415798006,0.27561452772935885,0.679333851647817,-0.6284996738830582,-0.034961873299619896,-1.4850821038880062,-1.872087262515434,-0.7946327772132229,-1.6861314850135836,-0.2473570842301771
2019-10-27,0.22491329025126613,0.09534206526113959,0.15873331914424565,-0.1092705856775326,-0.41713701645060214,0.3269693114435013,0.13633196349488508,0.3514130182641931,-0.37326561058826613,-0.25560909972327595,0.22933654493773228,0.3091760358835061,0.10051344936803021,0.2570894877022175,-0.4318567982128808,0.27453754773400657,0.17841968427592242,0.15752937439945794,-0.008410692775335916,0.15493232934395834,-0.36756690903640904,-0.3117242587263444,-0.40717574043489146,-0.09054494733879824,0.853653311984463
2019-11-03,1.2762251901801607,0.9938524618687608,1.2118443388469577,-0.5196534201015034,0.5464573367590824,1.2758331087158397,1.1079048954912432,1.2214768255760027,-0.37326561058826613,0.4674226616937722,1.2734994447548016,1.0991230807723995,1.2316721325623505,-0.4900946124334132,0.26538634412136525,1.2633973328636314,1.1018407884925585,1.300040644306198,-0.6858244947612819,0.6345316328846076,-0.6774274097487698,-0.6400506389837182,-0.4781124393760687,-0.45219784121401596,-0.5282879753518706
2019-11-10,1.1611561003434745,0.8250860944383931,1.3279703572042212,-1.0048801557388714,0.0888368225484931,1.0401408121346536,0.875310686141047,1.2635556541033053,-0.8838247391625168,-0.10926180260878497,1.195602533629204,0.8707196158865057,1.3412722867383715,-1.0545123320593917,-0.010827517168736821,1.122719915959576,1.0485465414465804,1.2491678491045262,-0.6951944041835801,-0.11859326783702828,-0.8010184042392621,-0.7623994961465734,-0.9513726482312465,-0.2630852761856767,0.3521362617152421
2019-11-17,0.8905773777476114,0.8251694430779745,0.8685118002904646,-0.32478364375441754,0.209952051968424,0.9003966160865798,0.9171954670365947,1.0078335693981098,-0.4680675011163473,0.4708180988642348,0.8922176279770341,0.9861619302953222,0.819675721816769,-0.054329637251380895,0.6345492661712608,0.8853793561338412,0.9400500849163779,0.8761143326130553,-0.19347881467793587,0.7461116883561935,0.2586291780248981,0.5740196954728157,0.5275444461165008,0.4069664390576673,-1.3981893126503968
2019-11-24,1.3734766372544251,1.2354995419742056,1.4152140135069986,-0.7207308367062476,0.1423758769963789,1.3227082182598466,1.3268139833951056,1.2272208467548495,-0.37649851444639193,0.26703267359062927,1.3930002257990677,1.3572391789878437,1.296707298356929,-0.4768065174779932,0.20841452474245561,1.3530733144335125,1.277270343020508,1.305626392335107,-0.5888904416620243,0.20693620559373463,-0.5919906253253585,-0.9618141437877523,-0.7119132142562202,-0.9231986077384595,-0.4313960314467332
2019-12-01,0.7576764263070838,1.637573753758364,0.4005798106529886,0.7842542058351105,-1.0980966235581728,0.6133372352728333,1.5836564056959161,0.5119248079591038,0.7737653935537665,-1.446134201648446,0.5429685810363651,1.4555879058973615,0.49668303494810434,0.507075344853716,-1.1717574330440224,0.3205881791755872,1.1329577819551124,0.30767865886635604,0.6003071350831066,-1.1365520574380956,1.4811357816571897,2.2563457506332143,0.5359545760438297,2.6986165418964805,2.2586313763295554
2019-12-08,1.046645091413877,1.5860013830159638,0.6562924926385546,0.7595460833611999,1.4588790155147453,1.1893035973509642,1.4383034928666056,0.7433570798012843,0.5384759488671013,1.3846479339154893,1.0089201841911364,1.1066427432512886,0.6313115891820802,0.18321838105867055,1.0802286769938783,1.1442883114915585,1.5265885868431233,0.809957751465696,0.4489542938311784,0.8207269573773504,1.8142011357390666,0.9015743783675427,1.6654767294030286,0.3489472346912027,-0.4563096797613663
2019-12-15,1.022924867765472,0.98513397609732,0.836418186351521,-0.0352581382597164,-0.8525206436839083,0.9016722203717084,0.8558919773453462,0.650328979064094,0.0599169552631857,-0.8874700374018026,0.8723664229495145,0.9956353188364899,0.6676927096105744,0.0773475416414538,-0.7566861123142323,0.7302204741094397,0.8314767790749925,0.5860456713349668,0.06486383049043418,-0.8844157037498079,2.428146745471344,1.8825307829096967,2.597689896463416,0.8604080920936554,1.3009947191993003
2019-12-22,0.1629704284257543,-0.36484610498704273,0.5253765438430908,-1.0773723863742168,-0.055006815467305445,-0.06379822566723592,-0.5699952595508309,0.27491028082285446,-1.0584386372985786,-0.2505786286545228,0.20240056083380684,-0.2719118127563917,0.40245022345002424,-0.8324068767128038,-0.23554936584799716,0.012860856159723082,-0.4071531130466278,0.182542809339494,-0.7844566896462304,-0.4320498991537095,-1.247282901595245,-1.1428636822915865,-1.490169020612455,-0.5593326375155705,-0.13025164761154817
2019-12-29,-0.19825210470306204,-0.4083107923658232,-0.046510395338712464,-0.6175063006861411,0.13388608203350474,-0.2750604477973378,-0.4572651454002396,-0.038018377205652876,-0.7384311471101772,0.16145168108799118,-0.14356938270773792,-0.3634763044316092,0.17666810941502853,-0.8661459605846703,-0.03204924398243838,-0.0863259654569048,-0.1473751319835807,-0.049840113971703306,-0.19993913588226256,0.3446531394579606,-0.29578779655879855,-0.37595388931775464,-0.32983445002063316,-0.3318611629524392,0.3676200282464598
2020-01-05,-0.7601671532480867,-0.7893918747589149,-0.4390530689364416,-0.6048694189547671,0.10782996516799281,-0.8699781995155262,-1.056866137203416,-0.5530815461701525,-1.212484329592232,0.35007559166720104,-0.6640358948709494,-0.9456263652602029,-0.42587469281510126,-0.8869609136058183,0.1493292510169713,-0.8121923449284382,-1.1357199245116998,-0.4131849597748855,-1.554845969741469,0.06209136916196657,-0.05172420341538213,-0.1451021153819909,0.3810921656308728,-0.5820473559650592,-1.1109236767618522
2020-01-12,-0.7729819953333309,-0.8235099403661962,-0.6022575329655672,-0.4099977799217816,0.43170568854207797,-0.8422026318178196,-0.6796790392809864,-0.8173821875136732,-0.13892233631000914,0.5466348243260931,-0.5510859157515202,-0.5050400653658667,-0.4910727853850934,-0.05784466055422877,0.7201658858165667,-0.635070761647278,-0.7068235316427878,-0.6337518765859504,-0.22432621031393674,0.4845278632180346,-0.6157856405838928,-0.9103092785603338,-0.2660245166536123,-1.2086500699679992,-0.24527884298974745
2020-01-19,-0.8975492649124139,-0.8916842153866477,-0.6407317351577889,-0.47860301090057855,-0.5701260471452722,-1.1744405490749976,-1.1989674909082972,-0.952299025947808,-0.9234073543118968,-0.6019048500851227,-1.3838551465937954,-1.373714116675156,-1.2926185846986922,-0.12379471382806519,-0.9582657234862668,-1.2226108795178217,-1.3357216002462502,-1.2328960676795024,-0.3966656916344902,-1.0527322432802062,0.06274755901967238,0.4948150321078268,-0.33226740532095816,1.047480814303457,-1.3597178411670854
2020-01-26,-2.5812476463565366,-2.375509329485061,-2.555912359140644,-0.7463602144905869,-0.46007045710579403,-2.4252275596317414,-2.1535887208366984,-2.6677566565968642,-0.2867076997471966,-0.4863248936433695,-2.531325219323966,-2.3089272577201045,-2.6535161782818464,0.3461175713489079,-0.6486192710206471,-2.4965153370980695,-2.332896994016866,-2.5936721646625562,-0.004197318759212346,-0.46475016051890355,0.5282949853290986,0.7541798817308321,0.4891084927197043,0.7672416893240975,1.0500400797915799
2020-02-02,-0.6736366317432875,0.7155095515180372,-2.024620883522683,2.740100202303958,1.972997921744762,-0.5211783012454669,0.4899018612807338,-1.899571019312761,2.711692776935348,1.9475465785180697,-0.8885882291410009,-0.22113513559977033,-1.738597382245234,2.430562564661513,2.0564522928762745,-0.5518137226671754,0.45868909764921634,-1.7210818685899818,2.8977801178693716,2.4226368921427115,0.8259280680776835,0.49162799537530855,0.9490395086606855,-0.04921269833746935,-0.08372081475714326
2020-02-09,0.6573578193377281,0.3073193014477082,0.6537817931640015,-0.3215222060210821,0.5710983180164428,0.6116492442812652,0.31496878325083744,0.47700870489541364,-0.13676480141568526,0.4824125180055563,0.7916520130847626,0.4822441605003166,0.5785113335445317,-0.19902921068428503,0.6370990769150169,0.7721959524084409,0.4348738778446064,0.6622951692206587,-0.31169410310331275,0.5153109548988077,-0.27873195253179983,-0.26538623531640726,0.07891482079593154,-0.4688104626371741,-0.31973208394402586
2020-02-16,0.5450517584448015,0.010025513980024105,0.8267327309817146,-0.8118069906393132,-0.17871258993203984,0.6884926365673448,0.3043570605986651,0.9315112573962102,-0.6635375283548383,-0.294826960057785,0.6088440609729459,0.14088802038122397,0.8830736455777661,-1.2095780474722453,-0.17179713423570903,0.7194604267064081,0.3701577795859216,0.8982319524498629,-0.7258737905053747,0.24301721309582267,-0.7016482064113365,-1.0332345392203284,-0.10313341636311892,-1.4178677215746671,-0.3883891359031408
2020-02-23,-2.523549073243589,-0.7282264530833898,-2.9225796558531036,2.7303761855741464,-2.8503605125224025,-2.529943162129343,-0.9515342773060416,-2.912679374115716,2.769733406279885,-2.7624396877717348,-2.711923454092157,-1.686204632567311,-2.9053371293428993,2.920025523018386,-2.7109379601955808,-2.737004944488481,-1.7945107210651823,-2.840337758608343,2.573006814426361,-2.630775122934284,1.6421057134009367,1.5174340153163581,1.5923907034343434,1.0461569097367132,1.3125425009053362
2020-03-01,-2.7481228473755777,-2.7116909475567965,-2.583015917360649,1.5818750633877066,-1.3045631643643207,-2.6734161471074707,-2.6359600414396795,-2.525074672126799,1.597816112977458,-1.5788790528483267,-2.6903042592697517,-2.9430809654378405,-2.5307506594804106,1.1083563516175472,-1.3170563237734243,-2.6178555726790824,-2.5351845401595012,-2.5693250134707486,1.9934105966963542,-2.0434342813523148,1.6039655536445723,1.0510680733285185,1.6336639102339607,0.0899953164864578,-0.7038477952278958
2020-03-08,-2.809598842739083,-2.966000090488076,-2.5875195798431565,0.8425927173762899,-1.191803021834435,-2.8381650446317277,-2.9894932246272305,-2.6711019796175606,1.1286697531937175,-1.3379091937956165,-2.8013489928504347,-2.8992273934327724,-2.689234760453591,1.1878966124441976,-1.063896870128226,-2.796843210386724,-2.96046132941621,-2.746583170859511,1.7976851441184,-0.5026513658433587,2.3076122501339555,2.2390357150084657,2.3959179234900594,1.489689850872396,1.4951623390939028
2020-03-15,-2.5250381060576284,-2.633644840569722,-2.3308478588833563,0.12047958295378926,-0.5405530445175494,-2.5305076580982795,-2.6793877136940356,-2.324753607787521,-0.15218448209200855,-0.23045676224744752,-2.434463216363014,-2.5031126568494746,-2.2805285724455904,0.324333311301123,-0.6464142493184832,-2.4759841446089492,-2.6040671111548566,-2.284906269076202,0.555500588483459,-0.5941678674950338,1.7518782189872961,1.0823946083702283,2.146488531122005,-1.4002437031011605,-0.14562921976140603
2020-03-22,-1.8080275734977351,-1.7691250412350796,-1.8377214561623456,1.0983113950850352,1.8457577218304924,-1.7064735343775566,-1.5926197974453526,-1.917864866400127,1.965464650868623,2.2842697966739656,-1.7303901698985882,-1.6645159736467763,-1.841261936623773,1.8501650755385917,2.0955045724040837,-1.660479178799767,-1.6714948076910692,-1.7913429356023614,1.6901940514148905,2.2518551162942537,1.38143412521231,1.3040523190973368,1.3468938289648043,0.44339354900268346,0.08052244715980374
2020-03-29,-1.3522436333366903,-1.331159576607267,-1.272587534981153,0.39002793161675237,-0.8312090590843407,-1.3953857889185322,-1.433889960338831,-1.250766667743151,0.06020460615034893,-0.642165077039915,-1.3123263555306601,-1.357791280962682,-1.2087747158718705,0.08469719342673133,-0.5167606512068564,-1.3657091903269756,-1.3879793256067476,-1.213643326292862,0.26811557300264877,-0.7462567046801991,0.03129420100954413,-0.11258481041433034,0.10465107051072879,-0.4044559833874943,0.2544919304191985
2020-04-05,-1.0485103456624654,-1.147024724776671,-0.9106899051102216,-0.5424299915941322,0.6702978829868789,-1.0578231632793036,-1.1189890637227078,-0.9186120496982831,-0.29124562168176316,0.7772413676953767,-1.0294810057259032,-1.0882669175240305,-0.8961370569576227,-0.4327046759483943,0.7779179660479728,-1.0757207775305229,-1.21805780891391,-0.899493424522764,-0.6593348216828387,0.6408309322096973,1.040732968053957,1.309012301273413,0.14140770045781376,2.0608137896075576,1.9790172909173587
2020-04-12,-0.8711950735992515,-0.9464421159720716,-0.7431805958936607,-0.588930447882809,0.2196360380293393,-0.9113908117087073,-0.9672096145770684,-0.7808784099927388,-0.39518921512656874,0.15003999465795084,-0.8238124037751114,-0.885021246063175,-0.7147840595635616,-0.5075485990539501,0.41851405709858597,-0.8483804925010641,-0.9433977601200356,-0.7339819331791749,-0.454384636165679,0.07138828876823758,-0.12506152313798233,-0.3329794886889936,0.054073106078932585,-0.606577503045979,-0.9791431672536348
2020-04-19,-0.8206013515600018,-0.9576383591175026,-0.6619797546478182,-1.0643597585420495,0.22581516667702714,-0.8462259534421005,-0.9936432226876014,-0.6707944105170173,-1.0429080322204114,0.18449798311518992,-0.7437381973654169,-0.8775971526940598,-0.6122388924425827,-1.0551932723864017,0.1288852383263173,-0.792116628744342,-0.9370250595410735,-0.6336398604636889,-0.9777699758930911,0.20733287820412175,-0.17797262094238173,0.3762491775965213,-0.3625076255350653,0.9985423304050425,0.8562724080834199
2020-04-26,-0.40938555229821405,-0.4355476312632554,-0.41423249952500124,-0.09370429189202953,0.6841435927802161,-0.4338614186157035,-0.47575955851638824,-0.36579994388374976,-0.37433802516639736,0.2563878625520876,-0.3538845777929523,-0.35677079734704886,-0.33673834341730013,-0.028918352767393105,0.4171522016341564,-0.38063186755078027,-0.4416825800329711,-0.28658643606756934,-0.5446813347908017,0.21822298325753078,0.5556608740285763,1.195247205649964,-0.22419620367109994,1.8429172704372145,-0.0895358640349629
2020-05-03,-0.5497561888614627,-0.5857341213603774,-0.44581652784729975,-0.4915607929329592,-0.11216801000093399,-0.5464172502252911,-0.5630818999928844,-0.388499212104611,-0.5444660456954082,-0.27749269302186913,-0.5059025725975931,-0.5306918708588272,-0.41749003887479863,-0.3864925885340423,-0.27706774748933977,-0.5236001337221589,-0.48632338939170056,-0.4657860325387672,0.0606084870486518,-0.3335308981397992,0.4283040744942439,1.0677914293234576,0.2323137857145809,1.2103778959524014,-1.2246139512415395
2020-05-10,-0.6081221215150526,-0.6261958194626935,-0.5777742742073408,-0.25550335683368014,-0.210856662064107,-0.6641883490299417,-0.7489489649151365,-0.5423425909563984,-0.6724913253776135,-0.052217857808678804,-0.5773066245923845,-0.6236946972542293,-0.5197142126678549,-0.36063406362184597,-0.2173536158767726,-0.6125771882789541,-0.7403158969908155,-0.4547586984994204,-0.8938207904554752,-0.043380816802984654,-0.018714816686549132,-0.15773347646938018,-0.018410602533292228,-0.1787035652499171,0.6515977562244287
2020-05-17,-0.3887928350408079,-0.5571181273579485,-0.14241108155863957,-1.2267695992201169,0.5077569486374532,-0.4724838141851466,-0.6367371135320157,-0.18614291659896873,-1.1699246063868514,0.18578725162667897,-0.2921389789255173,-0.4909519887891075,-0.019660832258135096,-1.3523774444436627,0.2581071928426072,-0.38054509834926536,-0.6018986070948538,-0.10489446953871052,-1.308116421219771,0.15091502917581867,-1.4241447862133247,-1.3778292837511577,-0.8240262397563625,-0.8349397537535213,-1.3428174767502623
2020-05-24,0.2422435866540494,0.08186741589574843,0.5169092010538382,-0.7540373664971697,0.31378602245831155,0.11837215579452462,-0.07084337057115012,0.2945784856854101,-0.573901087789005,-0.030783388615629435,0.260098705209852,0.12075604131729456,0.45101441009983745,-0.6983948287396096,0.01981890632027994,0.15846647513951323,-0.06437683550005886,0.36803555533084553,-0.706196276094775,-0.09348168139736909,2.4945013866010184,3.100511028882779,0.5183229994795797,3.101803708494397,2.9321349904617264
2020-05-31,1.0899155387670665,1.8034066623694378,0.6953258819585121,1.487772970152902,1.7403172358047005,1.2478334798904864,1.6234911136043606,0.9370305408218801,0.7360059665792206,1.2500667054509966,1.2138000585047146,1.8101623375871376,0.8434588801918778,1.0114570545790995,1.5191005807568838,1.3343559790177537,1.559950627155056,1.052528863311378,0.34357919215357907,1.1584315533463547,0.013547505159121303,-0.39071323730414736,0.6777773589245325,-0.5849296939688345,-0.49454659676686724
2020-06-07,1.9078404039656656,1.8327245492368998,1.3832404858402154,0.7066070903128548,-1.0634529402977757,1.9454874229441617,1.8955466000808217,1.3496129417536684,0.6714287942025123,-1.2731605248312858,1.8071491266524249,1.9315592646014077,1.2507869398908376,0.8927892938094626,-1.39060078081729,1.8608375623726239,2.1723128707898827,1.1169132056145037,1.2860266631602937,-1.3320750276967066,-0.010258982162421411,-0.2747340992827993,-0.14330463141279856,-0.24789962116985356,-0.9416988476896794
2020-06-14,1.1844600729376449,1.0573214334111656,1.0457263772045446,0.05288095946269985,0.5707415480862614,1.2285108887759388,0.8048752875287739,1.362468257812632,-0.7156234504448974,-0.003410132960977205,1.1080620036528177,0.7852227957127536,1.065507407513992,-0.4826680182590554,0.13015211915626249,1.1123347437204953,0.5551810538809583,1.2333004554749132,-0.7969830729413135,-0.31945145755901005,1.6113271804555294,2.1366545317642873,0.7576822737767895,2.1464670497444014,2.0371768818619516
2020-06-21,0.2131986688342694,0.04335726290541145,0.39688169004001445,-0.33901553523151234,-0.15545468393323578,0.14347944548111125,-0.12295817571724384,0.49719413128581347,-0.8223439164902582,-0.19845330456389396,0.3064584698859924,0.13058735326506007,0.633531830574367,-0.5541710856771608,-0.3765925085600377,0.23877207755212576,-0.2034050955246817,0.5928154340707191,-0.906829627319599,-0.26138857020050493,-0.5858159244282358,-0.531869980674759,-1.4446175475715188,-0.3817572646577658,-0.06627364631537166
2020-06-28,0.23758207791766048,-0.1339975227436967,0.9195293230836838,-1.018384675262247,0.2775694575933907,0.14832175822127128,-0.2776185812662532,0.3891490184162716,-0.8854674835514098,0.4988163098022829,0.2946523976183101,-0.17509949579205705,0.8056611652169566,-1.098942967251491,0.34537545429104893,0.23170476409359805,-0.1268800405801632,0.8548880704742321,-0.9598142169333633,0.24100236256682833,-0.7580196492584673,-0.6227754238470612,-0.9483106117219513,-0.541534280878384,-0.6701050441840699
2020-07-05,0.5249273976201041,-0.12425570622443509,1.4524522611532387,-1.4429388294759653,-0.11636318406957948,0.30223155643480426,-0.20650791224941925,0.882220258584373,-1.2256831531657624,-0.04587411913188419,0.5881861805261971,0.04429354441324913,1.233288287465668,-1.1489101246660522,-0.17057772669090115,0.4255108707357032,-0.0020815743977542003,0.9529127405567281,-0.8408625920761631,-0.2111584808001452,-0.8148816051092563,-0.6981992340048855,-0.5344251434432457,-0.6799983826465527,-0.188322058189924
